track_id,track_name,artist_name,popularity,duration_ms,explicit,danceability,energy,key,loudness,mode,speechiness,acousticness,instrumentalness,liveness,valence,tempo,time_signature,is_viral
track_000000,Song 1,Artist E,11,214071,0,0.7957962893885334,0.7514379330856781,3,-13.28559818493671,0,0.0029346820983931787,0.5203314536891825,0.07438433885525855,0.14573199492754518,0.6847914050225976,145.0562792662014,4,0
track_000001,Song 2,Artist E,19,170235,1,0.7256660469967509,0.878709207150594,3,-12.813166946543252,1,0.018619459354830118,0.4198933536328478,0.007971768572950103,0.18149729038212117,0.3374891533725133,79.72939149646677,4,0
track_000002,Song 3,Artist F,2,260736,0,0.564329179567133,0.6955255418595557,6,-7.1870756939766665,1,0.2869313547764486,0.31398410894479917,0.2578130237772013,0.26586261834278574,0.3395228049269165,63.55867774417332,4,0
track_000003,Song 4,Artist A,94,205333,0,0.7876278197268776,0.6596127560792087,3,-3.685757153304227,0,0.03236766849595037,0.305600711977921,0.0399653928523561,0.2201406317095456,0.5282132570657347,76.7811514267156,4,1
track_000004,Song 5,Artist J,3,234693,0,0.6584309311037017,0.769370657555962,1,-6.452752920906695,0,0.03602230417263695,0.16821385785755344,0.019365957550475835,0.26691745671214534,0.7890238141861243,72.64056780761716,4,0
track_000005,Song 6,Artist J,37,205470,0,0.7322851655276931,0.5390540201753489,0,-10.229135746949732,0,0.2671256239865895,0.16266205196608838,0.14035366754054754,0.03913951550496466,0.4442968459407849,161.6337950418335,4,0
track_000006,Song 7,Artist J,87,247813,0,0.7081393213757026,0.8549501657414503,1,-9.17263495696528,0,0.08744890148386723,0.09838522069692206,0.0763701082889693,0.19200229774941296,0.4526890617616879,171.2735824958308,4,1
track_000007,Song 8,Artist G,90,179696,0,0.3337029799581761,0.5338395953442137,4,-4.398071732804892,1,0.001871841441544528,0.4285600108782145,0.14577579983814562,0.293759821276298,0.3751455143160903,79.61176213311336,4,1
track_000008,Song 9,Artist F,20,204358,0,0.6867908341172416,0.7584927714367803,8,-7.661835469611834,1,0.04993590856504726,0.2442321333367091,0.048717524488445775,0.12377324985177898,0.7614048475018961,175.16407849235216,4,0
track_000009,Song 10,Artist B,50,256978,0,0.8846837222669921,0.6242810953658865,2,-7.350841182021521,1,0.01676087421002688,0.25499537802317795,0.07326153182844382,0.050617878614151304,0.45702425943720326,120.99420581490475,4,0
track_000010,Song 11,Artist B,54,131564,0,0.8274810817241806,0.7126670531718701,3,-12.896036761327938,1,0.04474201865016922,0.06753590748378506,0.009006284160370132,0.09727326627580063,0.46922077455196753,140.56638490262304,4,0
track_000011,Song 12,Artist C,35,229407,0,0.6006290190898127,0.7992493134953192,9,-6.820635972326523,1,0.15346241044885295,0.3951158297094852,0.16061194499362494,0.45342430332342903,0.21918741032020977,74.43734163703057,4,0
track_000012,Song 13,Artist A,34,144276,1,0.7780453881426769,0.8398753258267022,3,-8.118745342520567,0,0.012297631332104864,0.24553110336875986,0.09103370815216882,0.22091635720041336,0.569952332179612,80.52467503688356,4,0
track_000013,Song 14,Artist H,15,244086,0,0.40100419420523925,0.730410863573648,11,-13.997991399615975,0,0.040208513439167155,0.24652206508717933,0.035196483672994695,0.18688730388922967,0.7116974313034865,121.08701642491783,4,0
track_000014,Song 15,Artist J,93,155059,0,0.9537831759305002,0.8065836844654868,8,-8.722825869958214,0,0.024992773578602582,0.5648142801947621,0.009319509815520169,0.2241251334155214,0.7932192120182195,64.52423315535107,4,1
track_000015,Song 16,Artist I,14,226734,0,0.8945083169096777,0.8061936934875142,8,-9.981083564512574,1,0.1633285988917812,0.33570876147226575,0.2399027613231315,0.13688679719712804,0.47401065970307005,187.84320531607,4,0
track_000016,Song 17,Artist E,41,275622,0,0.9130039273677856,0.9122520403495209,0,-6.93959178712972,1,0.007696990300351515,0.30430283093157423,0.049178580622283176,0.4007425630473875,0.5520235037177276,137.6741851959116,4,0
track_000017,Song 18,Artist H,14,138642,1,0.47743684701332384,0.8364056169536213,0,-9.094604483045542,1,0.0075163731737013335,0.3919271934579421,0.05026124175122286,0.4568033685978787,0.6318803888694132,144.27095537573445,4,0
track_000018,Song 19,Artist F,5,266486,0,0.5175709347568541,0.8836461197942599,9,-5.407075213091488,0,0.15242170105219327,0.3093750205833351,0.009505205812809382,0.14627684502750196,0.3624683550067498,164.94627248120224,3,0
track_000019,Song 20,Artist D,28,120903,1,0.8482933776412592,0.4869021978028972,5,-11.070031773865024,1,0.04691683821852843,0.03490358836271783,0.08139822445549887,0.5360931931936975,0.36057069268398934,190.71685532638244,3,0
track_000020,Song 21,Artist E,15,137610,0,0.5792569645243597,0.3033615360328934,5,-11.905166075460722,1,0.12358367624795842,0.17580008405926364,0.021013447045719152,0.10372095584167172,0.42084085411905925,123.59751611067395,4,0
track_000021,Song 22,Artist D,29,285836,0,0.4198204906042909,0.28456779987470304,0,-4.791270479802543,1,0.32368162722218874,0.2804873407302734,0.09700949852166489,0.23981344314111783,0.4161840315837519,182.80807571383517,4,0
track_000022,Song 23,Artist B,90,240388,0,0.9837652879161357,0.6243781501079966,0,-10.302214677581977,1,0.05098590902869441,0.1259023703209695,0.0403401778891912,0.1266069416972454,0.4380919966908919,139.78455588198432,4,1
track_000023,Song 24,Artist I,49,207388,1,0.47315797844927876,0.7311380535503712,4,-9.163710216052706,1,0.17372814807727444,0.36682179508307194,0.08767277422740336,0.34397333380824563,0.3492156616691006,189.1499133648214,4,0
track_000024,Song 25,Artist D,40,249014,1,0.5398980709571667,0.9227790025260655,3,-13.504047825560798,0,0.04637249996641674,0.5165667855247009,0.02218720123034151,0.49381689895770686,0.13062607553577554,64.7430824345233,4,0
track_000025,Song 26,Artist A,28,279504,1,0.7354050403148878,0.6692533130492269,5,-13.975803983056274,0,0.019996289968094678,0.28175651418414227,0.024448855849731402,0.2071390933409487,0.7537708882219287,167.1498793492737,4,0
track_000026,Song 27,Artist C,88,185296,0,0.8830711026132867,0.5022567093184844,1,-4.5960748798617175,1,0.00302948567885962,0.514309690041867,0.1359643412283882,0.05960144181281932,0.24058664429561008,101.04068223654185,4,1
track_000027,Song 28,Artist G,30,185285,0,0.9016141622183553,0.9484132302304772,6,-14.589262670153651,1,0.13122090110423842,0.017279127080126834,0.10847077313157914,0.09602589466817855,0.7233356425700297,62.57469471664534,4,0
track_000028,Song 29,Artist H,10,218706,1,0.9378500468230798,0.8405267830136475,4,-11.835794368384603,0,0.16721423910299033,0.4030446990963655,0.05223242001420404,0.014247510466540747,0.7098803798835924,160.66642672579437,4,0
track_000029,Song 30,Artist A,23,124544,1,0.7070050593252576,0.942265528331192,10,-10.98907331019647,1,0.10562067116257894,0.13967250145806592,0.004639643017211726,0.17850076403678516,0.4645494598277111,194.14391102055026,4,0
track_000030,Song 31,Artist C,13,219054,0,0.7466603254793497,0.7094091739752822,9,-7.940834916360828,0,0.017309242218713352,0.24459808715996076,0.26388516379055893,0.18020957634317095,0.5661538841370481,70.77344822808928,4,0
track_000031,Song 32,Artist B,14,220834,1,0.9128469628811008,0.8154316368179699,9,-4.480015465650606,1,0.002764522050241077,0.48725874527145374,0.06810331860568414,0.07438770201019708,0.5635109625315287,92.70508514698739,3,0
track_000032,Song 33,Artist I,91,251583,0,0.7478844581850883,0.8417247041866274,10,-4.155312393896754,1,0.0195494045414445,0.4110151238583872,0.027875781783189765,0.13287009351135012,0.6037938546863714,81.54542688757971,4,1
track_000033,Song 34,Artist E,47,156244,0,0.7833825447647644,0.6196743466409471,11,-9.279878060035578,0,0.24627046248971013,0.33223765339141825,0.044079931504950605,0.09471312798558876,0.13260034828470552,108.69328910630702,4,0
track_000034,Song 35,Artist F,19,128496,0,0.454187539740073,0.7545579800678486,10,-12.13571962438779,0,0.07836603993043527,0.380680807328598,0.13000189552904998,0.20429852962172537,0.7576587085789459,96.37250134898237,4,0
track_000035,Song 36,Artist A,76,155575,1,0.8162739255602287,0.7741612643538768,4,-13.769883264111849,1,0.018382279716340977,0.2221027715964131,0.0546924319014421,0.35793914965542584,0.6400861654261907,179.58936842461924,4,1
track_000036,Song 37,Artist A,18,247192,0,0.5386448506466248,0.7473823318805994,7,-9.811982387488777,0,0.2379732112656402,0.394746949233042,0.1502970705884761,0.032152111762608564,0.6300354174656045,171.55169590096386,4,0
track_000037,Song 38,Artist E,11,163634,0,0.9028451052992589,0.462022439476798,11,-14.229492755098391,1,0.07239844666439292,0.3561579811584681,0.3265861128732474,0.27605767848397045,0.5095431864572246,139.926630258183,3,0
track_000038,Song 39,Artist G,79,282717,0,0.5809462784485251,0.8020664678922125,9,-10.236920685580847,1,0.26235254959671994,0.11282777868926588,0.1999736854140331,0.2567851523074331,0.45871798041771716,127.81578266036568,4,1
track_000039,Song 40,Artist E,12,135797,0,0.7498665766201711,0.8911721274934868,8,-4.53859720089358,1,0.026642401371876196,0.19505220856935207,0.020736356308102125,0.21335361597445443,0.6485402493062533,167.48134432934924,4,0
track_000040,Song 41,Artist G,9,241754,0,0.43629016858597075,0.9610261483706328,6,-11.678066433179382,0,0.05798346186095491,0.052660441133602236,0.12049731341442685,0.4091217269183404,0.40613618382878675,141.1180859080901,4,0
track_000041,Song 42,Artist C,13,298417,1,0.8534899281566739,0.6751569607566317,10,-4.395483964070969,1,0.04613751221465212,0.2450449682353012,0.034077222305899296,0.0790294969353361,0.5827471303997765,97.76494561237854,4,0
track_000042,Song 43,Artist F,12,137084,0,0.7873246712587404,0.804413660452917,11,-13.219881588454934,0,0.11837785516929242,0.46901001164936773,0.0170374321702375,0.08847666915646644,0.5170481003862072,152.62852905196053,5,0
track_000043,Song 44,Artist G,93,181331,0,0.7315413733260737,0.6960592307833887,3,-6.881839370673042,0,0.21636214427346256,0.3773085597639645,0.25803745517729343,0.13347213040071845,0.5531471262907764,186.1925909423822,4,1
track_000044,Song 45,Artist C,17,216917,0,0.8447867220040265,0.38836083250320613,4,-10.434963549206428,0,0.07924853585165406,0.049217133399757695,0.049359976931637656,0.13447107820895735,0.5547189148811642,134.704356541763,4,0
track_000045,Song 46,Artist E,98,281430,1,0.7136853434525942,0.6504478279896766,4,-9.249801246676801,0,0.022831011641990338,0.2334527387649426,0.06550854117687241,0.1981186378789726,0.32502227981697046,74.96276923326414,4,1
track_000046,Song 47,Artist A,37,185158,0,0.8421316447367079,0.756680030899987,5,-7.877537170522234,1,0.044157794979256725,0.6743650767776287,0.04523044393302488,0.48611303361593755,0.8206147665276767,180.79159085605198,4,0
track_000047,Song 48,Artist D,12,146957,1,0.622143494918042,0.7914832924974629,5,-9.650509025073251,0,0.15184136963112735,0.21570503897320029,0.01517108014349318,0.13618562272622378,0.3947297232249433,134.61409011718695,4,0
track_000048,Song 49,Artist B,25,272767,1,0.6420585296670829,0.8511635180828289,8,-12.95426474191299,1,0.014704685205627819,0.10109029956807122,0.2671094384383656,0.14939985573247094,0.3843603512965551,175.649468235354,4,0
track_000049,Song 50,Artist A,40,176967,0,0.7809124507104137,0.6378363834204357,6,-3.691355770773203,1,0.07734399047899428,0.38240923997757753,0.2006735937401817,0.2101045188980614,0.3918809763136409,196.5854281203881,4,0
track_000050,Song 51,Artist G,34,146015,0,0.6844449930991835,0.9036623738424109,2,-3.566429668784469,1,0.02212973357448733,0.23073436812794024,0.05203101024374308,0.003209456786476184,0.7112972529799172,68.58894779549354,4,0
track_000051,Song 52,Artist J,91,288218,0,0.6773274931391737,0.7489727055150457,2,-12.866803345785021,1,0.006981550368284364,0.19194006072468367,0.10015172033517078,0.12294017692473945,0.6599283077928096,61.54437702001061,4,1
track_000052,Song 53,Artist A,26,241139,0,0.7014987366705161,0.8911086226679287,1,-7.448414327871166,0,0.1579432066120674,0.24605704178525964,0.07545470448919081,0.39983555499790696,0.7033075797442945,193.74685611054997,4,0
track_000053,Song 54,Artist A,90,135169,0,0.9270049622205452,0.586184647207508,10,-9.598506810962885,0,0.09798708997502346,0.07654562601525176,0.00966926023147452,0.0654702826882816,0.45173225494229136,73.77539095987562,4,1
track_000054,Song 55,Artist I,97,226081,0,0.5075036785917564,0.6043282323168061,0,-11.935038183777365,1,0.1287920100249505,0.12172905597322121,0.07322438411611615,0.21534178921289923,0.6979362941915594,192.03061728425905,4,1
track_000055,Song 56,Artist C,3,156368,0,0.44977450566196764,0.6738553407663418,8,-8.471801049806981,0,0.1292902775226174,0.2701630500363129,0.019812494308168258,0.18718741311015252,0.4864776532350985,162.5922162672751,4,0
track_000056,Song 57,Artist C,55,237632,1,0.906097235376915,0.6945251620331796,7,-9.46131030696252,1,0.12588372831590539,0.16962809163240894,0.07999631747020948,0.1303421137795736,0.6258754120317029,61.54442599674521,4,0
track_000057,Song 58,Artist A,30,229211,0,0.5917646585001779,0.9124234894038701,3,-6.335148741567156,1,0.02742695096201386,0.23966934057129585,0.12084228900998857,0.20191504208892758,0.548878898471159,149.10869114688157,4,0
track_000058,Song 59,Artist B,25,210042,0,0.6590905143035214,0.628180660354459,3,-14.24949327723158,1,0.15836323711587577,0.2419859579326483,0.16115406025859216,0.04772320851774916,0.6402114348831495,191.69509431614767,4,0
track_000059,Song 60,Artist H,30,161291,0,0.4255739775222677,0.6886229240120414,8,-14.91564955423657,0,0.011404609687149871,0.38695817174523023,0.008459129439116322,0.16725738977555163,0.38783364408802373,128.25996711427382,3,0
track_000060,Song 61,Artist D,42,203634,0,0.9791921783440044,0.7960517462881084,9,-5.065579496133926,1,0.028487189753458597,0.09155154692547592,0.4305978385941111,0.3871058833328475,0.5276661750952186,161.19400244918774,4,0
track_000061,Song 62,Artist I,10,137716,0,0.8556007635994206,0.6789200427750599,2,-7.18831839418855,1,0.02872293387629016,0.2951728511926117,0.056933529855621286,0.12482507527017062,0.3882641901174178,138.11730342956957,4,0
track_000062,Song 63,Artist J,11,293872,0,0.9254415914411832,0.7801796870572899,10,-5.692657788896071,0,0.054355714723492085,0.2936302599844207,0.0614325415678969,0.14301681322702697,0.20746185647194784,130.98715454116174,4,0
track_000063,Song 64,Artist H,37,173243,1,0.5001029084438187,0.8005694752788904,6,-13.530793219692708,1,0.07464206263864963,0.1675679080006677,0.051568770411857805,0.2589445267205739,0.38366485741151785,125.96350585059405,4,0
track_000064,Song 65,Artist H,34,164345,0,0.7788923078029556,0.3456453985384987,0,-12.121510646928662,1,0.26854373352467115,0.48014478852317566,0.11821324480756076,0.2570241129520734,0.6446410065325862,198.84396640349743,4,0
track_000065,Song 66,Artist F,38,251458,1,0.6564827405972279,0.47272208902778856,0,-5.80722268157637,0,0.008348197250434486,0.3578715780923386,0.08457282369114248,0.07939205698634513,0.5034913405332259,77.84355431920166,4,0
track_000066,Song 67,Artist A,19,210352,0,0.6470487254974051,0.6731597566544453,8,-11.62174561902084,0,0.035485839091500694,0.04748129629698322,0.023330292630655475,0.40210125870776686,0.5246302308243718,99.9406473700243,4,0
track_000067,Song 68,Artist J,93,134633,0,0.8405998367784953,0.840660738210421,8,-4.084478166760892,1,0.2922183410381624,0.17223993480258307,0.023776514048880218,0.08392941901641995,0.5110974084494038,195.90726890646962,4,1
track_000068,Song 69,Artist D,29,203597,0,0.6284600814510203,0.718959869459601,2,-11.67822830650433,0,0.07525670280418292,0.0828490254096016,0.06649776662649699,0.22214579156598632,0.6401684828892366,98.89509018944281,4,0
track_000069,Song 70,Artist D,35,159979,0,0.5578314534665696,0.8375206629186172,0,-10.32153176470147,0,0.06991211537560904,0.2458891797870339,0.29764236529297516,0.12492431157382933,0.831931585768755,118.65269062624657,4,0
track_000070,Song 71,Artist J,10,248785,1,0.7018634792827569,0.8461190503446422,9,-8.974156680456158,0,0.153162680845004,0.2633082744522527,0.011883678066214733,0.19839785007142985,0.24933545796013368,162.08428825692272,4,0
track_000071,Song 72,Artist A,83,250364,1,0.7425552562663881,0.7439406771235403,1,-10.389124558351424,0,0.22177834256634466,0.06956269584500786,0.0707200524444868,0.4178827302683646,0.3421790902350207,70.03966443867114,4,1
track_000072,Song 73,Artist C,26,138228,1,0.7205941226061411,0.8478541546014492,1,-9.172923604087227,1,0.28490729786428054,0.10935098914878347,0.07064197386835516,0.251827151003395,0.6167216057985653,195.90390151481475,4,0
track_000073,Song 74,Artist G,92,286643,1,0.6744119581554564,0.8488451568324757,2,-12.873948896737614,0,0.09384406736675852,0.20867813507832503,0.07616461044505597,0.16568399900082292,0.6089356206326507,136.02344175407285,4,1
track_000074,Song 75,Artist G,79,140860,0,0.5053871125553164,0.6565160660270898,9,-3.6714948740952256,0,0.322521898019796,0.2752027704274641,0.16632503981798596,0.2559571306790367,0.38646252593907304,142.79694631914833,4,1
track_000075,Song 76,Artist H,91,169607,0,0.7521591378695625,0.4115175957713296,2,-9.620171335566933,0,0.24490717169328285,0.0644186220527021,0.14514639025736742,0.12644302974258229,0.5279451728097528,60.79321403413942,4,1
track_000076,Song 77,Artist D,23,291150,0,0.7075740320993396,0.8442981457376432,3,-10.114722130492469,1,0.021698616404278774,0.3425877639451297,0.14129255034418875,0.07078308568619174,0.5872010068428672,81.32614252503497,4,0
track_000077,Song 78,Artist I,90,128070,0,0.7915529812431981,0.8966358475439802,6,-8.962992590641964,1,0.060910414652851824,0.6596082562500234,0.04083906349966753,0.06690300830807766,0.47322342194030154,74.38475534333926,4,1
track_000078,Song 79,Artist D,90,135589,1,0.6669390179398403,0.6635200328594513,1,-11.239824988978283,1,0.2068684198423398,0.07918730454598018,0.11127687283292186,0.26998603063723525,0.6385989210091759,126.55692509901031,4,1
track_000079,Song 80,Artist A,18,277804,0,0.41261121812673235,0.8684656059230819,6,-5.789188457784981,1,0.05292779708015364,0.12796343330813803,0.09663267099607718,0.27180207946389423,0.2773370745584589,66.02097326137152,4,0
track_000080,Song 81,Artist C,16,254923,0,0.6971097459139204,0.4813713520244542,0,-13.507579211993878,1,0.004982579364032814,0.3785976561027944,0.049211194721100165,0.04174657220059623,0.40996402207020954,111.48271111271538,4,0
track_000081,Song 82,Artist A,48,164845,0,0.6498946736690138,0.9205433316701435,4,-7.242495100344835,0,0.17044820429269955,0.658700616580565,0.2511453723004945,0.16339293139250144,0.41191166365368503,134.303229740157,4,0
track_000082,Song 83,Artist G,37,141159,1,0.5388378640483397,0.6017876509899387,10,-8.060419206955672,0,0.25620308098934785,0.18101308721971618,0.009859915277085561,0.21970143524089525,0.5537811040736523,109.59748707774652,4,0
track_000083,Song 84,Artist D,12,172452,0,0.6848039482914242,0.5519781483463717,5,-9.65350033509731,1,0.26189409257479823,0.19767821193254353,0.14818291143066736,0.25181088673692853,0.5977915098696105,61.82413948599172,3,0
track_000084,Song 85,Artist I,33,129840,0,0.6749178315970226,0.7956796828512951,9,-9.27719872238436,1,0.04445112019698187,0.3078689972837466,0.11703873084252757,0.023751122826806623,0.652127983715096,185.24999166086883,3,0
track_000085,Song 86,Artist D,23,248885,0,0.6525746498164512,0.8731602857126186,2,-3.5888568659694187,0,0.03315932291706564,0.025846660906997262,0.1708866769808807,0.22953111937232762,0.34317195456540084,105.68738033047822,4,0
track_000086,Song 87,Artist C,4,250436,1,0.7531520196320048,0.6189132353797294,1,-12.543838691312592,0,0.027687333149293544,0.19427358154937008,0.040219871503891266,0.361105214157461,0.6918140935189038,190.34139592394197,4,0
track_000087,Song 88,Artist H,8,274775,0,0.3892567344952338,0.8968040242556705,4,-11.352689852939672,0,0.16675660482501015,0.26022322948829835,0.048605775234238056,0.43126314099521784,0.3162289064284837,80.94420293377335,4,0
track_000088,Song 89,Artist H,21,138242,0,0.6361228159504061,0.5799391090959889,10,-5.8919366097368275,1,0.19157225537201641,0.3846298607000593,0.17634652693373098,0.15915510905715852,0.7003689946109005,167.0606798066791,4,0
track_000089,Song 90,Artist G,11,152294,0,0.9840558183424076,0.8056347859570228,0,-3.3569146832873145,0,0.01059689275398165,0.5384396015350599,0.06447989453223438,0.2487397157441068,0.22798773685906085,69.92482062477995,4,0
track_000090,Song 91,Artist D,27,261503,0,0.7239690594022433,0.6807275859617551,4,-6.207611392916636,1,0.12200109365301388,0.12079085198428936,0.04908939561721722,0.2106540048759209,0.4132197079452505,191.77814275385924,4,0
track_000091,Song 92,Artist B,15,190366,1,0.7740748494719191,0.7639182920448534,3,-9.927256357272814,0,0.07391607916677526,0.12146650886610076,0.009340013937597208,0.20676039820573472,0.6196841894021183,112.25637402478625,4,0
track_000092,Song 93,Artist I,6,137032,1,0.9076672790913589,0.940679221187068,4,-12.568408390375883,1,0.11897070632515447,0.23624304543903696,0.022196265971225294,0.3039862595115963,0.669309769577783,71.80218404558906,4,0
track_000093,Song 94,Artist G,26,159244,0,0.716317458846304,0.8073364139639927,6,-12.60875596239839,0,0.00833371020462764,0.10963817013346941,0.142734591618744,0.031635413058009196,0.5573733587645997,171.96062695508056,4,0
track_000094,Song 95,Artist J,84,126259,1,0.7219597190924131,0.28607916280111056,11,-9.96732465999634,0,0.03904527625538547,0.1651364097358811,0.015038204105123867,0.38387313625060127,0.38281767096939046,155.91880338242777,4,1
track_000095,Song 96,Artist J,80,278455,0,0.8974607275019412,0.8707872403630624,8,-5.062598051923887,1,0.3151021574534343,0.20213314743821845,0.20698394859791286,0.08312223507726159,0.41649290045208825,145.47654570215946,4,1
track_000096,Song 97,Artist F,48,176332,0,0.7101364575314073,0.4742475554967675,5,-8.503564678112776,1,0.0016535117559836046,0.19059670626955535,0.013814519942293265,0.33981191312168235,0.3290259601225931,120.0522066802202,4,0
track_000097,Song 98,Artist E,38,290314,0,0.9327163472077551,0.735687319136049,0,-9.051554997217307,0,0.03400897616581731,0.09899029206791525,0.07254181396535371,0.21166937230847055,0.544678682466064,161.2821127296877,4,0
track_000098,Song 99,Artist B,25,222281,0,0.755258830724639,0.7979139422559612,1,-10.145176123151792,0,0.044148187018479876,0.5054198522575885,0.008720362469484242,0.28046894171298725,0.46721407395961995,138.2682998925243,4,0
track_000099,Song 100,Artist E,93,209244,1,0.9410263749332258,0.29579152122217145,10,-3.8485391728552862,1,0.030283733307393677,0.23381737143427728,0.05575991755369737,0.3151204268803915,0.5938835058037862,184.65733241070598,4,1
track_000100,Song 101,Artist J,30,291240,0,0.7052470507604233,0.6113920028934036,9,-10.020345415199062,0,0.024925172745535545,0.16335069557139306,0.31346459904627744,0.13090758705410557,0.3537981350223841,191.4695871230408,4,0
track_000101,Song 102,Artist A,85,137809,1,0.7655883004035802,0.9034248316032776,3,-9.461724868936718,0,0.019208924262318287,0.07775525424617619,0.029940023170034642,0.03507645989197093,0.426924954580681,140.73833584008588,4,1
track_000102,Song 103,Artist A,26,274986,0,0.6540898815342011,0.9015016938986437,10,-4.80985193397955,1,0.09486938006160417,0.07959360174561296,0.09022794518369963,0.29520585670167737,0.6492555209873703,114.4922660368504,4,0
track_000103,Song 104,Artist F,6,209119,1,0.8031168422539131,0.6656322929207482,10,-5.006017177571092,0,0.09800341463305168,0.1635654827855699,0.02562723982801798,0.2223147982048202,0.7424526012172256,62.680281519557134,4,0
track_000104,Song 105,Artist J,90,268456,0,0.7458742752944151,0.656066022173485,1,-8.128713205415732,1,0.10076623352408941,0.25150269143207377,0.21185933487271144,0.3683475612964237,0.6807546515449072,88.0774168983373,4,1
track_000105,Song 106,Artist G,35,258241,0,0.5901134083554069,0.639171380606,11,-5.196313112737959,1,0.1790115834999976,0.05085215844521743,0.34431573509553687,0.5977387391265081,0.5090318906550669,62.87291406210553,4,0
track_000106,Song 107,Artist D,83,278829,0,0.8201529723173371,0.6028581866777835,9,-8.933894875321633,1,0.04355591994945696,0.5454230241826411,0.01747948661978576,0.20273685993439425,0.6153049761688995,133.18641981866176,4,1
track_000107,Song 108,Artist D,88,136668,0,0.5325028401758297,0.7914266801427818,10,-5.850636495901579,1,0.1361787399503858,0.2405555667021014,0.1383361637701614,0.21914453538294346,0.4344341080753956,111.9637322427344,4,1
track_000108,Song 109,Artist D,96,272079,1,0.5893437034819067,0.6499888974769779,9,-5.488862241490384,1,0.06682040609572233,0.21473562635238158,0.3061850115710474,0.20738749955340563,0.6708324877532896,159.13705688608758,4,1
track_000109,Song 110,Artist A,22,154169,0,0.727298304914295,0.9144827241454441,4,-14.397083882124214,1,0.04730172448493934,0.35532753086710916,0.22264012795257865,0.05406241954787078,0.29779122864756047,176.9092323637028,4,0
track_000110,Song 111,Artist H,22,240334,0,0.7747904946306543,0.7858385497126531,4,-3.4620921051106546,0,0.0033176352962683816,0.4217203045504853,0.12427799556737111,0.12417010194988364,0.19705861081128828,98.93808176812574,4,0
track_000111,Song 112,Artist J,16,127699,1,0.8549393723106795,0.7607166261962767,5,-14.25829847172933,0,0.04370787538931982,0.37827496749349576,0.01744991336935571,0.1021931859879087,0.5300918307796756,101.31012889700331,4,0
track_000112,Song 113,Artist C,16,138179,0,0.8585402306665331,0.7773179535998941,0,-13.596917573695302,0,0.05728157016348706,0.061939415254149074,0.06540424967542333,0.2308668176415132,0.5474779737856452,61.51355170892749,4,0
track_000113,Song 114,Artist H,93,194967,0,0.7111146375182963,0.7732673091197252,11,-12.323255261486917,0,0.040565915853840534,0.3592172094732644,0.005107964011308793,0.07732960415330016,0.7379519011814746,174.8974625073491,4,1
track_000114,Song 115,Artist G,17,166025,1,0.8465362564451812,0.9847859054634098,7,-5.299131133275708,1,0.17577597066483758,0.46330148451818987,0.08964153242387199,0.09898069318724616,0.5839450945576617,93.47995636083324,4,0
track_000115,Song 116,Artist D,20,165489,0,0.6406401863604673,0.4216723307436962,4,-14.158702324304917,0,0.042471273570785714,0.24419591237146454,0.01564090436415815,0.16887012677166516,0.45132344001478697,169.33494091022095,4,0
track_000116,Song 117,Artist D,95,195033,0,0.6254558279784893,0.8433720767353363,5,-11.985968789419184,1,0.03502558586385845,0.3698209092400009,0.07338433594608107,0.33843364471816967,0.554197095800424,146.70808357916758,4,1
track_000117,Song 118,Artist G,84,241075,0,0.9764397579789896,0.598998296971542,8,-13.077292788281925,0,0.2234913434013084,0.28127871652412173,0.18776294223039963,0.15946670873521573,0.5493934404748843,162.3620282236884,4,1
track_000118,Song 119,Artist E,26,247153,0,0.8827706279833617,0.6731813625273254,10,-6.486733624392302,0,0.1377472312681544,0.08283898106367904,0.0256842765766269,0.07282254840084647,0.3191797071882502,166.27217055778937,4,0
track_000119,Song 120,Artist E,92,146296,0,0.5050811421702984,0.8017586067935307,8,-11.78190758706104,1,0.06203390176806652,0.3637266472122341,0.23156391939687015,0.05812434486695313,0.3866531166201254,66.34125010583084,4,1
track_000120,Song 121,Artist F,32,184771,1,0.567319550864333,0.16399949381545192,2,-3.177905338911902,1,0.1250610860856537,0.07107379157523729,0.023819531404799945,0.29983532319253137,0.3271126070689155,154.70772493288462,4,0
track_000121,Song 122,Artist A,30,278187,1,0.6703668768946679,0.9160565989419167,7,-11.114165101170823,1,0.11136785041186356,0.39102074812119864,0.03603327349304374,0.24188271150769744,0.5846555100157163,67.05834830430929,4,0
track_000122,Song 123,Artist G,26,238992,1,0.5924934195309254,0.9785364133442952,11,-13.191750155989995,1,0.09341946303006707,0.514356364383876,0.1032826816178876,0.25405365744839914,0.4410360856258411,105.29425774796881,4,0
track_000123,Song 124,Artist C,49,274525,1,0.8608565241651687,0.6626665920453438,3,-7.261165136491728,1,0.12377924614084883,0.1323304501387469,0.17624282374274025,0.44393636618952975,0.6312022217115593,73.53027680028532,4,0
track_000124,Song 125,Artist D,91,210485,0,0.4984406342762768,0.788872922043781,0,-9.131570696308561,1,0.14919074303717147,0.11240091132595949,0.11379557936403821,0.4009596869089846,0.793810245557529,77.5769705857868,5,1
track_000125,Song 126,Artist J,52,152646,0,0.8678592843852744,0.8717531581685872,9,-11.452019528740571,0,0.0026705661815319996,0.19641343808070505,0.08524820559632834,0.4820353987385511,0.37523640647639456,62.930776495742656,4,0
track_000126,Song 127,Artist B,36,160430,1,0.4218865052166295,0.465746163210889,6,-5.519821901281416,1,0.09456680368510192,0.4662560523113556,0.4111519477094618,0.12949617490571788,0.4333288600890048,150.75268563309845,4,0
track_000127,Song 128,Artist H,85,256615,0,0.7520659318201988,0.6193597747872378,0,-13.049544150375507,1,0.026905635533255038,0.27378019673962967,0.042973779777096786,0.09413596408235685,0.3917991565694728,120.58800780785464,4,1
track_000128,Song 129,Artist H,22,163888,0,0.5692989174741921,0.9056687690441697,4,-12.65763402513741,0,0.012582134917497186,0.12200718077032957,0.08770445723478404,0.16108393635223436,0.6453243810493307,66.77077954682932,4,0
track_000129,Song 130,Artist B,99,244713,1,0.931703831320607,0.7613164704344925,8,-14.825194142984653,0,0.20445462657330948,0.07353979662189748,0.02195971753356126,0.09235714410884169,0.40229412876183823,114.1389879861569,4,1
track_000130,Song 131,Artist E,27,255183,1,0.3907451989132699,0.8927517207841811,6,-8.754607150016568,0,0.16855445141332515,0.13942182895883667,0.21677752960341803,0.13936713472783016,0.636507115825761,198.53074667380514,4,0
track_000131,Song 132,Artist B,19,237219,0,0.9782224017372505,0.6463752174400718,7,-7.164324937104729,1,0.04344069493891915,0.5165492657450133,0.027016533743270902,0.14403385675908117,0.5209431487547047,198.95204682267598,4,0
track_000132,Song 133,Artist F,15,227294,1,0.7332320158428736,0.7726175940911645,1,-5.274381393414409,1,0.04111381173379478,0.29087773300017916,0.06579387755903182,0.4777083906796462,0.23924868503176808,192.89823487438636,4,0
track_000133,Song 134,Artist F,17,265823,0,0.8618521078682181,0.7277415280130466,0,-7.129160242819205,0,0.13490074592183063,0.21592434878336725,0.041697838831824846,0.32634671014991967,0.36636110966401036,143.90190018089442,4,0
track_000134,Song 135,Artist C,26,186775,0,0.513195917959736,0.7718041344941963,7,-14.628829423277207,1,0.070853817402755,0.010258830860318565,0.15266569430166055,0.20479194218490637,0.47473829405746965,137.7187301454464,4,0
track_000135,Song 136,Artist G,15,212199,0,0.9500979147983296,0.9073534441660798,3,-10.675494091641951,0,0.0010541336212138487,0.4550904824592667,0.08340299291860397,0.060783564181833054,0.5643651912453015,79.33754103963462,4,0
track_000136,Song 137,Artist H,19,193638,0,0.864543213852812,0.4764883013430909,7,-5.354937167858848,0,0.18548220563571585,0.1702667327636461,0.10064843474642093,0.04910521480313922,0.7764160212870009,116.74555049057346,4,0
track_000137,Song 138,Artist B,15,255455,0,0.8617979274692339,0.7347397468735517,5,-7.301177199780067,1,0.045972043889425905,0.11090899575336886,0.04860278741718632,0.19495119348010145,0.47610779329164765,150.4015060691475,4,0
track_000138,Song 139,Artist H,20,205455,0,0.8150054084329047,0.9378812181830833,3,-11.526709260381502,1,0.16488138384115966,0.1307523813944965,0.007173719915827848,0.3338410014304484,0.39187605480124965,131.55590938853007,4,0
track_000139,Song 140,Artist A,22,254845,0,0.8440198417921099,0.6947043124041582,7,-13.329037864870685,1,0.05569331137513337,0.21131173512506918,0.021919754237701372,0.22643388867233283,0.7899455393706064,130.77291084128865,4,0
track_000140,Song 141,Artist F,19,206491,0,0.7365176327359005,0.8819467181577312,1,-7.215034633259782,0,0.015679416992945488,0.399144134198886,0.0417882451747118,0.3245004575773607,0.26219593542678027,162.60028622645632,4,0
track_000141,Song 142,Artist H,38,195893,0,0.5064748030978502,0.7369213008182514,9,-13.67275681352207,1,0.23964722961795756,0.2702839324350918,0.1262600615554914,0.19229857484140275,0.5641274929892003,104.90143342439407,4,0
track_000142,Song 143,Artist J,33,165678,0,0.8840508659984743,0.5907609452053025,11,-3.5514928190629718,1,0.12496885604698085,0.2580034781412563,0.030359145905640122,0.19548582414192975,0.40035270402920486,193.4764031134933,4,0
track_000143,Song 144,Artist I,30,264762,1,0.810549868748991,0.652569214281245,11,-14.75090361451243,1,0.02238265081945015,0.39670589681207996,0.20395805341631126,0.37053783307615834,0.5329795734360114,115.06489385392642,4,0
track_000144,Song 145,Artist D,31,239006,1,0.881716546856663,0.8349575440692856,5,-13.581331055130482,1,0.016508431626627407,0.062262596539333526,0.056549006404469034,0.2643482130195762,0.6959439333373579,86.88225186360515,4,0
track_000145,Song 146,Artist I,34,274510,0,0.634905903903412,0.8018780178032593,6,-5.102316624242032,1,0.21585583650691695,0.15418176326668256,0.18568293646130743,0.10751909244449817,0.37626733073759505,156.60656437732294,4,0
track_000146,Song 147,Artist J,84,273512,1,0.8291555505897638,0.7275796501873689,8,-12.053392488666107,1,0.03673578018695822,0.6816552682617121,0.21362330038921362,0.40198220597288514,0.4122071791657571,95.98877690648922,4,1
track_000147,Song 148,Artist F,30,126563,0,0.8891252071089877,0.7762710326237823,1,-3.993352898101646,0,0.07185233801995534,0.396148132078496,0.19131853548388156,0.23343945859910067,0.5541711825828641,164.8548411204558,4,0
track_000148,Song 149,Artist A,18,143528,0,0.5239319610432486,0.8227020498651618,2,-3.392745715556428,0,0.03785696416508661,0.16857333507832203,0.09208454095576073,0.11705038690288028,0.5743622401253712,179.97501806867345,4,0
track_000149,Song 150,Artist B,5,271521,1,0.8653484344614153,0.7940285664214545,3,-13.567427863941639,1,0.27664552421073635,0.5933154334231098,0.00885052377882978,0.05181487645130328,0.431381536741649,132.53080312765854,4,0
track_000150,Song 151,Artist A,85,236775,1,0.6614130964502162,0.780485979526842,6,-11.893148702482325,0,0.15997578536746346,0.16615071474738435,0.06788392123133208,0.264958829786767,0.447741819569526,99.14908458904887,4,1
track_000151,Song 152,Artist J,48,236744,0,0.7225537911500255,0.7989868841757549,3,-3.9282583247571345,0,0.034275378223784014,0.27324313137033635,0.0045818114330675765,0.18493575352192249,0.792358505854189,165.02145212041177,4,0
track_000152,Song 153,Artist I,45,202297,0,0.43134979141408264,0.6911457009199627,8,-14.367072574053392,1,0.04681514400267538,0.3580493461611704,0.040105494068818345,0.155285186381732,0.2882305750822152,99.84405352265534,4,0
track_000153,Song 154,Artist J,28,122596,0,0.9264077741634223,0.9094979194801492,4,-13.024808715605104,1,0.034280093117416185,0.2022901750183814,0.0019283315617141545,0.19818355988064398,0.3725063328857184,183.1772847118055,4,0
track_000154,Song 155,Artist J,10,200520,1,0.8885109206319703,0.7369887533811499,3,-5.922586944133059,0,0.0239143128832432,0.07573789504802926,0.027137303813078655,0.2655345171503148,0.8735883140734535,146.96608510717164,4,0
track_000155,Song 156,Artist D,41,144022,0,0.7823748850682198,0.6150253193707961,6,-6.590298983979116,1,0.29011572183686785,0.2847168747083955,0.3389062936525451,0.026376752815209858,0.6985787160125541,128.49181566498868,4,0
track_000156,Song 157,Artist C,84,230704,0,0.7495701116442246,0.4931688368227022,10,-14.311297875740717,0,0.13175962105710193,0.5724214084680442,0.015747084167184323,0.2750289706925692,0.3299395317953621,191.44277651991823,4,1
track_000157,Song 158,Artist B,27,269388,0,0.6466012072860733,0.9118987344564308,3,-4.4670071416485015,0,0.029687195623165546,0.2885604199025688,0.15587138972724196,0.16639381294705907,0.493196020061563,95.66481902714064,4,0
track_000158,Song 159,Artist G,14,220960,0,0.8728429433323316,0.7590070380636744,9,-13.3867988715654,0,0.056837776269156495,0.060928795520995595,0.06536776478752317,0.16926992330488297,0.39896731237707733,126.11478985232219,4,0
track_000159,Song 160,Artist A,13,274779,0,0.6643270213131262,0.9127249544125351,5,-14.233188695419514,1,0.09201864902720051,0.20608497349733423,0.0007042898604938601,0.15094344263059603,0.40653817779236917,116.79033632261326,4,0
track_000160,Song 161,Artist A,29,211512,1,0.5572642284627408,0.8147350940437952,11,-13.400078203889098,1,0.1637851281151719,0.11649814693942173,0.058150798543561914,0.09414357139214594,0.4048133029642217,139.68890483811987,4,0
track_000161,Song 162,Artist E,40,138371,1,0.8647284219760581,0.7187168315372466,2,-3.502342562346046,0,0.0841745218385111,0.13826128298773685,0.026125370975094913,0.15288410523135218,0.518536671034411,166.93991002802994,4,0
track_000162,Song 163,Artist C,27,134281,1,0.4381336160962875,0.7774449125042818,1,-7.846288205401237,1,0.08853470480222224,0.3500361501120909,0.2954255482463038,0.26994365848780916,0.5239315908857547,161.13759382489624,3,0
track_000163,Song 164,Artist E,86,186846,0,0.833769603459552,0.9045811676787713,8,-5.667265079186484,1,0.0934452821347013,0.095602824478594,0.4226782866036639,0.3551222466925178,0.46187792506714265,124.11485002853496,4,1
track_000164,Song 165,Artist B,18,266918,1,0.6152604424923901,0.2652143459351587,10,-9.608782098412359,0,0.03630664556197231,0.035930195465749236,0.019997622760806265,0.24278164345840111,0.3480309601833331,134.01902478376735,3,0
track_000165,Song 166,Artist E,17,165076,0,0.8251101366806838,0.5828456697482894,0,-13.761400213452005,1,0.023315286107022118,0.009063576455491072,0.16866322241714607,0.3496001717763785,0.31450160702043845,75.75043827372845,4,0
track_000166,Song 167,Artist D,92,194264,0,0.5922691207666385,0.7866504116269674,10,-12.323882117595204,0,0.26477108402016825,0.4407533792366993,0.037943793727012017,0.08072497881533812,0.5904082501166718,133.544557023101,4,1
track_000167,Song 168,Artist C,18,240640,0,0.695247602505738,0.6596183402123654,7,-10.883379209764193,0,0.1061700477289673,0.38580424790100465,0.2348775035508743,0.21286688137151133,0.7267289141428631,187.55687019487405,4,0
track_000168,Song 169,Artist H,24,296660,1,0.5330429529585828,0.7988329074069334,3,-12.726678801991167,0,0.004669323302384172,0.20681781732201704,0.043127064431934974,0.18789576769367983,0.3073209741489753,78.17998187850334,4,0
track_000169,Song 170,Artist G,15,263775,0,0.5262065966463161,0.7219183670365816,6,-5.289662356119106,1,0.15721409502218422,0.529186384271065,0.019883972764874677,0.2854212898823116,0.33886156651101607,150.4299050232255,4,0
track_000170,Song 171,Artist E,43,261248,0,0.8825394028181385,0.8472421326144737,6,-5.003588832707161,0,0.2934657928540622,0.34119850118462985,0.06203676917268844,0.2629883134957506,0.3314235526315857,78.24486064412702,4,0
track_000171,Song 172,Artist B,17,145909,0,0.49145428076546177,0.41836237995356773,5,-12.933630246916403,0,0.1388669043257841,0.4432956418443808,0.4208557478314106,0.2665979662650085,0.7244738881050611,166.69814686304545,4,0
track_000172,Song 173,Artist I,17,179331,0,0.4665830570506446,0.7458185024706664,1,-6.347344069225539,0,0.04535521586718498,0.07198214731154531,0.21823243778284945,0.20964144349000197,0.3980044486877999,198.38866782815268,4,0
track_000173,Song 174,Artist C,84,207367,0,0.6979096586365986,0.908502452659759,1,-3.2233999891046388,1,0.10019834652945563,0.43129755983136514,0.03301525861875566,0.02654022757297666,0.5658159277438752,114.64137660978787,4,1
track_000174,Song 175,Artist B,90,225626,1,0.8874913535812443,0.8371197270413352,4,-12.162301053135666,1,0.045387611398551006,0.3692639695927388,0.18586201367548638,0.32723513142558874,0.4877020880916441,80.3724220542395,4,1
track_000175,Song 176,Artist E,32,260111,1,0.6652273060280183,0.8510568222637555,4,-11.900394850468894,0,0.0035254886129599816,0.30557219777181366,0.3157414121806189,0.1781748806674372,0.5766379892725743,128.15594967177316,4,0
track_000176,Song 177,Artist C,8,297031,0,0.7025326561887761,0.9360719032548179,8,-13.025207298847981,1,0.19009987631027195,0.2220739926461163,0.12257923602213094,0.3538586605637239,0.4951553398676542,116.9657803946879,4,0
track_000177,Song 178,Artist D,25,250223,1,0.5652977407476657,0.8360269655847811,2,-10.937917446894325,0,0.3666731970151935,0.31328378970874077,0.003318701942917052,0.09305847063190965,0.4814890509886076,107.80571692518194,4,0
track_000178,Song 179,Artist G,34,122365,0,0.6418619634136904,0.3804422192461771,4,-3.2056785857349546,1,0.004139409752720265,0.27760907775135196,0.0813572828283728,0.10475688777796056,0.6602927253229905,145.83627346969382,4,0
track_000179,Song 180,Artist I,76,205220,0,0.6541005749758064,0.8691146357398595,4,-9.540517443267154,1,0.1102405005975452,0.31445256956800777,0.011923909492269614,0.22358732861695144,0.526427876395516,172.31488509291597,4,1
track_000180,Song 181,Artist I,29,273452,0,0.6989800105810234,0.867510396154903,0,-5.224499327688994,0,0.10981729912007492,0.11660567793459606,0.03237564488616854,0.29561630578092984,0.43344634910424584,122.62907686078759,4,0
track_000181,Song 182,Artist G,86,262138,0,0.7462387922355644,0.9307607287141387,8,-9.029802877506798,0,0.11689693530599332,0.17893506302911105,0.0179749672359875,0.23038783069345614,0.6009834823320154,129.02421752223233,4,1
track_000182,Song 183,Artist J,48,137153,1,0.6940670750864091,0.9151833238968206,3,-6.2563557321972105,1,0.006023395630698864,0.5891391283560721,0.1328868634210107,0.27180104090049895,0.2742418249544642,169.64240406390638,4,0
track_000183,Song 184,Artist A,83,275355,0,0.20968170151734805,0.7936844399924996,5,-9.078240023125467,1,0.02954517098243734,0.12078181286785963,0.3212584190913212,0.05186666828082451,0.7041383959721109,89.41648863163003,4,1
track_000184,Song 185,Artist D,35,153701,1,0.7501485635135344,0.6817805282898981,10,-7.335928366555137,1,0.020434604998066437,0.08613279899232847,0.015515515003550074,0.041129986517515905,0.43102376439688156,112.26944254445644,4,0
track_000185,Song 186,Artist H,88,294563,0,0.8802207262991261,0.8895501869783912,1,-10.740825588383805,0,0.0826475006507196,0.0894614850047071,0.08205062946012391,0.2157883511478271,0.5327808505399121,160.81558669209238,4,1
track_000186,Song 187,Artist G,82,148390,0,0.8334575003738228,0.3101678464798679,0,-4.4061220478580765,0,0.14146047699921319,0.322414157578411,0.08818321514916828,0.09425976632316749,0.6526206823467214,138.77175920638393,4,1
track_000187,Song 188,Artist H,45,163724,0,0.7273534691950652,0.5856413266703903,2,-3.426813845184231,0,0.036279690726537556,0.1603143588674121,0.045510087071873824,0.45457795564056974,0.14883558141777867,133.39566087528314,4,0
track_000188,Song 189,Artist D,22,187388,0,0.704426672932652,0.7571265270062251,8,-10.680090974651305,1,0.04779919611610544,0.3990758542316495,0.1035443721715439,0.1537754526431145,0.7267436335304935,118.47919937621663,4,0
track_000189,Song 190,Artist D,88,259375,0,0.7632520903822301,0.816083981881089,7,-3.539724964659978,1,0.28313489700123406,0.635112522644439,0.0873525948733524,0.3385099054277973,0.5202873466201887,144.07486754889806,4,1
track_000190,Song 191,Artist J,23,150694,0,0.9232115639854379,0.9514462507599835,10,-7.394950953715965,0,0.3513776190242812,0.043137233548365884,0.0196491353178584,0.09778521725132712,0.5344753791700697,87.88196566358938,4,0
track_000191,Song 192,Artist B,91,182461,0,0.8203252752192889,0.6908410730207211,5,-13.765138939895992,0,0.30922841079569036,0.25916141687801886,0.08272833824388165,0.2596198176549808,0.37597136951989296,68.90420109289163,4,1
track_000192,Song 193,Artist G,23,197661,1,0.6555828091247039,0.3122346055031524,11,-6.706729559353786,1,0.2087588234228104,0.1364233267656321,0.07606531735120702,0.21366261028993871,0.3587730607207291,147.16055569658943,3,0
track_000193,Song 194,Artist A,15,224493,1,0.9138866299006176,0.9014993834138443,6,-12.38760241371321,1,0.06774331109207993,0.3916978254390361,0.1550822054027609,0.04519831767876726,0.5928488738634634,64.26409312986955,4,0
track_000194,Song 195,Artist H,79,232713,0,0.6246959545795332,0.8216312785349921,6,-14.200082042120327,0,0.1451400404586871,0.3351588532566221,0.03080464404552678,0.12985350056307002,0.5265071554498121,132.66303710099783,5,1
track_000195,Song 196,Artist H,84,214194,0,0.6609709668657774,0.46645725690356404,2,-5.867928204605336,1,0.030556696643299675,0.11823654488929883,0.21491444394989537,0.040793623138336704,0.3630820401968327,175.5844794869821,4,1
track_000196,Song 197,Artist I,86,187902,0,0.8141966985526641,0.30971488896909743,4,-12.707254327843701,0,0.04068036217217903,0.101951564601124,0.15387546356663764,0.6231297068626725,0.08636884275750596,185.944083266853,4,1
track_000197,Song 198,Artist D,27,215825,1,0.6530761924099363,0.5823936453639265,7,-13.641225320890495,0,0.08827793633812209,0.39826872810040403,0.07520713192680883,0.2645805262462852,0.7908465861767472,154.87541575647776,4,0
track_000198,Song 199,Artist F,7,127485,0,0.7523818517309289,0.9056738259250154,1,-13.934720796525209,1,0.10362878400280781,0.0369057419265963,0.10178268933620441,0.0825828329295246,0.6837965172361141,182.26352225608196,3,0
track_000199,Song 200,Artist I,15,211005,0,0.5808924460427979,0.8294239257593483,4,-8.645127831447901,1,0.04217644625623364,0.02564056490736063,0.12342188916221655,0.0425540049515705,0.610137415268388,124.30844142419518,4,0
track_000200,Song 201,Artist H,54,297411,0,0.6293581105917939,0.7656597474541711,10,-14.849066250165656,1,0.018528262563348,0.11057460263003933,0.07481346125136581,0.05080190788237227,0.6715073167161201,93.33747805555981,4,0
track_000201,Song 202,Artist E,45,265949,0,0.7916758366505231,0.6492380924934275,8,-13.629794637154415,1,0.027570024006323822,0.3386411595476022,0.02854520345104243,0.11164725679997596,0.3264744027170113,163.1512396194276,4,0
track_000202,Song 203,Artist E,18,241401,0,0.968327312193754,0.7356537333408869,0,-8.393456392560054,0,0.0652301909970455,0.23596632189156563,0.08626439250078002,0.056276570332413685,0.5494494490027441,134.96588044278735,4,0
track_000203,Song 204,Artist A,80,255008,0,0.7804967161696732,0.6861812865165318,9,-13.506789504638938,0,0.04359499843203446,0.17082926524558278,0.41103763487295153,0.21347067259987781,0.7760557219327676,148.74452465654187,4,1
track_000204,Song 205,Artist A,16,188531,0,0.8537879837639641,0.9122424564942232,4,-10.964302867035002,1,0.267604322802923,0.16258804963005657,0.055615542313634914,0.17585785144819446,0.609001245708987,128.84331202265852,4,0
track_000205,Song 206,Artist D,84,273222,1,0.9232398287504928,0.7955635333061318,0,-11.711001652308052,1,0.2091788438222686,0.24091200721285558,0.31447450673745814,0.3748995670444626,0.1923576270337107,149.3395863522777,4,1
track_000206,Song 207,Artist A,41,135648,0,0.8023813969924667,0.547325001220481,5,-11.332218037965799,0,0.23297697619031474,0.3365169038829415,0.030778235497980783,0.42821554756271957,0.6063158639455876,115.96073713641985,5,0
track_000207,Song 208,Artist J,24,154593,0,0.8396348720692657,0.760403850823792,5,-7.28846477746882,0,0.046127701096650424,0.31727262117326677,0.01921484710409237,0.2241313477836954,0.3632995920621799,189.991085272129,4,0
track_000208,Song 209,Artist I,9,141302,0,0.6993990221124959,0.7313867035330136,8,-10.353800710128787,0,0.09235860073924042,0.2061293731635253,0.03624321698162746,0.05847466362611603,0.3726953188773656,65.60967208875734,5,0
track_000209,Song 210,Artist C,12,248451,0,0.7782085344590833,0.8629162357590383,1,-3.038307447853752,1,0.04442179563198737,0.11958086567367743,0.16472878444200448,0.07445146115997126,0.728054580354079,172.37187418131077,4,0
track_000210,Song 211,Artist J,31,283818,0,0.8415005885007497,0.6798713466561908,2,-8.739081290509025,1,0.07642576520203137,0.16045474274024674,0.10017963316917221,0.08808351225702489,0.22941827163007864,189.251324577932,4,0
track_000211,Song 212,Artist J,26,162278,0,0.8383221724418188,0.4461736055229435,9,-8.663430611954409,0,0.05122698870177572,0.22217758650139172,0.007697833378608114,0.2727942833964689,0.37124176847409657,98.94010966284752,4,0
track_000212,Song 213,Artist D,14,262037,1,0.7023231894883101,0.8980302482480037,8,-3.1905733940851526,0,0.019854621208290412,0.49027942323195844,0.08095637842855508,0.12193201782056429,0.2950982285994288,117.53060669478616,4,0
track_000213,Song 214,Artist E,23,126218,1,0.6883388064775847,0.5905993896062912,11,-10.844807501583018,0,0.14003780978557373,0.13597794871736024,0.0952977937520907,0.08307616069252034,0.8016824241155469,128.09670497506494,4,0
track_000214,Song 215,Artist B,33,262298,1,0.8343445478945581,0.6432896073225688,0,-3.7921509778485927,1,0.045865795804155826,0.23208046216155376,0.01140273253497355,0.228290328408931,0.3976732750173785,138.62181053536713,4,0
track_000215,Song 216,Artist B,9,157117,0,0.49523121749042986,0.871325877749408,1,-5.1668657559556195,1,0.0015799995847694955,0.1802256826949509,0.07429387249251838,0.03474260404978558,0.3131420056533167,105.74823374170633,4,0
track_000216,Song 217,Artist I,10,137373,0,0.8764255660929988,0.7243121392646716,11,-7.529407245442634,0,0.16065488382002965,0.3480633913462357,0.2409833573251516,0.215451670593355,0.5791824772417354,95.93528283103689,4,0
track_000217,Song 218,Artist H,30,146583,0,0.49980337674837483,0.5128107385981822,5,-7.718081236937005,1,0.10775887243344744,0.7101584799327308,0.029180803503261313,0.25664862809662287,0.42605203979722894,151.5930091923445,4,0
track_000218,Song 219,Artist H,14,283223,1,0.6315491103461043,0.5036773234910776,10,-5.67200983101368,0,0.04413006569917018,0.15455565892816964,0.06672840658178526,0.016239211123331716,0.46727584902643804,76.93449271338892,4,0
track_000219,Song 220,Artist E,7,222489,0,0.29480975042998425,0.6455882558426218,1,-7.5727780468387955,0,0.006429097043000416,0.28564609587131934,0.01822672240371885,0.05655005785212577,0.16143279487947346,153.74557591525246,5,0
track_000220,Song 221,Artist F,11,144395,1,0.9088526805715118,0.858298066150418,3,-11.413641734557588,0,0.01405590576496561,0.4675445008982005,0.031585422867134436,0.2489119087546777,0.5042114094576776,89.49893311048687,4,0
track_000221,Song 222,Artist D,8,128083,0,0.736177594069704,0.8803873425835161,4,-5.872721023319258,1,0.10515945123214136,0.11238175246602154,0.07213401592610877,0.10244448044152399,0.5280596605879232,106.78002313374071,4,0
track_000222,Song 223,Artist H,16,126613,0,0.8075033445731904,0.8343516935141045,1,-6.294263591814158,0,0.05331686405152934,0.08058664848044414,0.1708921060180225,0.07326799341992986,0.30116393362659827,105.77189403565728,4,0
track_000223,Song 224,Artist C,5,142068,0,0.5668193854167143,0.7562156582716282,7,-3.8269165139038215,0,0.2140218651939354,0.48827311627874204,0.01443752689078746,0.055880500378471136,0.6067630979406158,66.53587478589833,4,0
track_000224,Song 225,Artist E,3,125769,0,0.6583537479000406,0.8543832462959916,8,-12.736413042911103,0,0.016086915341606306,0.04901605283055874,0.05488109048021631,0.26373964863914323,0.7225058916127644,128.33462259419287,4,0
track_000225,Song 226,Artist E,23,153434,0,0.4700500847436583,0.9710143739343318,10,-7.699799441619856,1,0.025853700204564168,0.314720980619649,0.019631180434390584,0.07176258134644517,0.744860907797194,103.84548709850893,4,0
track_000226,Song 227,Artist E,93,170775,0,0.9481443076741278,0.49975053186195706,8,-6.245796857122535,0,0.08146110571261717,0.17336482164424982,0.12513942107961396,0.3065008807355366,0.4705730828999194,121.36180512464323,4,1
track_000227,Song 228,Artist A,21,232180,0,0.6717957709250031,0.9194736909917617,5,-8.168623404593706,1,0.1326727745077934,0.2919711776496619,0.002984257964325142,0.1957993208627206,0.2314226973574778,183.59710869493108,4,0
track_000228,Song 229,Artist B,92,179998,0,0.4225032873403774,0.45897602609445914,6,-11.73257207150239,0,0.03414102033997702,0.17593301352795557,0.07147096982483796,0.1590195813605333,0.47994410881434196,177.70991007147603,3,1
track_000229,Song 230,Artist A,93,157739,0,0.8061077799670183,0.5032274355040444,2,-12.871086358545812,1,0.13893131018653315,0.3841764081129712,0.015975138017727233,0.12774475481108863,0.6343537097545031,143.92027588386702,4,1
track_000230,Song 231,Artist D,95,272220,0,0.6837501371466916,0.6324594735086109,5,-3.463410358275418,1,0.27134972460053625,0.14398941072762295,0.17500464527331613,0.27742499735889,0.7924016880723772,107.74670219628729,4,1
track_000231,Song 232,Artist H,40,214430,0,0.9870632131321533,0.8373535569478883,0,-10.296387116706445,0,0.01570665137071936,0.19379101295708043,0.02026654553941223,0.11779288186902848,0.3790021573036344,67.91219671154603,4,0
track_000232,Song 233,Artist E,37,208636,0,0.6356984978441201,0.34123949011707727,9,-8.319212306889387,0,0.19158952091973375,0.3714729352660303,0.28180795494546357,0.5503686272781839,0.410287670230789,125.0565255823231,4,0
track_000233,Song 234,Artist E,51,130246,1,0.7726171105933415,0.7259846273886135,1,-8.148101144088258,0,0.03256606516118444,0.25853482326864125,0.0014558476010164527,0.142941343820327,0.7817017627355682,124.01225874673621,4,0
track_000234,Song 235,Artist B,5,134860,0,0.5941714608396319,0.6747829832154718,3,-6.50659225965021,0,0.18336077477465534,0.7115514649308492,0.1412761312912952,0.08837587598305967,0.8585321022621594,94.27198222024163,4,0
track_000235,Song 236,Artist F,20,169079,0,0.9380113433668238,0.8438885109092842,0,-13.860556230980027,1,0.24274568111248515,0.20408383450053424,0.0630469712422762,0.252746226910815,0.6573570388364152,99.04206967653508,5,0
track_000236,Song 237,Artist I,93,196955,0,0.837655581096836,0.8296985833388629,9,-5.8403086174534735,1,0.0430944937458682,0.08266414143086555,0.11075102351983857,0.14062141570830042,0.4907869390911649,89.54093683905364,4,1
track_000237,Song 238,Artist E,15,199552,0,0.9082984380425374,0.8594336517552111,5,-4.040403460799595,0,0.04689109536318498,0.1261403781678983,0.1707106750845062,0.4022394299139681,0.7722236818050867,168.11363862505874,4,0
track_000238,Song 239,Artist I,41,246440,0,0.3259531129723524,0.7059789214713313,1,-5.085391490697358,0,0.23638037147053026,0.4307350459150248,0.1395371900493958,0.20912534560833093,0.5840130171147934,126.02519990375292,4,0
track_000239,Song 240,Artist E,22,163614,0,0.6596905969286468,0.7429917663250027,4,-9.232223660251092,1,0.19439747493560183,0.09629538639471581,0.03714539533032871,0.1337544363452651,0.6250689016208021,193.20196944422648,4,0
track_000240,Song 241,Artist F,98,275197,0,0.680502943098518,0.26325547507666636,5,-4.64789804465129,1,0.04276127708946487,0.17980643431669224,0.038258035552921524,0.07711815253592229,0.4344145157360989,155.8682421590878,4,1
track_000241,Song 242,Artist A,33,218026,1,0.5113413218153031,0.5941569492098592,4,-13.584735901509198,0,0.004385735253629555,0.21592882927656196,0.10210503065413093,0.12226059300736679,0.25171242435346397,116.38865880876665,3,0
track_000242,Song 243,Artist J,37,135489,1,0.8082196108052877,0.4770451262821273,3,-13.762238869459667,1,0.012730793067160826,0.458981611073202,0.0426448191315992,0.28202604947314663,0.5440247347807222,78.77674717937063,4,0
track_000243,Song 244,Artist E,7,123051,0,0.5805886440364648,0.5464935816481167,11,-13.37780334994284,1,0.053451317763728336,0.07828099543323315,0.044133563799479664,0.1337428880158897,0.45281955686464903,62.21732993228239,4,0
track_000244,Song 245,Artist B,34,247838,0,0.9811117628181297,0.9071196726808057,6,-12.009554752904553,0,0.09943598376640661,0.5631449421908192,0.15007823160305706,0.2503390911785783,0.3343315058811176,63.41976361168865,4,0
track_000245,Song 246,Artist A,74,162967,0,0.935463541251047,0.8446269019801746,8,-11.068140435796613,0,0.008491195689547069,0.10206847655757048,0.08035067067145456,0.24050605305057046,0.14522936142671386,106.97800823753201,5,1
track_000246,Song 247,Artist F,28,231023,1,0.5710407366544537,0.711048000573034,9,-9.756541666995627,1,0.006970123868697087,0.18450276628264947,0.14897161223286848,0.0683279642419465,0.5661898078370502,126.74554257116594,4,0
track_000247,Song 248,Artist G,84,174918,0,0.7970873718537239,0.6868881556015669,6,-12.784185049275628,1,0.03316639140488494,0.1430116271377745,0.16923924105261332,0.10257234191699306,0.6695437561291993,85.17169388931056,4,1
track_000248,Song 249,Artist C,31,189535,0,0.9067501457354192,0.5789930873642896,10,-4.294164997560468,0,0.005377044329731443,0.14017081316506874,0.18069400503908362,0.08355427790947575,0.714236215610163,83.90643968305399,4,0
track_000249,Song 250,Artist I,18,264457,1,0.2615189756327429,0.7530214639927635,11,-6.562873154886805,0,0.08874351089897708,0.10797400262325475,0.07587800484665964,0.27228300898957714,0.34367673346359195,131.36124402449911,4,0
track_000250,Song 251,Artist C,90,274470,0,0.7728820555283284,0.5598724949936699,4,-9.321928180428522,1,0.03693379918395506,0.23424219685355793,0.008515481515820567,0.13757445771813362,0.4758800377800564,85.15230046418768,4,1
track_000251,Song 252,Artist G,22,227437,0,0.7942679509041448,0.6011138774617962,8,-4.05753018185991,0,0.09239293554686892,0.2702602802223847,0.34788239380469227,0.5650246703183273,0.5270242256356097,182.25560993683416,4,0
track_000252,Song 253,Artist J,93,207829,0,0.8461733371257042,0.7080396394760079,9,-12.825383476636592,1,0.17579429548703068,0.3537566284881079,0.17642850724366346,0.2569560078310885,0.3797168918189982,80.79243939599644,4,1
track_000253,Song 254,Artist B,89,184482,0,0.5491897155320672,0.8428668526924403,9,-14.729948070855762,0,0.05043845701057249,0.16423310788475312,0.034904470502657006,0.20674424051087906,0.41926263487124965,172.35903480880737,4,1
track_000254,Song 255,Artist B,17,279402,0,0.6679838996966107,0.7148537306111998,6,-5.061446905360869,0,0.07359831528969112,0.5329887474747875,0.07793973017710656,0.06315811391898828,0.39496201740537185,62.61052209806961,4,0
track_000255,Song 256,Artist F,20,169029,0,0.5287067561370119,0.7271340752644958,10,-14.895970921858428,0,0.09906982801054726,0.5399323244711868,0.19439125669415935,0.053215645919981555,0.3648916423962316,194.16587610739415,4,0
track_000256,Song 257,Artist G,16,237512,0,0.6996837504234775,0.8626353852282517,6,-9.83407699882188,1,0.0929537516911568,0.2929353205154596,0.08602590750420379,0.1587976955563479,0.7093196880855622,160.60452369662738,4,0
track_000257,Song 258,Artist H,54,220157,0,0.810525554416971,0.43117792219371914,9,-4.434937165516743,0,0.5124653438726549,0.4598800052486492,0.011964697011862728,0.1450074801145916,0.33919164880876035,150.7937837553884,4,0
track_000258,Song 259,Artist F,26,292934,0,0.7194604505534199,0.823827065799869,11,-8.119180489227555,1,0.05001637653343449,0.2516881080383334,0.2539233485515777,0.2091665800769001,0.5087844693359611,155.58182169134363,4,0
track_000259,Song 260,Artist H,26,270012,1,0.47930477729032916,0.9281409502356435,7,-9.549990357986834,1,0.039920994566141906,0.13178365914165563,0.027541102641423443,0.06603432756793802,0.45927795922427694,168.82138061747028,4,0
track_000260,Song 261,Artist E,44,241289,1,0.8615288267647818,0.6922383692118922,8,-12.012852147424876,0,0.1442949121029124,0.3204278458464525,0.07403185438863476,0.4070280256092594,0.5093368573546947,126.0458833147224,4,0
track_000261,Song 262,Artist F,98,122821,0,0.543152243205741,0.5998632800917698,7,-13.35640038546917,0,0.08951475521709122,0.15130278132306832,0.11082352659185458,0.2653645209417314,0.3744965137892992,72.10240544427579,4,1
track_000262,Song 263,Artist C,27,224273,0,0.9164924875308771,0.7520937698819793,5,-4.896831906248961,0,0.06633695593700442,0.15514878502076812,0.0590814772826286,0.2227960149707178,0.5389908824861319,121.4640941572627,3,0
track_000263,Song 264,Artist J,37,275870,0,0.8150140713591127,0.7772570050393389,11,-13.74284956258272,1,0.08496680974114713,0.22756161334519817,0.03328658388536188,0.25593329796534786,0.5396012484453211,141.91703252979744,4,0
track_000264,Song 265,Artist B,18,204224,1,0.39205355228833216,0.8482159300067466,3,-10.254239663620119,0,0.24078223249287117,0.6191723565854288,0.04897177879741853,0.12428761592621075,0.5909439051817325,71.73258227330851,4,0
track_000265,Song 266,Artist B,20,209379,0,0.7936533794327777,0.8142058174068684,5,-6.342129922419931,1,0.10771266458415886,0.11152235305439816,0.1219136789274747,0.23150596678720567,0.27597346727572897,169.4132381346294,4,0
track_000266,Song 267,Artist J,37,293312,0,0.9459902753857572,0.9649032464383255,9,-8.256223900483448,1,0.07780998794189131,0.5020573965730817,0.06401454485837561,0.5504362617752563,0.7946536991396396,150.12788513417425,4,0
track_000267,Song 268,Artist G,46,136285,0,0.6076302765767994,0.9200503617945963,1,-8.849008477834362,0,0.020626091081765403,0.4747630726143337,0.01191655375814851,0.29464606296861223,0.5918045147996914,71.7457144880473,4,0
track_000268,Song 269,Artist J,88,174391,0,0.922862799882622,0.7821913730303562,3,-5.30441172887091,1,0.5841526402801545,0.5797302214014631,0.07859637106430963,0.2466081442792176,0.49026713796754584,115.61185413927255,4,1
track_000269,Song 270,Artist D,92,229588,0,0.3224177699196382,0.6335914012844464,1,-3.7004018221775645,0,0.05319933083795237,0.11525558398191904,0.03862912263372975,0.20629670303249273,0.5685033567639293,161.16564147682294,4,1
track_000270,Song 271,Artist H,43,208529,0,0.9727086329399679,0.7480675685051531,2,-7.654096092681251,1,0.005880304527952628,0.3832338848599824,0.21326528342757947,0.3943656226205107,0.3967426227015198,158.6094139060982,4,0
track_000271,Song 272,Artist E,44,209170,0,0.3163838143523752,0.5756396422341814,0,-4.437024066293237,1,0.02982527445202033,0.7067653701064027,0.029937289527820328,0.25161447918151814,0.7311469102241195,194.62966892414255,4,0
track_000272,Song 273,Artist F,95,159491,0,0.9723708333296961,0.3134957563711863,9,-5.180217460148739,1,0.011267911017967064,0.23154854976608477,0.15629246902757066,0.23583333524122493,0.6528619917095562,64.4638713292029,4,1
track_000273,Song 274,Artist A,19,277306,0,0.747891012985782,0.6677186061972323,5,-12.825666486369808,1,0.1254275617523707,0.22078531761749004,0.07622667172962663,0.12949591365253105,0.6087912273823859,135.1615505158843,4,0
track_000274,Song 275,Artist J,93,241132,1,0.59601061534778,0.8919842574457464,11,-11.926938885138915,0,0.05586132398807175,0.19293032614078606,0.0022012482528623242,0.06079630721310843,0.6153489854756149,87.91331466148777,4,1
track_000275,Song 276,Artist E,10,192553,0,0.9347080619710715,0.9162848296626204,8,-11.849131542768516,1,0.08399552164658274,0.28335918004310423,0.049846363153713616,0.07114466860548734,0.6835589377643672,63.32029044281069,4,0
track_000276,Song 277,Artist E,39,289364,0,0.6158070891238602,0.6478981729666823,9,-7.482172320350912,1,0.04957178826421683,0.44611022360912533,0.010702526023617199,0.33097517180507807,0.5237065358504405,109.18983085168975,4,0
track_000277,Song 278,Artist J,14,153087,1,0.9195632924362438,0.9441573568627118,5,-9.013526146153428,0,0.07801112599684111,0.26877666367357206,0.10183722080433388,0.34494025729607813,0.7337036032662715,166.64397890573224,4,0
track_000278,Song 279,Artist F,23,178900,0,0.6388858733525031,0.8422568549718574,9,-8.841411098645377,0,0.017399490727144834,0.5575169562385874,0.08381911631774282,0.21024471517527032,0.709072745773873,101.71717125271773,3,0
track_000279,Song 280,Artist H,37,251016,0,0.9560691480533553,0.827046959196066,10,-8.524609792777955,1,0.04691648272388491,0.07507033552871863,0.03452563650676089,0.1892442921973643,0.5129940458250887,143.74554237588035,4,0
track_000280,Song 281,Artist B,32,265749,1,0.4912555435578253,0.6537647843508589,10,-7.516466005664207,1,0.06382589909351932,0.1652681857976551,0.02828478575799077,0.11368321856709558,0.6137687965983355,195.88026656783046,4,0
track_000281,Song 282,Artist A,44,249926,0,0.5364505119801459,0.4343595337234825,8,-5.097684782331719,0,0.12202678880382974,0.14011476827578956,0.22923011501586527,0.2409300459848632,0.5814571254277933,75.7137500788224,4,0
track_000282,Song 283,Artist F,28,290116,0,0.7837057004212372,0.3479488517517773,6,-12.482695034650703,0,0.34711407429590757,0.5050040708327036,0.06958547563108511,0.16200747346015715,0.26403824774417256,125.72088070156613,4,0
track_000283,Song 284,Artist B,77,120037,1,0.9635777865762185,0.7323503053953317,11,-3.2528442357961147,1,0.32529019175839474,0.4655578011923071,0.15500443302094624,0.40100975760707486,0.4583291225252212,76.19453131073632,4,1
track_000284,Song 285,Artist I,88,153241,1,0.4650116283923452,0.5918806881069076,3,-14.132739491863783,0,0.0314730753551402,0.46715104056632,0.214722375671276,0.1644392421166686,0.5675750173411387,61.98830186390706,4,1
track_000285,Song 286,Artist J,92,237302,0,0.778546554421129,0.7720345100063507,1,-10.237344261300972,0,0.010372028911555637,0.4733984600228944,0.05980797859629056,0.18965065941066744,0.3291410369179893,189.00070806342347,4,1
track_000286,Song 287,Artist E,93,122674,0,0.7069207306880745,0.7794597726312089,3,-10.374354783603176,0,0.12295028856313328,0.36778801215955453,0.16205753964474529,0.2766286355631973,0.40576262982627076,104.51437643234648,4,1
track_000287,Song 288,Artist C,79,163794,0,0.7131092481637681,0.678245486507726,2,-5.192888772149725,0,0.060393972383529115,0.6630555692592939,0.11046727721346905,0.27129532799253664,0.6328630300725243,126.70851562953567,4,1
track_000288,Song 289,Artist G,4,157555,1,0.963618378386076,0.7274833322274413,1,-5.793848059156062,1,0.0938319446458658,0.1746996093879876,0.02049228163426371,0.2564454492510164,0.45758613490450584,91.700144712271,4,0
track_000289,Song 290,Artist I,38,274288,1,0.8163132446674887,0.6825434274957406,4,-11.872398542915983,0,0.1942699207137241,0.22376013779306742,0.0905678483517316,0.11879034757833869,0.28199447254621535,156.31479761661927,4,0
track_000290,Song 291,Artist D,89,265405,0,0.8866195199784488,0.8192178404530921,0,-14.161298257344628,0,0.11920873355779384,0.5044930265597255,0.02871579895648866,0.33931524044791495,0.8060325831316212,157.38970548235713,4,1
track_000291,Song 292,Artist J,43,135015,0,0.8156766346883312,0.697422271284368,1,-14.5425810577381,0,0.06114391674833292,0.3173303802877205,0.09450457508319589,0.18650174489962204,0.6702157500026478,143.44422253297216,4,0
track_000292,Song 293,Artist E,23,186640,1,0.8205154639321315,0.5188943419194526,1,-8.101566058103149,0,0.19477381338010752,0.43165386541507134,0.23861147979143596,0.3965458039192347,0.3495835824138959,150.4332143556863,5,0
track_000293,Song 294,Artist B,42,254718,0,0.8345468468585138,0.8544165784771138,4,-10.60207705006604,1,0.20376494026489061,0.4754700679502412,0.04536207195895724,0.09239237701019805,0.3739162941953696,111.16320785145831,4,0
track_000294,Song 295,Artist G,22,248925,0,0.806300218045994,0.8232605011187095,1,-5.379030997850871,1,0.12036192796779802,0.27553140516139757,0.24629103695091784,0.2755327980856355,0.5855026587068398,64.13587560560906,4,0
track_000295,Song 296,Artist H,23,183560,0,0.837908276732319,0.6299749628220798,8,-5.683160135734763,1,0.17739086984091043,0.2215718560998294,0.2543612820867734,0.10940495377838692,0.12128915598854759,114.19827125596076,4,0
track_000296,Song 297,Artist J,50,191641,1,0.848610772927578,0.4814297692594498,5,-4.710176955165357,1,0.04392099229025191,0.3518628163322812,0.08907395684250118,0.17005370997030236,0.5952789970812847,105.47184815325048,4,0
track_000297,Song 298,Artist I,5,294021,1,0.6044712013911487,0.6762531093166566,4,-4.026663815325499,0,0.0477508916929608,0.3367312113313589,0.07098153763553089,0.1712395606619294,0.3667216822448975,151.546160491696,4,0
track_000298,Song 299,Artist C,2,122064,0,0.38248841619953877,0.615319194367601,2,-11.404888132977412,0,0.21409507767541597,0.26987551901670365,0.08134733242119895,0.3912831961560443,0.2778102333800135,155.36929609501684,4,0
track_000299,Song 300,Artist A,20,130960,0,0.8090031453989592,0.4049012123849966,3,-7.40365313510709,0,0.006573232064236774,0.36814805603343614,0.1270007661722279,0.0790511924992101,0.6511026483949894,142.47662303723314,4,0
track_000300,Song 301,Artist I,2,242994,1,0.7566177136742742,0.5049929828551689,2,-7.400253906760673,1,0.04655756575328469,0.34323539326432584,0.0022150294354902496,0.18434760800244937,0.6282018250561164,199.09021845539914,4,0
track_000301,Song 302,Artist D,7,206861,0,0.3381627981766619,0.8705589559976014,9,-11.544256704809996,1,0.1516370715823792,0.05713048958268242,0.1987549060018933,0.16866794320277023,0.5009539520902073,137.49432395000565,4,0
track_000302,Song 303,Artist B,11,266375,1,0.933908852406597,0.8322602778648315,5,-9.907244487017572,0,0.0075221135239008025,0.6772142656077721,0.11587128499617437,0.057205678040769245,0.37808069946654843,92.78721958635381,4,0
track_000303,Song 304,Artist I,84,269352,1,0.9133695960684083,0.7061523165451433,4,-8.937282266379913,0,0.038255364764360665,0.3790663667386276,0.056475591940151115,0.18705208018116976,0.5319960852129995,106.28411339580026,4,1
track_000304,Song 305,Artist A,27,186046,0,0.5917197495238579,0.8840905761882275,11,-10.96307343380077,0,0.027036608745594798,0.38813670972220216,0.10039063511350937,0.11822402012185769,0.38037717902508583,175.23225406096327,3,0
track_000305,Song 306,Artist I,92,168322,0,0.9596404444326851,0.5825902942858665,10,-14.505383448579606,0,0.10292935133710181,0.30456243134300215,0.24125361238912296,0.08445380036328279,0.376327028233218,182.3745314492695,4,1
track_000306,Song 307,Artist A,42,275925,0,0.8814691491785113,0.682873867224394,9,-9.991354467593442,1,0.03378062409257988,0.2989694242177937,0.03885132808498463,0.2984746383506593,0.30472904536356116,141.19467727491553,4,0
track_000307,Song 308,Artist G,89,241270,0,0.6628958677401909,0.5307482089260599,8,-13.295260686683253,1,0.18924644950850902,0.18273465182164392,0.09898713183913661,0.06531794886561305,0.2674764380184724,68.06006114239159,4,1
track_000308,Song 309,Artist E,86,219790,0,0.7678378704286408,0.5421914486736206,5,-8.961259855366588,0,0.014870358109741673,0.17966924389579286,0.005102071850803273,0.32553360356149735,0.2724393540976414,192.85682817674345,4,1
track_000309,Song 310,Artist D,25,144668,0,0.9171225777907233,0.48644480263354467,0,-3.3242714349563407,0,0.147724059751292,0.20568519501833427,0.03593651094781516,0.04696123247911338,0.7767998701432759,108.45553819317612,4,0
track_000310,Song 311,Artist B,89,283118,0,0.9402071879352657,0.7230431553752179,3,-10.86686344539374,1,0.3509426031150103,0.37328684900849385,0.009587494934270569,0.034642867787633654,0.4878821232240619,83.5499043267894,4,1
track_000311,Song 312,Artist F,32,203481,1,0.7042305578889401,0.7441666579245846,2,-8.711547961588957,1,0.08765707791159509,0.4301666384521578,0.23022706724203804,0.07221828521672481,0.37019838792354076,134.70471415712333,4,0
track_000312,Song 313,Artist F,23,134071,0,0.760020127666163,0.4623727874889351,3,-14.683832013672989,0,0.06669438325377645,0.25004028616295415,0.1463006939301294,0.09923628170681277,0.5025280032440228,181.4580202423754,3,0
track_000313,Song 314,Artist I,22,171786,0,0.7909761297094678,0.4971876501331515,6,-9.251511291904636,1,0.2316241632836505,0.20889234592157926,0.08371486319718503,0.28172004105698756,0.2040060026930696,191.73246705789163,4,0
track_000314,Song 315,Artist C,10,203443,0,0.7176171892369293,0.7691856814584628,1,-10.748811344068491,0,0.01932338274869499,0.200031046910188,0.0017452954605796807,0.06574002766843487,0.38317878070124045,149.54639744432984,4,0
track_000315,Song 316,Artist D,21,272777,0,0.8958933145672162,0.8133115412279266,5,-6.02017438653011,1,0.12326071574081682,0.385496800552643,0.15723876459955505,0.15340357456551287,0.5293185598804099,67.78101421271094,4,0
track_000316,Song 317,Artist C,25,220592,0,0.7200364620476054,0.7451828024314884,8,-5.82457519183658,0,0.09085800456143725,0.36391572442793685,0.1680102456018372,0.26595063051829826,0.8509045051870714,183.48674604107782,4,0
track_000317,Song 318,Artist J,33,161538,0,0.5743275334801395,0.6292345433746623,0,-12.821904460542054,0,0.08458168594292126,0.20015141657703345,0.017270305968011497,0.19857943704285702,0.6366525157177234,64.5444198467187,4,0
track_000318,Song 319,Artist B,42,173106,1,0.7353702681297967,0.911529472494043,6,-11.553449146471662,1,0.018097896935939228,0.5685914877427378,0.03144824890639873,0.14084627245506048,0.46400169135928976,80.34430388712764,4,0
track_000319,Song 320,Artist H,18,282138,0,0.5540432726075707,0.4325775270348606,7,-14.050448526303796,1,0.100529337824286,0.13516948960273142,0.08571939446757437,0.06866313061526207,0.7376056808995388,148.3091626346905,4,0
track_000320,Song 321,Artist B,35,152959,0,0.9681099324118501,0.4043137631625467,5,-6.984759065423216,0,0.16454610962720434,0.32960198030741145,0.008674841245523462,0.3745992529807373,0.5024383540391191,108.81839351801698,4,0
track_000321,Song 322,Artist E,22,123449,0,0.8219072943209715,0.7905646141812513,1,-5.680909248200145,0,0.11706652805573302,0.5530774021456556,0.010716464406933742,0.2767894173298519,0.29194847805263746,95.75995934645266,4,0
track_000322,Song 323,Artist F,88,217069,0,0.6726955750052503,0.8305291729342494,2,-8.399535108016753,1,0.1418441654399457,0.6182371703451811,0.15321752346200307,0.36180431210826,0.545933348135037,130.91016814516956,4,1
track_000323,Song 324,Artist C,44,134012,0,0.5118557753137962,0.6021734799952477,4,-12.028573353613131,0,0.10392995383594515,0.12126942645560705,0.035591370411534394,0.4897234654069982,0.4881776760512111,142.42632489910133,4,0
track_000324,Song 325,Artist I,86,260039,0,0.6140660240813617,0.8517889404709325,11,-12.570453796334023,0,0.026424057382761924,0.6457873795174868,0.06378974693784033,0.009995701580527911,0.35659265105506854,101.54044322106573,4,1
track_000325,Song 326,Artist H,8,121607,0,0.78310732978539,0.5549442937761252,8,-11.267499539316193,1,0.181416326781309,0.19987774373106104,0.007103659279873575,0.352701842437615,0.5190300206713426,84.29849521019464,4,0
track_000326,Song 327,Artist G,47,189201,0,0.8244103179410345,0.6650109185427291,9,-3.7496881588850037,1,0.059925364314897984,0.4903798029245834,0.3326565507758407,0.03749606666564715,0.33188054142573814,165.71129269703513,4,0
track_000327,Song 328,Artist A,45,282867,1,0.8055356740278987,0.3687229085585877,9,-7.302115571228546,0,0.0995555181670889,0.20844896798934207,0.15149973196281272,0.11358611140892456,0.36064875999489954,128.50062205052674,4,0
track_000328,Song 329,Artist A,43,156230,0,0.7719748066582861,0.9366484197654709,5,-8.106858203962265,1,0.06715851790346443,0.17149981927943295,0.10021260240440683,0.28124291335564183,0.5896627352683872,98.07511508893157,4,0
track_000329,Song 330,Artist G,4,259489,0,0.808169261137945,0.7590735473352418,11,-10.580846521537042,1,0.03897416829304379,0.3328442456265503,0.07847303272608863,0.3892439173310929,0.5243039126432052,89.596025838526,4,0
track_000330,Song 331,Artist H,21,249860,0,0.6680466003260904,0.7865535134483019,2,-7.391075265497213,1,0.026106953844580044,0.29453805317833354,0.37323099193536663,0.0870206504658599,0.7885771194755589,176.97497017754336,4,0
track_000331,Song 332,Artist B,19,212663,0,0.8400214073361408,0.9312416298174557,1,-11.928180554510659,1,0.1323741403144825,0.7461493459030948,0.11937998502446341,0.2527081373144296,0.48526634050002265,68.63524147543336,4,0
track_000332,Song 333,Artist E,37,232808,1,0.6506537250798645,0.7005242624708561,10,-3.2763473444848685,0,0.031286824872090266,0.3266810985643254,0.11416864902564051,0.2574400208273861,0.5908087221716186,163.53143264198906,4,0
track_000333,Song 334,Artist A,19,133368,0,0.9583604202810704,0.7617478058429936,11,-10.394712835732514,0,0.026773521860570842,0.318783379949993,0.06278954766279217,0.42809832106455276,0.21022499438582878,176.85359305055874,4,0
track_000334,Song 335,Artist B,41,263269,0,0.8050342019142398,0.8814473222291093,5,-9.307528320304572,0,0.03387402845107467,0.21441051732222538,0.11326815504930379,0.2943039673570038,0.23199994902575763,153.00955337231414,4,0
track_000335,Song 336,Artist J,27,135624,0,0.8320172944245247,0.6284593127977964,9,-14.359034841005418,1,0.041607961414016764,0.22928514012157966,0.18337264094890338,0.2514379351673323,0.5080773946003216,131.24267519730685,4,0
track_000336,Song 337,Artist A,28,299304,0,0.8802095920128564,0.7283356409328193,4,-14.770828132761547,1,0.02401910155980775,0.12953057784205962,0.024359664240902162,0.24383842722202928,0.43568240651033313,60.612357519621305,4,0
track_000337,Song 338,Artist E,35,130108,0,0.7716155442410796,0.6849401480191428,1,-14.790382436651969,0,0.03248438661174445,0.10300175075375294,0.2463594197153948,0.3692429507315559,0.5131975210482868,156.40810058607605,4,0
track_000338,Song 339,Artist I,22,175262,0,0.6966167861436983,0.5710257199923331,3,-13.479339948567876,1,0.07563431202258665,0.10308650143910188,0.053906472351363546,0.5836443354660501,0.7273497679335641,112.59881275323787,4,0
track_000339,Song 340,Artist F,50,190496,0,0.8323058695463809,0.8545534650702359,3,-6.7892554693436935,0,0.05013005684676089,0.28489987509134024,0.059768610021173355,0.15788020058831717,0.17760048872658346,118.0468087355069,3,0
track_000340,Song 341,Artist J,24,218171,1,0.666150182354683,0.9047779557545984,0,-12.147614876325253,1,0.053607514386882126,0.327537890172654,0.11735368762204763,0.301872328468508,0.7377247295478734,96.82721196167122,4,0
track_000341,Song 342,Artist H,26,128752,1,0.7053126485835673,0.7836031075373395,8,-10.011557060580852,1,0.01582104941568669,0.21797837097062525,0.0896132850580783,0.18392041999467582,0.7152092749546269,112.94122586094454,4,0
track_000342,Song 343,Artist D,22,206675,0,0.5647661971124529,0.7047257095014691,7,-11.970690443664388,1,0.06543911230233498,0.4628387668988104,0.07352306648451748,0.5221206173075977,0.36110731419843134,85.24061828618969,4,0
track_000343,Song 344,Artist C,27,215024,0,0.658757752881745,0.8581221024978228,8,-10.951286025014802,0,0.1845246154214573,0.13097397047561632,0.016086345990246564,0.23181926578039627,0.3869159334718231,75.25602810254821,4,0
track_000344,Song 345,Artist G,26,158079,0,0.659501862979262,0.8641478903351706,7,-9.245506498725259,0,0.11439207705898607,0.11394570838385627,0.06222843549202363,0.2700458224212809,0.5541766173042277,188.49235562934172,4,0
track_000345,Song 346,Artist E,38,134718,1,0.8439723544266399,0.9670461999263652,1,-11.621108569733638,1,0.13438408095080692,0.24476694567128746,0.06681749641084814,0.23266863456633702,0.6247294660665634,110.28707633448542,4,0
track_000346,Song 347,Artist C,13,263936,0,0.6498182776998918,0.809265364884626,8,-12.410700042687727,1,0.033348449902387736,0.40624597853522315,0.239141391305775,0.15091637104495043,0.4887605120667245,97.96488999956848,4,0
track_000347,Song 348,Artist C,82,231145,1,0.6755669307996433,0.4339055560847186,9,-4.378568149108247,0,0.035192932296984815,0.25455557806350887,0.06812705957450997,0.226525064133734,0.5794892129294409,117.23811264150956,4,1
track_000348,Song 349,Artist E,42,208075,0,0.6909598450561918,0.7244299688580381,9,-14.774588086953818,0,0.04751811402123943,0.22709428652356464,0.05631780620137095,0.1966490722593149,0.5235648282995091,197.89130165592087,4,0
track_000349,Song 350,Artist B,8,227504,1,0.878022432412519,0.8884910588605053,5,-3.668915524252185,1,0.11463114571515762,0.23294298149999806,0.0009311555591350991,0.12862825322550353,0.6449856243597365,101.45149247896305,4,0
track_000350,Song 351,Artist A,10,247024,0,0.6916697544359867,0.6037072087266068,0,-14.932174741905783,1,0.19489393305500322,0.660788648700383,0.08527835010376346,0.15399343337913549,0.6991483348475988,174.30353978407814,4,0
track_000351,Song 352,Artist E,29,224471,0,0.8915667059023429,0.9651989901499272,4,-13.432506203080903,1,0.16974020196414022,0.3248644660775664,0.1448355812301098,0.2766273064912405,0.3331835598215909,184.50266133595056,4,0
track_000352,Song 353,Artist A,85,131273,0,0.5482055466476513,0.8822621131858519,8,-6.510542499205183,1,0.26956338772529354,0.19858362661342194,0.036156673351489726,0.28623312751698243,0.7855191108019557,90.33613011875498,4,1
track_000353,Song 354,Artist J,6,165693,0,0.7785305463437909,0.9283477111744717,6,-5.451611607942153,0,0.0496900148970884,0.40967806006642943,0.08660180137786966,0.009521499361143946,0.2963762396295039,198.48578301125343,4,0
track_000354,Song 355,Artist B,30,242388,0,0.7144071978914005,0.7932052100249584,0,-5.2130023171765405,1,0.030737975412167103,0.20367609849078544,0.021573583519661862,0.09229052640679175,0.5382069783377109,193.5622125766862,4,0
track_000355,Song 356,Artist D,47,293998,0,0.5530019836203678,0.8286678123979496,9,-12.046810529084208,1,0.026797108237621235,0.059532127681471515,0.03703087291708967,0.18768382114422144,0.24591933166881338,192.55076411942687,4,0
track_000356,Song 357,Artist B,98,149373,1,0.7911471540212516,0.756721785192119,8,-13.471814683489377,1,0.17165849170043734,0.21416902765381804,0.24838012105933702,0.19904563387867558,0.4468799027719518,139.12425587135124,4,1
track_000357,Song 358,Artist J,88,216643,0,0.9593824381621459,0.7997722673140137,2,-5.970695922623362,0,0.04451157076253407,0.5167027865234831,0.3012856609009144,0.16104625391680763,0.49752510061192756,121.1909315860465,4,1
track_000358,Song 359,Artist J,30,176539,0,0.7734822907008405,0.7572593406279235,1,-8.26170481472226,0,0.10399971361469264,0.08560240444817292,0.09075933392728189,0.15640163725525066,0.7560503637025434,136.8951779929052,4,0
track_000359,Song 360,Artist G,22,155255,0,0.7466804790933661,0.7646784143944511,4,-13.57593009513835,1,0.35997140188410615,0.4853284534068068,0.0253940696406724,0.3184848028449059,0.6567449654591482,108.85929094226753,4,0
track_000360,Song 361,Artist F,1,267349,0,0.7570652004246405,0.3941519008160553,9,-12.213782598356497,0,0.009384487274907644,0.1449859368713775,0.08323321762248383,0.4856336086410406,0.5230766430339588,79.32386525130555,4,0
track_000361,Song 362,Artist D,3,218979,1,0.41085698267879195,0.6805106786719145,2,-12.041744449927581,1,0.03397364332965525,0.47940115122205756,0.0076757825786814135,0.2553586444069743,0.384495999307949,136.9983782212334,4,0
track_000362,Song 363,Artist C,46,260892,1,0.8062604821589916,0.2713225242302017,0,-14.360039181519046,0,0.027186551261186204,0.35142408106989426,0.011093363123527041,0.1552337857460593,0.6255654636904134,155.54706927316067,4,0
track_000363,Song 364,Artist H,22,288862,0,0.870340428143387,0.6922508280324674,8,-7.620789864994231,0,0.02366493271602637,0.35839366198845907,0.006147445637872578,0.21259232088738414,0.5591837430779967,61.09293722844464,4,0
track_000364,Song 365,Artist F,11,182325,0,0.7107766064586278,0.9097586801227421,3,-5.678023566620537,1,0.006521746743107277,0.2501640256657009,0.15352195715927974,0.2740626326462635,0.34508590007702483,107.4576325073439,4,0
track_000365,Song 366,Artist D,43,181526,0,0.3183718392324754,0.6169760742696647,10,-7.925935389894895,0,0.0345884001839168,0.14402382345677792,0.20980424886567667,0.10443928178862678,0.7038339801636239,195.25358897230734,4,0
track_000366,Song 367,Artist I,17,229813,0,0.7655441984364765,0.6735403596780152,5,-3.5212328572659715,0,0.13092645580460974,0.4485683873799487,0.24117404363072947,0.23663435450579431,0.4593803220777054,129.53885815754677,4,0
track_000367,Song 368,Artist F,22,184967,1,0.8467758213759757,0.634556506526213,11,-13.168164239992716,1,0.108096145374587,0.19245779827001755,0.20624071831310978,0.18376341632282658,0.43199345081002793,123.24256188264583,3,0
track_000368,Song 369,Artist F,15,276049,1,0.7336071502620756,0.6127487037490842,7,-13.124863922263733,0,0.01865376232398793,0.7450736118233352,0.08543221354331207,0.033553687227352164,0.46917105187756286,158.13575164093686,4,0
track_000369,Song 370,Artist C,38,299575,0,0.45168283413196164,0.4452969462694505,6,-14.411357128946474,1,0.09596553610713413,0.10349968789232923,0.021547384178290867,0.29177054525490553,0.6848080762673653,139.45501010388483,4,0
track_000370,Song 371,Artist J,14,172664,0,0.3385969487868834,0.750205086456231,0,-13.359659106131565,1,0.21837140426596216,0.19172094289482125,0.03462072133190315,0.37501472950670733,0.5362885780140251,130.94967342152398,4,0
track_000371,Song 372,Artist H,96,280545,1,0.37829443409978053,0.8593544219613136,8,-8.494841889620176,1,0.1050363474633736,0.39658730577795365,0.06461113110945012,0.20120035360649052,0.5608956771817654,69.99616815216697,4,1
track_000372,Song 373,Artist D,11,185875,0,0.7648096642558483,0.6246204460356168,6,-14.985556633091786,0,0.02707167408508778,0.43887530421292165,0.13580224590167686,0.21537562489382536,0.6764430244860513,62.74851799427147,4,0
track_000373,Song 374,Artist G,47,241035,1,0.6684598977001281,0.39998569417238544,6,-6.861808984931184,0,0.1912192259031985,0.18092710306416565,0.12280122677529907,0.5902103468680331,0.39299529828255225,186.96549482873587,4,0
track_000374,Song 375,Artist G,20,192618,0,0.5990550867115525,0.9920613703859117,1,-14.096142813991142,0,0.03867546999571754,0.30514551470942386,0.1221498348254617,0.12039500794986586,0.421151588123746,133.08327847300882,4,0
track_000375,Song 376,Artist J,9,129495,0,0.7666842597387553,0.8589196356133769,8,-9.251715220689913,0,0.05615023957718933,0.19345623148076022,0.1042410073505798,0.10880222080683688,0.7718302357139123,157.0753003637729,4,0
track_000376,Song 377,Artist E,75,150346,0,0.7953600886863288,0.5159134591591096,9,-12.031863946279872,1,0.04653538656089246,0.31600212059689525,0.21552622570766503,0.3045937908995878,0.4964508538331311,164.36538534898773,4,1
track_000377,Song 378,Artist E,85,185206,0,0.8780728116284484,0.8138344867044516,11,-6.402121640009094,1,0.10977788787214371,0.2754371204607214,0.28411051880882593,0.14579225573659427,0.4706937946882819,137.06025431259687,4,1
track_000378,Song 379,Artist C,91,241988,1,0.6871774104278647,0.8388173208071025,8,-6.621204122242439,0,0.12807081587459476,0.2587358854741528,0.08459240833469701,0.17850805380876378,0.3396679599546231,105.02235699136685,3,1
track_000379,Song 380,Artist G,37,286804,0,0.8581455442673964,0.68395127804953,7,-8.83148652386155,0,0.013180866555908239,0.6936340536872929,0.10786888208687746,0.31132638183429084,0.6944738979394629,166.72462663715663,4,0
track_000380,Song 381,Artist D,11,172776,0,0.6623597629757934,0.5466796008369466,5,-3.276822998432216,1,0.1393138064525199,0.3606940684081248,0.06958456712463763,0.031024099029050886,0.756503782895868,101.69019025210184,4,0
track_000381,Song 382,Artist E,25,202604,0,0.7775397096941601,0.8846341684722964,0,-11.502731000374467,1,0.23541197915577544,0.1612453190505989,0.09267959685733808,0.1634574923726097,0.6333347566508094,122.96182316532946,4,0
track_000382,Song 383,Artist D,27,143212,1,0.9691958950998606,0.9661053281998144,6,-7.505783815627835,0,0.09843005956493087,0.16988947314416084,0.0913602536790433,0.2804760290355403,0.42973194971531486,102.38211280655901,4,0
track_000383,Song 384,Artist F,8,191455,1,0.7009749436267008,0.8167050306792315,2,-13.801364184028719,0,0.08260345622465273,0.23798279849121037,0.21159073479672524,0.22900368369734825,0.5770264389582168,195.47059298259322,5,0
track_000384,Song 385,Artist E,34,129752,0,0.7553962387123597,0.8220345409604818,5,-6.46070726873965,0,0.2922273891776565,0.3419188798781374,0.10927251998443477,0.10791443902186751,0.658706854577038,154.27891203456187,3,0
track_000385,Song 386,Artist H,92,285819,1,0.8039728222426547,0.42128234950874627,11,-9.675140671066028,0,0.13103700143186292,0.16725119383413642,0.0038064565374719486,0.15628434237661332,0.35442467483460877,105.24656987645108,5,1
track_000386,Song 387,Artist J,33,295785,0,0.6567902941497287,0.5403697801350912,8,-13.582133400666548,1,0.0031432966770431003,0.14898317376211032,0.20221705737152662,0.23565289521780197,0.598716485905402,149.2226756999654,4,0
track_000387,Song 388,Artist C,55,278497,0,0.6798149998714307,0.7209483641595942,9,-6.04169181406864,0,0.11706556081303415,0.22538161838423265,0.06591069369277032,0.3399197014654613,0.4696652428773064,177.5474294206185,4,0
track_000388,Song 389,Artist A,43,263746,0,0.5889800477508083,0.6213664500719152,5,-13.316126700436861,0,0.07472366268793773,0.47443769691309307,0.2219189612247384,0.03534536278219824,0.5453819104716452,147.55566818325778,4,0
track_000389,Song 390,Artist J,42,131957,1,0.7348469361230345,0.6505075231292669,0,-11.707410675950996,1,0.04939868647011541,0.2772455747006247,0.032690257177138735,0.08558913020344532,0.4585895232676345,121.1027758352358,4,0
track_000390,Song 391,Artist A,21,150215,1,0.4652126213146601,0.5553065984367479,8,-8.98123016015239,1,0.0024959164563731037,0.4611456899657432,0.03710835488001955,0.1078123497781351,0.45276336334060346,96.79399843741183,3,0
track_000391,Song 392,Artist H,37,239058,1,0.7436067244497765,0.7857499898737409,4,-5.3486268772539205,0,0.05054607182439741,0.23610395402272813,0.04191034041432334,0.08226452338121482,0.5017884868916085,92.98992647995618,4,0
track_000392,Song 393,Artist I,48,223166,0,0.5277646848615055,0.7982277043547562,2,-6.088784141608921,0,0.0002357639107721014,0.3144921084794702,0.014478557584179126,0.07225308785561556,0.5555698311513405,177.54811425965886,4,0
track_000393,Song 394,Artist C,19,219423,0,0.7702168918741175,0.6255844676810196,11,-11.265535688060304,1,0.0036991211442459924,0.1560687623173739,0.03367490284746865,0.0575884127774438,0.46125888319158503,73.27626143817419,4,0
track_000394,Song 395,Artist C,83,296535,0,0.4598555035029631,0.7670778822345681,11,-3.162881446277643,1,0.029165574298585097,0.16211864825860164,0.11716904618706271,0.04695341724596893,0.37059902759968427,134.55208176591282,4,1
track_000395,Song 396,Artist C,24,236905,0,0.7429832705933497,0.7094472444192624,5,-4.409408226427821,1,0.08161239862151204,0.040302221028054815,0.1416115989199866,0.17007952227543224,0.7761053335381275,67.08057925106145,4,0
track_000396,Song 397,Artist J,22,278801,1,0.8462866602194874,0.5550565793187685,9,-3.7332942316197677,1,0.040650340420817554,0.47512610611829637,0.20772662327787084,0.4085864363081541,0.1340604202142717,161.4483871659151,3,0
track_000397,Song 398,Artist H,20,257719,0,0.8503584650856487,0.928692215983535,7,-13.028836035352512,1,0.0005182139185560648,0.21795836084063164,0.15208967430138978,0.12270221041600905,0.5531496738114403,182.14378837518314,4,0
track_000398,Song 399,Artist D,80,250819,0,0.4427879945250106,0.7102984867733073,8,-8.415364733003408,1,0.04937785176147506,0.09030789992551348,0.03918379918722773,0.22357401242151806,0.6030006000994358,161.68010496253683,4,1
track_000399,Song 400,Artist A,19,197712,0,0.9686166406535457,0.5626094166427345,9,-10.8420592418781,1,0.03653698535961551,0.07639134796802521,0.0692514190216327,0.07565840241883477,0.5721779482657967,123.78551033437986,4,0
track_000400,Song 401,Artist D,30,184538,1,0.5370489178907184,0.491606575593808,7,-3.2934816753125595,0,0.003541844284000644,0.20014249236924825,0.005621603725175996,0.08079957779865475,0.4141035078683082,64.80650395999946,5,0
track_000401,Song 402,Artist F,14,209432,0,0.6015593348124155,0.7782777318593194,4,-7.061225181919134,0,0.08439712589216197,0.3378896361215734,0.14479621745978785,0.15227068481022044,0.25439670440451995,162.27596840952106,3,0
track_000402,Song 403,Artist F,24,131251,0,0.21581774427118203,0.9083769322755179,9,-6.948733130847527,0,0.2153645893831892,0.4064021373553867,0.03127852513147571,0.17157334093149784,0.7106193597687553,184.48029467940995,4,0
track_000403,Song 404,Artist F,31,226393,0,0.5653494639471213,0.822519789377362,5,-5.364841903508685,0,0.01037067885576374,0.31812061456212987,0.059831931341979304,0.4389744765478456,0.5016102196845286,199.3240551323653,4,0
track_000404,Song 405,Artist D,15,201897,1,0.7632631769200972,0.6940581273544533,10,-14.656861939686692,1,0.023434847103915184,0.15482061858382237,0.01394242796005413,0.14729970024010547,0.7559576201395591,138.02830906030536,4,0
track_000405,Song 406,Artist A,10,288904,1,0.7192476303017737,0.8556622168884215,8,-13.309204343122486,1,0.23620224113182223,0.45103515399614963,0.09751461629614899,0.30323167425317277,0.38648249194474193,160.68751847191166,4,0
track_000406,Song 407,Artist J,13,292115,0,0.8417368373641899,0.759045389997075,6,-14.153588457152138,0,0.027032002611416202,0.07444021830614479,0.4321309790485742,0.07706131172322106,0.38701734374036184,134.79477920919555,4,0
track_000407,Song 408,Artist J,24,197015,0,0.894452793795536,0.8240421870889663,9,-9.328641496390325,0,0.324691036321339,0.1093387831307629,0.052966635008748604,0.3061142929572513,0.533895039114086,170.1879315586513,4,0
track_000408,Song 409,Artist J,97,145345,1,0.4202863304403848,0.7985783929280325,2,-11.997546155237497,0,0.15475132083156026,0.223909780970595,0.007880145491606469,0.3689101059543643,0.639114014236652,85.75263849863376,4,1
track_000409,Song 410,Artist E,3,256087,1,0.8764021533299721,0.8558217111562156,4,-6.50442711793924,0,0.08891347459475182,0.30823896483517316,0.03718964794431062,0.28758438071542636,0.36874005740581056,95.1125785501255,4,0
track_000410,Song 411,Artist J,5,174431,1,0.6256824260693801,0.6442055441054945,2,-4.792986362133032,1,0.26930262511845093,0.19405876196959485,0.035657942683279716,0.1347949956358277,0.18456174189511576,84.57160334516946,4,0
track_000411,Song 412,Artist E,82,268640,0,0.48512906149994506,0.9539185840506322,11,-8.288467348256395,1,0.07010518210363992,0.5450423129081807,0.0396198406068332,0.03966161790914915,0.17866655983094026,100.00239999920937,4,1
track_000412,Song 413,Artist C,85,216344,1,0.7303946747291892,0.9193818314053426,6,-11.024438768352002,0,0.2159412177682464,0.07117241474240145,0.1144295324333126,0.21222546271255877,0.191753138614817,95.49086644950205,4,1
track_000413,Song 414,Artist B,40,205997,0,0.5158989170406357,0.7842422482694706,6,-10.540523875706787,1,0.22994643813275392,0.4473047151804229,0.06258564986628079,0.13204893854971728,0.4559547152666009,172.65402649977818,4,0
track_000414,Song 415,Artist F,18,207507,1,0.9339306066938056,0.6887861769214764,4,-14.257662907400475,0,0.13450253677362484,0.25234275956256297,0.1051382642563231,0.15781316276694837,0.5064749859786828,185.81702753230252,5,0
track_000415,Song 416,Artist J,34,273207,1,0.6867360550175376,0.5647548114685201,7,-7.985741814741683,1,0.21401003158464815,0.07774929943479132,0.24383446072570952,0.31506082727803114,0.36135377602537777,110.57399116574146,4,0
track_000416,Song 417,Artist F,92,130680,1,0.6610089436718636,0.8251029744740036,5,-3.5816514554849253,0,0.05773893023144871,0.1988752558631476,0.021171661783692855,0.46054545703079275,0.5878063675695214,94.27350360852611,4,1
track_000417,Song 418,Artist C,15,277381,1,0.495652848097952,0.893734224804098,3,-14.065559228323604,1,0.07333637423612412,0.6173309346217891,0.08118067391052315,0.07638455020308269,0.3835068687347117,101.98782678678938,4,0
track_000418,Song 419,Artist E,19,285625,1,0.6141265490151069,0.6156979536442675,3,-7.88454872487116,0,0.07170146996066748,0.46911501407242795,0.018353798823009873,0.023589375901804727,0.6587324951245663,116.8447889232117,4,0
track_000419,Song 420,Artist F,15,251310,0,0.6538412828115158,0.5247133422047324,4,-12.757085582075073,1,0.2468890427660432,0.1627746818802256,0.023614396850138504,0.25285238576668334,0.35197078684690525,166.2508168717875,4,0
track_000420,Song 421,Artist F,22,246618,0,0.6955890166994584,0.6856174631840278,8,-8.864105476066483,1,0.07384744064452518,0.2341121496161383,0.19252927811464626,0.24587181061455912,0.7563224262990385,192.28446367009352,3,0
track_000421,Song 422,Artist C,47,165013,0,0.7077139595705344,0.8920490110253965,6,-13.869331455029911,0,0.3605966167795491,0.030808102038050372,0.17432198045784908,0.23097877894324334,0.4863471004143811,93.1706688840443,4,0
track_000422,Song 423,Artist I,11,212680,0,0.8016599990422253,0.5957473940928495,3,-12.001281661591623,0,0.06003806374463594,0.19896995592762742,0.08935342297815103,0.43488530921866947,0.7042409560021311,177.2691784156021,4,0
track_000423,Song 424,Artist H,26,193947,1,0.5992538726715235,0.73878573011717,6,-8.841448098819024,1,0.011927920000732669,0.4683456166340462,0.015822756275401837,0.3543957741170659,0.3260953201249758,185.7591590561313,4,0
track_000424,Song 425,Artist J,20,148807,1,0.35101562530749025,0.7760657532272889,7,-12.032378414067326,0,0.14179607066698446,0.47264182599754045,0.13962828043887326,0.21584627922692506,0.681832681834017,71.775413903356,4,0
track_000425,Song 426,Artist C,11,176317,0,0.8962945342102009,0.7926860206422659,1,-9.743618602386364,1,0.00199200185154995,0.1986205132672975,0.059099492634423316,0.09881447013297165,0.5391707681677508,173.32977901861858,4,0
track_000426,Song 427,Artist F,3,170317,0,0.6911975009556529,0.6626941464271545,1,-9.917710892387728,0,0.1340937054770054,0.32312380538870056,0.004580242102633542,0.1629917633632586,0.5243090350332312,116.68560750148302,5,0
track_000427,Song 428,Artist F,27,235792,0,0.8266256538476072,0.4894005313544728,2,-7.966555814334037,0,0.018828668741239552,0.03951186913983853,0.20877906858779224,0.19901584542297118,0.6025381123536029,96.69834706235996,4,0
track_000428,Song 429,Artist J,13,161163,0,0.3799909519754187,0.30582702103829984,9,-5.067363026507902,0,0.024297502775731637,0.24258585921097456,0.005781714952809671,0.425200664549266,0.48178820331325367,176.35945502095356,4,0
track_000429,Song 430,Artist D,18,175535,1,0.8307243757900827,0.8986192341515689,4,-10.06869800135223,0,0.010517975363434608,0.31828967776132944,0.029830672849670677,0.10747078394361688,0.4631594194720024,116.73160961010676,3,0
track_000430,Song 431,Artist C,17,255824,0,0.6061705013357024,0.5304729478695339,4,-6.874045482330324,0,0.0785786681752365,0.3340292391694477,0.17060241986857216,0.17812989018154468,0.5315520522042332,193.87628772383337,4,0
track_000431,Song 432,Artist H,40,190559,0,0.5937908593948834,0.3826568281248991,3,-9.71568963088566,0,0.00830825758574963,0.15772339227941484,0.26494315237515853,0.08253887764840777,0.19232115582599008,103.08493232509483,4,0
track_000432,Song 433,Artist B,32,196737,0,0.9007148143022738,0.5080403295288682,4,-4.816466415348263,0,0.059382081545072726,0.11662653916441422,0.21197626694863053,0.16032283481530624,0.7279569374924798,127.47219911498091,3,0
track_000433,Song 434,Artist E,10,203866,0,0.5319804483209094,0.6395154713409792,3,-7.887592345945208,1,0.23637779630191585,0.4609819668851198,0.06180318090854683,0.13739294357443985,0.651333856832077,154.80661315674996,4,0
track_000434,Song 435,Artist J,5,160880,0,0.8729267482093287,0.6369319787390061,11,-9.674887466635974,1,0.07774043676975924,0.5625072128181741,0.12532149246818064,0.10586295648070233,0.18565106509837612,146.50028156871582,4,0
track_000435,Song 436,Artist H,19,185197,0,0.7127716603611645,0.7785051630946902,6,-4.2109324804728825,0,0.26598762131454673,0.09289920818383836,0.13497746242176847,0.022118878257069364,0.2610964122419881,170.8426050199514,4,0
track_000436,Song 437,Artist I,28,149024,1,0.6492813291969215,0.7394936223610592,7,-8.287257064338359,1,0.02064502617464258,0.48083390985930763,0.13270978554713142,0.07174719347615481,0.1801854643369664,130.84074686737125,4,0
track_000437,Song 438,Artist E,87,287139,0,0.8882027261859722,0.87894637872596,10,-12.720041889572586,0,0.05360260056489155,0.19935148427186175,0.06281710668841015,0.47690375494830484,0.6940174856748482,120.30841771324788,4,1
track_000438,Song 439,Artist H,43,140193,0,0.7615340881207998,0.7073126399258183,7,-8.678364973728762,1,0.02802522291406819,0.32335038669028004,0.03814464635577377,0.1868129108806219,0.7319332924341095,192.19764192470086,4,0
track_000439,Song 440,Artist C,30,124260,0,0.5381896089982985,0.7903249266505998,7,-9.66473280916679,0,0.22832752004432932,0.4582452815293307,0.18571245616387094,0.13980034358419696,0.4856103738270064,139.3470389393326,4,0
track_000440,Song 441,Artist D,20,203794,0,0.7812501453589805,0.6472825190130314,1,-14.79684777089358,1,0.07911354695606271,0.2891070867008065,0.05229676563290607,0.10054815548932014,0.4190154201174862,163.19749522564683,4,0
track_000441,Song 442,Artist A,23,237886,0,0.7264541802499623,0.7511652074727354,2,-7.873747623530391,0,0.007155672125387711,0.07846916498723672,0.12054078999833244,0.10017811753165627,0.4870550035018455,63.099593424742,4,0
track_000442,Song 443,Artist C,11,141788,0,0.7562726232701378,0.5846049282020258,4,-8.049345725146718,0,0.16853030072720587,0.18503933396885014,0.00646446576853431,0.11436303419675033,0.2979148172786071,151.24842703467448,3,0
track_000443,Song 444,Artist B,40,296561,1,0.9272987349314125,0.7834418221161281,6,-10.294465740158541,0,0.029013421137032546,0.5458682954332185,0.09967932796300723,0.17190967765573564,0.23638343771085385,187.77245542607778,4,0
track_000444,Song 445,Artist G,18,259988,1,0.8938262057701082,0.3272715435591958,11,-8.143781211516655,0,0.05769145915372971,0.44385431737733916,0.22583302733621624,0.26178662879236236,0.5232688619854888,95.05590394118964,4,0
track_000445,Song 446,Artist D,19,149379,1,0.8958288619609632,0.8685271851096276,6,-9.53682783149781,1,0.28125397140240715,0.12918212227669934,0.18071717711716653,0.31277917086214563,0.5552097880987574,138.77334929188663,4,0
track_000446,Song 447,Artist C,55,257662,0,0.678623081766761,0.4673966164738857,10,-5.037211623189952,0,0.024879395241267196,0.44205703738749663,0.01357219370388,0.18218889002538388,0.3183233274211549,113.74249348079886,4,0
track_000447,Song 448,Artist B,26,131628,1,0.6625138341842357,0.21970524568653116,6,-9.377879400962106,0,0.036597445998640545,0.27254120724933373,0.08389480821272581,0.24987624326571795,0.5382962291859598,64.06558630929071,4,0
track_000448,Song 449,Artist E,41,239558,0,0.6264390914129891,0.6988516038499444,8,-10.284666727519681,0,0.08841673985983595,0.3884036542324359,0.00810195581486311,0.03950467564211006,0.4125513753915934,199.07881534155948,4,0
track_000449,Song 450,Artist A,9,261994,0,0.8276303963687787,0.43984451346719144,5,-6.069176898753135,0,0.09984673128279116,0.18509327622927924,0.04752607186977385,0.1016564226296418,0.3530196983182855,129.73687229962076,4,0
track_000450,Song 451,Artist J,34,152600,0,0.4119919676265218,0.5104416128252133,11,-13.561391140981357,1,0.06256242933996531,0.38709618065672474,0.014532994214676888,0.23533244038124695,0.39591727873678545,82.25511316316829,3,0
track_000451,Song 452,Artist J,4,151415,1,0.14844820724033492,0.8737447005282204,6,-13.981259346596357,0,0.027259131516788652,0.413105125304971,0.10204201849193903,0.11124524406970565,0.6961992365715335,120.77069518756875,4,0
track_000452,Song 453,Artist F,8,214330,0,0.44829703310392266,0.6094822480114734,4,-5.327370237759366,1,0.19729319163298908,0.14734131900306602,0.027364387580046005,0.13338620893156994,0.8215637485980544,199.15968267791396,4,0
track_000453,Song 454,Artist H,14,296684,0,0.7903809330274666,0.5441280504937541,2,-8.795823313359408,0,0.03713239252346462,0.267660884831222,0.05959869892392085,0.10649464360270691,0.3199773012990707,188.33538551124585,4,0
track_000454,Song 455,Artist E,19,187875,1,0.603576429279016,0.8219067509649196,10,-9.610323738487308,1,0.012925356653624561,0.35857988761048953,0.2973557625998005,0.3644455901743852,0.6600154208110623,197.70271087780645,4,0
track_000455,Song 456,Artist A,28,133317,0,0.903622032662715,0.8254526471157598,10,-11.65241475362039,1,0.15136110710796663,0.45258007344339013,0.03595335074453971,0.10753997647659257,0.3405730991672312,97.57297113880068,4,0
track_000456,Song 457,Artist A,23,155539,0,0.8160915314447215,0.5212504855468929,1,-9.591994552719225,1,0.058651960762940776,0.23696598905320485,0.04029746839311666,0.16636343129910416,0.5442758844082238,151.85803261140825,4,0
track_000457,Song 458,Artist F,46,136689,0,0.7293234915978453,0.4812008665062784,4,-7.417323933577748,0,0.1310818568125919,0.11498299852128722,0.13784160753290892,0.21538543559197337,0.6932132198797103,103.40025938952274,4,0
track_000458,Song 459,Artist G,26,180012,1,0.7937226235785754,0.5969058726609436,1,-10.801522911598152,1,0.09619695619007858,0.17478676380398822,0.03532528164837235,0.16990932181862045,0.6579255437620075,107.7068885088442,4,0
track_000459,Song 460,Artist D,31,144642,1,0.934157491265754,0.5732432371880586,8,-12.262531160156062,0,0.07405325786881321,0.17053479477455089,0.07518904446758844,0.17155534103234138,0.5648249568873416,85.63895202004778,4,0
track_000460,Song 461,Artist C,10,256763,0,0.9217118124369336,0.722210800725688,2,-8.516077593095337,0,0.053615233367336,0.4937252602845246,0.18659230738287272,0.05114065116111527,0.48558779594103474,86.05850161153393,4,0
track_000461,Song 462,Artist I,45,289870,0,0.7320119308001168,0.9638084596447709,11,-6.504233983402948,0,0.2438013430974909,0.16813222734225614,0.049344647561782584,0.17272879026024532,0.3478413837783374,101.99880587751956,3,0
track_000462,Song 463,Artist E,13,298054,0,0.69128642710928,0.52309761812721,0,-9.872042088311906,1,0.24832501838256246,0.3827752570521467,0.05568891247129852,0.3197332131184788,0.49487856530412877,152.42416983057396,4,0
track_000463,Song 464,Artist A,40,165038,0,0.6743673898571947,0.7570297566876772,6,-7.694374890018047,1,0.07350581288952872,0.5511916406606936,0.2410409998759558,0.08725488496906957,0.4969940963857692,162.99765074287552,4,0
track_000464,Song 465,Artist F,18,131230,0,0.844789474246096,0.8505883462022649,4,-4.895906257936691,1,0.032179140609941495,0.4472257269775531,0.2555857723400937,0.20952782883579293,0.3125123762261874,100.38416905853798,4,0
track_000465,Song 466,Artist A,26,189110,0,0.6055200504910586,0.8790168941555131,10,-14.495563173714952,0,0.37271851287961044,0.2774827258851058,0.17362343743105987,0.21067825736423373,0.3155634036063736,173.83217497593475,4,0
track_000466,Song 467,Artist E,4,134962,1,0.7774960448993412,0.6947859453838122,7,-11.527462789536866,1,0.18444885778045086,0.12390704813140406,0.22127703991373868,0.028015349533061784,0.44824634741590164,136.95579581945307,4,0
track_000467,Song 468,Artist H,9,210388,0,0.45715773554040745,0.8275859678517064,7,-10.135892114720557,1,0.1593710186884103,0.28573434670371395,0.07986688610278053,0.2181183042495057,0.4389195509050008,65.30837217030867,4,0
track_000468,Song 469,Artist G,84,247386,0,0.5320586616107218,0.639778309281736,6,-13.71587192874695,1,0.1435138136757415,0.30133981843444185,0.007703713615119769,0.12297565194993461,0.561995770077732,147.88964432028732,4,1
track_000469,Song 470,Artist A,47,231264,1,0.9079417493337525,0.7491297073992158,8,-12.60214895590363,0,0.10183744400996188,0.06955577930204616,0.23895518247766048,0.16541133875377328,0.7638842933795194,159.54318046431416,4,0
track_000470,Song 471,Artist E,17,238208,0,0.641406317863055,0.7585798495839707,3,-11.427361823297797,1,0.16048617212123772,0.1525168479563351,0.14611274451867018,0.39587125362445025,0.790155921981174,65.79378739796098,3,0
track_000471,Song 472,Artist B,21,176143,0,0.951889127725039,0.6669504304080627,9,-4.789124134188004,1,0.3469600912918643,0.2931198852905505,0.21483636911967247,0.06765202479829431,0.7504398503570099,183.9395794619618,4,0
track_000472,Song 473,Artist I,49,241657,1,0.7254250288793695,0.4024063320204714,4,-14.551780382210247,1,0.05736638158576779,0.24112480507251555,0.024518714489861572,0.4938135998737916,0.5822482431942759,193.9766665594435,4,0
track_000473,Song 474,Artist H,35,229885,0,0.7541871078741925,0.7965022606865431,5,-4.320030209026415,0,0.025743503547757257,0.029018970932346743,0.0327646105836835,0.15578198122950934,0.47518257008406983,99.44030654664952,4,0
track_000474,Song 475,Artist J,16,159222,0,0.8065799248011775,0.6929130018301122,4,-9.683519897327862,1,0.1889546561486167,0.11895211826532315,0.06541591961192837,0.1549211495520991,0.4463737371755779,197.20005818390638,4,0
track_000475,Song 476,Artist B,32,224691,0,0.5135592451738208,0.6698767088417997,2,-8.179832990421037,0,0.1423598390488939,0.09147964504470095,0.05643186533332725,0.311706131753628,0.6962951129694362,173.26259591733765,4,0
track_000476,Song 477,Artist D,94,294473,0,0.7060788192538764,0.6057854414764132,11,-5.766408066627408,1,0.047073817859338715,0.5001682056731498,0.17894858610386322,0.33765736101979327,0.5691365672327614,109.56069204537397,5,1
track_000477,Song 478,Artist H,8,297800,0,0.7071234604711865,0.8009778515525795,2,-3.7819823738971756,0,0.011494030949670615,0.2878949379677275,0.1857337895249095,0.03799736904447879,0.516382021838811,150.3686754832894,4,0
track_000478,Song 479,Artist H,14,162616,0,0.9478962766338768,0.4274612666717429,11,-8.174571808149901,1,0.09180051119058792,0.04325735301512787,0.04823509256762771,0.20800629099324042,0.5158908931144428,187.19336427007173,4,0
track_000479,Song 480,Artist D,11,176152,0,0.7374259737411551,0.9153213027430539,7,-9.926119645320949,0,0.06449340302544838,0.24531456444236244,0.052248353578713165,0.16359861629890624,0.17004813899946775,95.37910035927749,4,0
track_000480,Song 481,Artist J,98,180616,0,0.7824202557870653,0.8535551839297282,9,-5.38268077526263,1,0.004376772593779065,0.2725932921829488,0.151842950432421,0.040355013888561164,0.595616869230277,138.31629622575372,3,1
track_000481,Song 482,Artist C,7,139050,1,0.6611272126045157,0.6956803114437448,6,-11.775899449621203,1,0.31064432097047456,0.709098498886672,0.10975317798804354,0.20367227394136458,0.42295174764549615,186.42182548353293,4,0
track_000482,Song 483,Artist E,14,208116,0,0.6545009528355973,0.9125792413191295,9,-7.332532037587687,1,0.06748477578634635,0.5679344006124911,0.07237074266446208,0.18337805505343724,0.28283836478420044,143.90205446229214,4,0
track_000483,Song 484,Artist D,0,133869,0,0.7689449879621335,0.7387806979616233,1,-14.007218312147938,0,0.06999199569318632,0.12384935204180535,0.07223011538600566,0.13230075762599286,0.6184297342081541,105.59026877298498,4,0
track_000484,Song 485,Artist D,19,264407,0,0.6000459441487309,0.33591774718999856,2,-12.327671859246975,1,0.027780906693804074,0.42767589278029505,0.023094441279692107,0.19181665892191954,0.3816371018059293,150.56043136241104,5,0
track_000485,Song 486,Artist B,14,196794,0,0.7157746836283423,0.3190012254552797,1,-8.732526320265936,1,0.10869648756286514,0.2782885270656954,0.33641261438999154,0.1321434956017779,0.4784085553526176,192.49345864832753,4,0
track_000486,Song 487,Artist E,27,271989,1,0.8793881328402656,0.609461163696189,4,-12.576709625856209,0,0.14901779634776585,0.36138847863698575,0.009574860278261156,0.13754902982591855,0.33623143843460995,77.1957159604621,5,0
track_000487,Song 488,Artist I,90,205550,0,0.8438175438206692,0.7026074876375072,1,-11.807048276403382,0,0.234173223977456,0.3618640866734667,0.05443394308899341,0.3154689034695422,0.39207127402987113,143.82126774794227,4,1
track_000488,Song 489,Artist I,24,218354,0,0.6060170278423511,0.45604816104560103,6,-3.895886270758643,0,0.08404970539903832,0.2026181578012824,0.2268268543409612,0.22075503839061192,0.40531904743075564,154.34115514875634,3,0
track_000489,Song 490,Artist D,8,166149,0,0.7298281990922657,0.8578932511445779,11,-10.19609780006654,0,0.038148477696120814,0.16591198674873248,0.12946206290007237,0.4511241181609468,0.32535152557518476,64.32153855594454,4,0
track_000490,Song 491,Artist A,20,206150,0,0.8276767293132592,0.7677895254914848,1,-9.34851777130764,1,0.12234442689444246,0.28695822840288976,0.014727714771443431,0.12454856525310624,0.6983617814984519,137.6237319013295,4,0
track_000491,Song 492,Artist J,39,194134,0,0.8620246452155688,0.9298348195095397,0,-8.065114289977247,1,0.07669632497552492,0.39760159452636723,0.08056772488533696,0.25495899984617637,0.5518075726260533,192.55056874152228,4,0
track_000492,Song 493,Artist H,7,223716,1,0.4912744652411065,0.6327125047354633,5,-13.13480035289113,1,0.06133365960579,0.16076685731273044,0.007087863425541625,0.2107008408077282,0.7652521979731588,151.43829384055184,4,0
track_000493,Song 494,Artist G,78,229398,0,0.325823819703322,0.7168990790825576,9,-8.379845234968325,0,0.0186564733588715,0.4233590450379352,0.11608076112654031,0.043082706506985806,0.6964355116640616,143.68417248392362,4,1
track_000494,Song 495,Artist A,3,272832,1,0.7602904092299425,0.8105947512553926,3,-8.822682935994557,0,0.017667571025586266,0.26322475028800235,0.04637734045331042,0.44210104290844526,0.40638781933199225,146.28307097853718,4,0
track_000495,Song 496,Artist E,6,230764,0,0.801822551243005,0.270795468270807,7,-13.107356195001003,0,0.03914657904072709,0.5919266810775151,0.10336229658104387,0.227080963447101,0.5805086693855304,177.46190444237226,4,0
track_000496,Song 497,Artist E,18,139192,1,0.5028586576108421,0.9410531255634672,7,-9.22135923447288,1,0.045811718649762384,0.4094809753948443,0.12600762783819064,0.30888774033754235,0.3444912581795662,97.2229879539137,4,0
track_000497,Song 498,Artist C,20,172243,1,0.7799705209687472,0.8238647874177992,11,-8.603054132104418,1,0.08118592195903643,0.4247171060367142,0.12516873446573,0.14162216931784577,0.7204858599723173,196.16253514521802,4,0
track_000498,Song 499,Artist I,94,172494,0,0.4854650193538088,0.5279848615699584,1,-6.841883204010577,0,0.11037972494150018,0.24049303667688618,0.04256486169287603,0.29318329615778743,0.10550355728165813,145.83506343378258,4,1
track_000499,Song 500,Artist I,20,222478,0,0.8009149612953841,0.8671232619337413,6,-14.078799154260231,1,0.23702081718260468,0.3418127431932366,0.24391450653321892,0.1210949937276135,0.6392589021227391,68.71412166222933,4,0
track_000500,Song 501,Artist F,31,219341,1,0.7195553008615537,0.7299149599416006,9,-13.719420337579493,1,0.214498128339729,0.26696602579054046,0.06850203759786695,0.09819231259336501,0.3538460789823176,123.60426126297475,4,0
track_000501,Song 502,Artist B,15,290002,0,0.6004343968742956,0.8296669317402164,4,-11.777350725483846,1,0.059696747364155665,0.5227172648475426,0.007123601144724619,0.045137693137262916,0.23456470894201106,99.70442381634858,4,0
track_000502,Song 503,Artist J,38,123487,0,0.78093292395448,0.9298860684810643,7,-14.174632107628092,0,0.07032918839188569,0.3017487020186212,0.32233759029043013,0.03334904709842632,0.6286777362989436,69.96801378642974,4,0
track_000503,Song 504,Artist D,33,280147,0,0.5989959858872849,0.4377675990288023,7,-12.996265413251875,0,0.030880220940733134,0.1557256726503224,0.11408037360806361,0.07718425923007786,0.4728243306884033,144.09490921372873,5,0
track_000504,Song 505,Artist F,24,165167,0,0.7884170882650957,0.6595661240905619,5,-4.324783258507264,0,0.0848894986492756,0.040706847021633415,0.10329348320126722,0.022693471273567592,0.8250705814871843,180.59700541758536,4,0
track_000505,Song 506,Artist H,17,186504,0,0.6452848847951721,0.6871748971571496,6,-4.4726372237835985,1,0.09998751755745898,0.11935871818318859,0.11368235407304056,0.10889078401393044,0.4165173930711171,189.9543485013306,4,0
track_000506,Song 507,Artist D,98,206284,1,0.7741695168888438,0.6249074435719698,5,-7.1159893604214215,0,0.08098275968698897,0.1155891948457995,0.10493632573295968,0.02315080879508362,0.593337781005538,90.13762836460037,4,1
track_000507,Song 508,Artist C,44,124838,0,0.7166446638403349,0.8331094583252877,11,-14.626696989751007,1,0.08855249092960217,0.18543220044532993,0.002370749495731154,0.16252286877806393,0.7954227476272006,69.2074877768406,4,0
track_000508,Song 509,Artist J,9,140113,0,0.6407725575253495,0.6565423008451551,4,-6.803401223645238,1,0.03673628539710305,0.1525306506839546,0.11756358342299662,0.12677915308867407,0.7791113921411559,160.9155319315921,4,0
track_000509,Song 510,Artist B,41,264010,1,0.6756316936978841,0.6084349373975928,6,-11.105083972447591,1,0.10358496454516003,0.1874909283389647,0.2606237488653762,0.19993498804396634,0.5070518349195801,65.0782528565987,5,0
track_000510,Song 511,Artist J,30,267361,1,0.7879372204031959,0.6207371211619693,6,-14.16422076088443,0,0.11099103070190768,0.26200938263716606,0.06002671023765195,0.24065649508269782,0.4089558646251857,102.73700222504102,4,0
track_000511,Song 512,Artist E,15,202048,0,0.6627719779371176,0.6982918070730204,9,-14.687333366459159,0,0.21106904038595875,0.10040699979882227,0.22636243241764062,0.40097248269936914,0.6573129243089785,180.6871199766579,4,0
track_000512,Song 513,Artist I,77,135198,1,0.8362150740046153,0.47185289384311924,4,-10.225466646294057,1,0.08952527842281269,0.3075194730950987,0.055159570583726364,0.046413639048346944,0.4748563819380228,106.8758992177491,4,1
track_000513,Song 514,Artist D,48,286033,0,0.4928589053513717,0.8685940363117635,2,-11.491830909418182,0,0.03008831898818853,0.4800513548369235,0.05477494733514507,0.08110671731407938,0.6943148813984739,124.53717013707,4,0
track_000514,Song 515,Artist G,41,178186,0,0.8701873231824732,0.9511215915676818,9,-7.781255174137196,0,0.04417992214629953,0.5698664900395509,0.007722464235450293,0.31272586128325996,0.3646136787290367,80.55479798978841,4,0
track_000515,Song 516,Artist H,83,276548,0,0.8473214954336127,0.733824941273477,7,-6.203618628649215,1,0.0254639718767841,0.2288263930924369,0.01983191254561126,0.45139807011611305,0.4086387658766686,135.69939368826755,4,1
track_000516,Song 517,Artist B,11,151653,0,0.5676280318627869,0.743875962381916,0,-5.460588806103875,1,0.003124449787075992,0.2823367025680937,0.2585184657148299,0.4104639134017984,0.5867741111302676,90.54449667891609,4,0
track_000517,Song 518,Artist J,32,145063,0,0.8784903122334223,0.9339150114077386,0,-10.44487627413072,0,0.013418377322508583,0.30689492302203164,0.10434798368447841,0.10899115425608707,0.23827530378742004,114.21626563562077,4,0
track_000518,Song 519,Artist J,44,280850,0,0.9458924415516103,0.6806252134962445,1,-14.683935579017376,1,0.007582208976549296,0.43255738641938607,0.22165806289317894,0.2620241219786097,0.6886406482119457,118.70713203582314,4,0
track_000519,Song 520,Artist D,10,192468,1,0.7694218506323562,0.7843942533546414,9,-13.251105889512267,0,0.06506241124953144,0.5196270560150017,0.09676592313230169,0.15738926260105351,0.4261474455861606,106.3646979741495,5,0
track_000520,Song 521,Artist H,26,126376,0,0.9304296876847384,0.6950219358174642,3,-11.810716118190776,1,0.09894900031283063,0.49689558747356993,0.0791499919159477,0.09217343510423595,0.2604892725902264,116.97089644899269,4,0
track_000521,Song 522,Artist H,21,131164,1,0.9177917329114902,0.727754860375574,10,-4.392979242788659,1,0.20313005634346656,0.40391749377294434,0.49745729498777697,0.36915492159989505,0.6059872255686963,88.9734412728081,4,0
track_000522,Song 523,Artist A,18,260119,0,0.9322836385303976,0.7140723820085504,7,-6.711325269252374,0,0.06337176522456787,0.27017716068749287,0.005700541026373972,0.09246528498742426,0.2753596920949484,162.5900361310152,4,0
track_000523,Song 524,Artist B,85,260289,0,0.7186610237877508,0.6115970686560722,4,-5.610727086013501,1,0.0024150669489483084,0.15876600787316397,0.19365345489083652,0.08844863660922386,0.21105226023819354,62.52932891342098,4,1
track_000524,Song 525,Artist D,39,264075,1,0.5799910809840688,0.5599244230888052,5,-9.190029031295978,1,0.12028181720486729,0.13576130187418584,0.09987865860122036,0.09481753498963512,0.7040723797503396,110.5875187677278,4,0
track_000525,Song 526,Artist C,35,207601,0,0.5290133692822371,0.9362681679948484,3,-14.027101006232414,1,0.027324555211435786,0.24156016923451665,0.1187348125508433,0.11131864381643547,0.679615841090762,95.39612232737565,4,0
track_000526,Song 527,Artist A,27,246358,1,0.7115434212526283,0.5696225989244295,0,-7.299042689987312,0,0.028985373987246398,0.3745484120226255,0.11003439445265147,0.29265136628824345,0.6873939432223736,73.31353370887595,4,0
track_000527,Song 528,Artist C,11,137580,1,0.49003568365826494,0.8169063864364128,11,-9.237918697684925,0,0.010851996226030367,0.41822509980944295,0.06294080487104103,0.07056281861721708,0.2933690276792359,179.86010372980274,4,0
track_000528,Song 529,Artist H,94,261679,0,0.9523139967560824,0.6836369371020129,11,-5.639112772520512,1,0.002824185792377146,0.5392554641703033,0.23974702473726728,0.40918141798354785,0.4681620038615959,75.66039248848514,4,1
track_000529,Song 530,Artist B,15,263041,0,0.8118036953065988,0.9071502964826563,3,-7.967928563584565,0,0.07019153686292853,0.18997671482470954,0.008617694745282078,0.07825326165666345,0.3878887355745961,154.74731577354967,4,0
track_000530,Song 531,Artist J,14,222528,0,0.8466413086746597,0.942494563249329,7,-14.656678276809178,1,0.0398473778820858,0.2280615643672338,0.08650885517204145,0.05988228579353479,0.6451267294960072,68.68633645905614,4,0
track_000531,Song 532,Artist G,85,210480,1,0.9824715653161596,0.6919248894098969,8,-14.748071149782554,0,0.03663532850557074,0.1573762487742531,0.07401226963979715,0.01587122154950556,0.3292041472920379,182.0954572310238,4,1
track_000532,Song 533,Artist C,50,124333,0,0.6726488236090847,0.553552904858701,5,-3.527904905805583,0,0.06788885097085891,0.29133153168313625,0.018490076529535514,0.07161666225554436,0.467944936964968,132.4018358684541,4,0
track_000533,Song 534,Artist I,37,209229,0,0.6364275171781262,0.922880133714238,5,-5.914070034541908,0,0.026019305003987196,0.027332496859711133,0.08527381098980995,0.1003035653752063,0.7298129155718829,171.54820047977836,4,0
track_000534,Song 535,Artist C,4,170998,0,0.8329470544486638,0.6998101949500369,6,-13.116259258432127,0,0.024269477302866035,0.14656327628559376,0.024480686606631885,0.3369301305937987,0.37212072027094034,161.59685884806441,4,0
track_000535,Song 536,Artist B,16,160264,0,0.9354762664867667,0.8839774949990763,5,-13.321745969786186,0,0.018266982276235553,0.11772293179621407,0.22998261700658287,0.12918033555054398,0.4839557287659691,147.62125534615154,4,0
track_000536,Song 537,Artist D,53,138065,0,0.5488911564736617,0.5441182317508864,4,-4.8653234914540775,1,0.009714548010083451,0.21729192599457414,0.1612228340836337,0.06785002683703027,0.3274205042667038,109.92022597016839,4,0
track_000537,Song 538,Artist G,3,296148,0,0.8835819075062554,0.8849361748552255,1,-14.321824507343251,0,0.06286662131725036,0.3779921710073098,0.15978165957368082,0.1100246233105844,0.5293497074986785,102.47621863002028,4,0
track_000538,Song 539,Artist B,95,263489,1,0.6697067959700956,0.7420132250795501,0,-9.986871940505493,1,0.002674364303653358,0.1875708727508098,0.11370091764087019,0.2778751286807183,0.161520305333815,162.35511450054338,4,1
track_000539,Song 540,Artist D,31,170629,0,0.9034154872366216,0.5877194951311838,11,-7.445291328058242,0,0.00104576440780871,0.18180189727141088,0.015992706151044953,0.38696185611792067,0.4842449707058584,79.79003248437303,4,0
track_000540,Song 541,Artist H,30,233216,0,0.6760150039411882,0.7838410081857364,0,-4.474095500759365,1,0.005349593705800005,0.25658692569512137,0.12311187147948274,0.08519808866918425,0.4506357518856547,109.68925793620477,4,0
track_000541,Song 542,Artist D,37,193185,0,0.831430070611981,0.376833413281858,7,-6.736805751894057,0,0.002104207767949807,0.42967950074215133,0.04545409830466594,0.11864775043473218,0.4438166562333712,183.3413536897398,4,0
track_000542,Song 543,Artist A,85,161559,1,0.9033488986938972,0.6213382723494741,11,-13.561369550111948,1,0.05081754140230378,0.3297683757040414,0.4015939439875713,0.10002671799932,0.47138495245158385,192.99667829688605,4,1
track_000543,Song 544,Artist E,21,129950,1,0.547114753332627,0.5751684364924997,10,-14.48505272807767,0,0.3080321486164099,0.16387308763974615,0.05122976708805852,0.4337395341444478,0.4278291801124062,134.4327462010271,4,0
track_000544,Song 545,Artist J,82,150085,1,0.8601605862093519,0.7993462599671295,10,-9.383583684927276,1,0.042583872917289836,0.649262867109895,0.22370517351659586,0.08222163210200854,0.4201088702277812,136.88471548957062,4,1
track_000545,Song 546,Artist I,23,237431,0,0.5345117646023521,0.5996334690138534,8,-5.432106439196994,1,0.0369031920052785,0.2685862274833074,0.10195438577530103,0.0908474434423916,0.4858143600285782,177.58012047594198,4,0
track_000546,Song 547,Artist A,27,170420,0,0.6991412384636976,0.7031580803511478,4,-14.86174785568748,1,0.01906677801607872,0.4484506284839917,0.02407694171417341,0.2709683935263367,0.39544314793495344,67.7530787807141,4,0
track_000547,Song 548,Artist B,15,186013,0,0.7546067689337949,0.8188703620095574,7,-12.034214596123604,1,0.052259369494683405,0.15958971495404004,0.09537885939159088,0.06316213636119801,0.5591998463270651,121.88386518025933,4,0
track_000548,Song 549,Artist H,6,153149,1,0.7451302964496791,0.6437946385527521,2,-3.6106553552671325,1,0.06839400694930345,0.2306042966151114,0.21223755073047768,0.140306763896616,0.4886364599642356,96.66738486255451,4,0
track_000549,Song 550,Artist C,33,165330,0,0.7610109341866698,0.8504442751396145,11,-4.412765801165984,1,0.1503830940604118,0.45421847074318095,0.11490005178714696,0.19711023805722622,0.6836655581452666,172.0713504113963,4,0
track_000550,Song 551,Artist F,5,210429,1,0.9173775617511046,0.738513018290815,0,-11.239072965364501,0,0.07815118327615947,0.3274905113779277,0.23264662414594944,0.04061096305931622,0.5882759966261989,86.70941981281891,4,0
track_000551,Song 552,Artist J,90,236972,0,0.7840899891348583,0.6067300958347882,2,-13.598252198254528,0,0.08083127346869053,0.13809720285812968,0.07142951147083339,0.2945423280865364,0.2012108241408393,101.36584800425187,4,1
track_000552,Song 553,Artist F,37,175333,0,0.966589606922329,0.7314183051832854,6,-8.426539980954772,0,0.277918572533592,0.2284749019011779,0.07712942833309896,0.04987829574717806,0.7567193265705487,144.8272520498615,4,0
track_000553,Song 554,Artist I,26,209893,1,0.9487916441318728,0.7823965914555959,2,-4.951346208697402,1,0.0234077780468794,0.4119455254054885,0.07535638041740997,0.20111574864087686,0.22057819675557527,94.49199580791746,4,0
track_000554,Song 555,Artist A,91,120792,0,0.8721661994500756,0.6050445974931449,2,-3.466507177779391,1,0.2051720271782712,0.206663663069077,0.25766354957942905,0.11646162868022814,0.4088178683807275,179.77692866097394,4,1
track_000555,Song 556,Artist C,22,159632,1,0.8272716247128981,0.7379328856468181,5,-9.427981516675374,0,0.03582242068545865,0.1398142324596253,0.10446038498842371,0.1886245645311649,0.49180649370660495,166.34300358331643,4,0
track_000556,Song 557,Artist F,93,185214,0,0.6851348652871724,0.7589511741822765,8,-4.829615958455786,1,0.06221972113959098,0.18881153379069027,0.08253960437062235,0.18119260469738352,0.3958870407287362,76.9881819716507,4,1
track_000557,Song 558,Artist C,23,256243,1,0.6713068299709068,0.8284523168581801,7,-6.140871831011507,0,0.048205223649774205,0.13734269264792587,0.13101201978716914,0.1527896255655604,0.6465903036847498,126.20823593698407,4,0
track_000558,Song 559,Artist D,39,266009,1,0.8188401856513501,0.6997920076505957,0,-8.485031875867797,1,0.00817625623231341,0.3730164555662757,0.05293760728148484,0.3119585253846675,0.5357498248713046,128.94191652131022,4,0
track_000559,Song 560,Artist J,10,214449,0,0.7406263829374369,0.8221518317464738,8,-10.552043185041345,0,0.15708131541087833,0.29728839956995473,0.003386258765185425,0.14931071396667484,0.43240699662725224,196.56747894268656,4,0
track_000560,Song 561,Artist C,13,259781,0,0.8785121698654462,0.9283311174817223,1,-13.203869933154614,1,0.022599230400006085,0.7567881797017063,0.10568972580804262,0.10777340911162236,0.29665689606365386,109.44626410681825,4,0
track_000561,Song 562,Artist E,18,206728,0,0.5841507775463987,0.907341452050787,9,-8.493652261367117,0,0.06525638983070227,0.5487988145858091,0.040220833952405576,0.2890684223899403,0.3340814823239899,136.03160447480963,4,0
track_000562,Song 563,Artist D,6,131447,0,0.8566826532438329,0.6187629312512979,6,-7.862300210641303,0,0.07106355630489827,0.11324885695123874,0.14189308168756024,0.47071808970049667,0.41640394884282994,160.4961686597248,4,0
track_000563,Song 564,Artist G,11,133907,1,0.7769411758465494,0.4676936361297518,7,-14.406261707350328,1,0.2367349752627004,0.4630268609776619,0.029767279991783805,0.6011076490160504,0.25851545314381097,159.82549853620844,4,0
track_000564,Song 565,Artist B,17,253661,1,0.7058984963599658,0.7577586372335917,6,-10.324857018736463,1,0.0020548711859147764,0.36172443430756357,0.1090842705134164,0.15936563597829922,0.4610196549144419,148.20698628518215,4,0
track_000565,Song 566,Artist H,96,123415,1,0.8376287731398641,0.8669465592068911,7,-10.850086034571849,1,0.0006829762284967295,0.5188199264706247,0.08802938630402456,0.078629701629611,0.42123696123575516,196.21552629197834,5,1
track_000566,Song 567,Artist B,94,200459,0,0.9146531251035579,0.796134552636195,11,-7.439373574204459,0,0.1280373759833707,0.48278345843197495,0.04777180547418825,0.10499821613324781,0.5692504230634375,151.71910681497707,4,1
track_000567,Song 568,Artist A,18,178945,0,0.6978120932032778,0.8302683180225903,0,-14.559261733129013,0,0.24675630956199895,0.11329265995460415,0.05476671624539394,0.27981207012354736,0.44479084915340567,199.3253856159656,4,0
track_000568,Song 569,Artist F,13,278332,1,0.8596103798047809,0.691436954658133,3,-13.166061867289292,1,0.1296355392003696,0.3734842438534011,0.056414329121818,0.12561539069541147,0.6723000911570609,137.45324340396925,4,0
track_000569,Song 570,Artist G,82,177331,0,0.3809718775372762,0.7951710807017267,4,-8.726571203382994,1,0.06935497386487939,0.37010732400800683,0.1100430373507542,0.04733856886883864,0.6413523744013291,66.82427974952574,4,1
track_000570,Song 571,Artist B,10,229365,1,0.4698993910767425,0.8947625786196104,6,-5.052491793471919,1,0.032300331959804245,0.04651085505278042,0.3090553647570423,0.17332311633951084,0.43120670209772755,69.57746789717608,4,0
track_000571,Song 572,Artist F,27,161911,1,0.6948332977342108,0.834677150881876,7,-7.287047584396645,1,0.298409477986155,0.6332386509006762,0.07270564888473977,0.08132255983154106,0.4543853794698056,182.3165108746117,4,0
track_000572,Song 573,Artist C,46,223623,1,0.5556326547894357,0.5610527285369259,8,-3.587484330290531,1,0.1314858494192547,0.4763741778386633,0.18990841413745793,0.1601490301705654,0.5505519337793169,66.13858261953484,4,0
track_000573,Song 574,Artist C,37,190994,1,0.9516221552633437,0.8061039575163371,6,-12.827251764924728,1,0.10475908949767368,0.3603858141412647,0.12354035469255212,0.5221877366667329,0.48482405218842994,162.96401523455899,4,0
track_000574,Song 575,Artist B,87,283543,0,0.7296521048339578,0.5625572196127183,9,-8.033408137595522,0,0.0006531052637052033,0.3737837151187115,0.010230910851200429,0.2697590704203152,0.6948475930334164,178.43431115922175,4,1
track_000575,Song 576,Artist C,39,192265,0,0.6993947882589795,0.7913857437718772,11,-11.51158487168137,0,0.25318530277454077,0.2685205014410069,0.06659519961341322,0.2281460705731246,0.34339607525452637,162.77614214901865,4,0
track_000576,Song 577,Artist E,85,245900,0,0.8241844967039212,0.7549915841262473,2,-4.662091443376498,0,0.3757627100051317,0.4171087582259614,0.05092128293484271,0.472682303955127,0.8305988084420988,67.48520137758798,4,1
track_000577,Song 578,Artist D,5,219405,0,0.9827223288131068,0.7480403987081439,1,-13.43003485711737,1,0.021414064110405,0.23169164487998678,0.13727671580670814,0.03195183566923026,0.2588154377139759,90.89043225505398,4,0
track_000578,Song 579,Artist C,23,252053,0,0.7688799182049254,0.5941211986147762,9,-8.223256795212063,1,0.14301068141504927,0.08752920399825459,0.06492522956733535,0.19877831701722878,0.31602159530156065,172.13823721793605,4,0
track_000579,Song 580,Artist C,16,204351,0,0.8012806086829016,0.8574579390863762,11,-8.865431190490034,0,0.17615976225608596,0.3784480238929967,0.07009800815595076,0.27596121020188435,0.657446181835589,159.46499970350334,4,0
track_000580,Song 581,Artist I,49,225852,0,0.882921726666483,0.761894687061573,9,-4.258251158105187,1,0.024148762926856127,0.15571683836902298,0.30862791646884313,0.27828603266854246,0.5429185841500777,92.45149466383361,4,0
track_000581,Song 582,Artist H,20,165588,0,0.6610252528765069,0.687814252148093,2,-6.058180157678571,0,0.06633066911653766,0.06258193687149559,0.10659064491622115,0.13852309324882284,0.5483662842318492,86.8519380439229,4,0
track_000582,Song 583,Artist F,27,271228,1,0.5197792781808775,0.4142199593978312,8,-9.828079895181965,1,0.012899100038752637,0.1400182509848717,0.42320805703167047,0.14028678456165494,0.4204463603632723,91.25211486053064,4,0
track_000583,Song 584,Artist D,16,157597,0,0.8250703597209973,0.9381113787366734,4,-7.169880086558964,0,0.11165360038419615,0.04663094655331432,0.053583877546878544,0.05310241874058602,0.2862844109208956,120.36581700690536,4,0
track_000584,Song 585,Artist E,93,267708,0,0.9587572186706574,0.915040210377009,6,-5.649827923118927,1,0.06306337650658561,0.12297067550411026,0.13821061017048672,0.2204631012605943,0.35004173962086077,73.4415416959112,4,1
track_000585,Song 586,Artist D,9,254461,1,0.3760475229029444,0.46146854369421053,11,-14.569870172105272,1,0.04121786644964223,0.10876812648557292,0.4783480348448107,0.12406146433681413,0.5442403717840545,129.1008414141055,4,0
track_000586,Song 587,Artist I,16,196022,0,0.7087330724299177,0.7715214878234139,8,-9.755711086815925,0,0.020837044900226604,0.6594425163279799,0.05446868982124516,0.11733405144206113,0.7232155523844546,104.87047511432333,4,0
track_000587,Song 588,Artist J,14,288744,0,0.8913340984097236,0.8134406838129303,1,-10.615928836671594,1,0.04554801169267247,0.182811689825349,0.07730406130878509,0.31468167039417205,0.3412197413886868,123.02657563686603,4,0
track_000588,Song 589,Artist D,29,195561,1,0.7860891076535711,0.7604820653633435,4,-10.88949401208779,1,0.005749240055389588,0.06547471250993633,0.1989592449987181,0.21611636052650268,0.7485051536110011,60.144104179151334,4,0
track_000589,Song 590,Artist I,12,242978,0,0.7727859942826187,0.8286065481257985,2,-11.746658856774845,1,0.2351618027344608,0.2996467920518046,0.030217952129817892,0.25614533171378373,0.6445800313985343,71.81397672132277,4,0
track_000590,Song 591,Artist G,13,248658,0,0.7436495471546855,0.46808249640069394,4,-5.7182255594574976,1,0.16403601634763668,0.2293414083495667,0.023269752740511348,0.34717747535306737,0.6387420189731081,66.61382289017139,4,0
track_000591,Song 592,Artist J,38,200732,0,0.5524846692959037,0.7730590354419185,2,-12.394270105920974,0,0.025911023657736197,0.10442383127237705,0.048169162352003234,0.39523943465776973,0.710261510544769,188.82696396738953,4,0
track_000592,Song 593,Artist B,9,253578,0,0.8654769412955811,0.8484428580053827,11,-6.4095654770011805,0,0.015569014478192887,0.3781417377401897,0.1273579796169101,0.11157874337528145,0.6548098227538761,131.60494940585244,4,0
track_000593,Song 594,Artist I,1,232647,0,0.645926658878402,0.6716605208489256,11,-6.6508999440938315,0,0.03678753421040749,0.438432318720514,0.08819410552794005,0.37197785329014255,0.42135732345319205,173.05799980689062,4,0
track_000594,Song 595,Artist C,96,179231,1,0.6761645745258664,0.7249309012393768,8,-6.137147536381274,0,0.0716057069940125,0.4450689056979463,0.1618688238498212,0.11335881734774962,0.5152681527903112,75.77562640577095,4,1
track_000595,Song 596,Artist B,96,257164,0,0.9178097819119634,0.5926919282633939,2,-7.723301330684318,1,0.004310685849584794,0.23382650203055796,0.256132476962718,0.1516502721301589,0.247555723106232,168.2244658188004,4,1
track_000596,Song 597,Artist A,80,189278,1,0.6502206792234498,0.28442941312363024,2,-11.452392178837913,0,0.08006062448553922,0.10427228373370728,0.0920687332078062,0.04782923198408243,0.6825476896630628,117.3382226083457,4,1
track_000597,Song 598,Artist E,0,144198,0,0.2642487370564041,0.7717284125908394,1,-4.386510293273842,0,0.19889575207924803,0.37361748169436815,0.0929901932807492,0.09932405519290499,0.5926526854724968,69.89223097441408,4,0
track_000598,Song 599,Artist J,27,259108,0,0.4135472561124435,0.7262138142548314,4,-3.19390593996941,0,0.050510239547328535,0.23721816750124144,0.017487559404294886,0.04406843177842457,0.2662612420593846,192.4033790785234,4,0
track_000599,Song 600,Artist D,14,288515,0,0.47835594953738986,0.7717853752466023,2,-14.564444659071007,1,0.06009299648531458,0.24864919983312334,0.09197841218125638,0.07149120346965276,0.6109852080598529,171.59390298942833,5,0
track_000600,Song 601,Artist J,20,225447,0,0.8625855386085903,0.26142845617767346,2,-12.694285815641347,0,0.013776105397285238,0.10432932758324509,0.013032831139197539,0.36081550330945616,0.6412097054678642,93.32360912731569,4,0
track_000601,Song 602,Artist D,51,288449,1,0.933886395333259,0.518275108968871,7,-5.485620154770347,1,0.10710000652006361,0.26220659522844636,0.0004323700823844187,0.21746534732408096,0.8587286745469875,158.08571130936429,4,0
track_000602,Song 603,Artist H,92,233849,0,0.6225003244711078,0.8722745673604478,6,-5.128243834244406,0,0.020130304611162546,0.39681558926608246,0.024524471222129383,0.16489222198573272,0.49342502847743547,111.36203890753438,4,1
track_000603,Song 604,Artist B,89,151941,0,0.8212060010803165,0.7989883962750884,3,-14.51845453106093,1,0.11534152369925807,0.23974922092638057,0.1080416609151311,0.1703984085344081,0.7069698053316184,157.74357755343755,4,1
track_000604,Song 605,Artist B,35,163025,0,0.9864691654437009,0.6216645047611291,1,-10.705337631291728,0,0.00022276304230210795,0.13090758868540053,0.2441363977165591,0.19062198800338434,0.6154896995457155,123.26853053677274,4,0
track_000605,Song 606,Artist A,28,179834,0,0.8571205367762322,0.5666203523561648,9,-9.735461413394393,1,0.09631944485246156,0.18998532847630922,0.30943851059611543,0.1282947450265129,0.2309196557550968,69.28558558732946,4,0
track_000606,Song 607,Artist E,8,206366,0,0.6824494004769148,0.7693602601361379,8,-6.5234494811634995,0,0.03666354724363905,0.5051321079478082,0.0202700192866758,0.01669112086717864,0.7704370454243543,179.49440203397256,4,0
track_000607,Song 608,Artist C,45,226888,0,0.7990120282575514,0.7913672091724137,1,-7.580216373221614,0,0.011012097769959558,0.5619212175082502,0.010797994845194857,0.06637877693515522,0.65049544997728,114.0495106832416,4,0
track_000608,Song 609,Artist G,45,256203,0,0.8122219145380983,0.7026188832497037,4,-13.372353581752437,0,0.20566223829372043,0.4063781344324411,0.1371021850894085,0.1527025333562405,0.44262439802216913,179.55246412626366,4,0
track_000609,Song 610,Artist D,40,267318,0,0.6675410661675781,0.6630765453464168,8,-9.138366213000777,1,0.004941329677252447,0.30337774024853376,0.032553983699342454,0.11352023512537358,0.6950788446601764,133.96530141817294,4,0
track_000610,Song 611,Artist B,51,162320,0,0.6790596972852869,0.811864904763902,3,-12.528616263393635,1,0.01635877015230619,0.6577626832672954,0.0859389420849672,0.2989921988544119,0.7494003307086162,161.35814499632505,4,0
track_000611,Song 612,Artist A,17,120891,1,0.8004897971163204,0.7719797848357738,11,-10.924256123135823,0,0.018372240253816334,0.34572518184584206,0.11924496848403031,0.1537336265594077,0.6148725713390578,127.66333156937662,4,0
track_000612,Song 613,Artist E,35,124192,1,0.7765340417848914,0.7004110051629674,3,-4.594030840587877,0,0.038753383587226284,0.07736530542444105,0.015403160887939428,0.2898120604432115,0.715528271971552,183.77456321274957,4,0
track_000613,Song 614,Artist B,39,245176,1,0.45064126369556845,0.6414226737197951,2,-5.908031064179276,0,0.04024326201394398,0.4411699545839346,0.041230216278066535,0.08604619118380896,0.5408942441282656,128.156119911239,4,0
track_000614,Song 615,Artist J,77,275304,0,0.7481627010225206,0.8599821730029209,3,-14.11283531090212,1,0.04073087276412169,0.4355085725838738,0.017920716163973026,0.07892124244790956,0.5978611119429086,136.38975772309914,4,1
track_000615,Song 616,Artist E,11,139521,1,0.8719617569169548,0.8354249595604051,0,-5.493165993068775,0,0.2064870286281865,0.8038888026085166,0.026369866519409705,0.20502577416468368,0.34733891355229396,65.35698029850218,4,0
track_000616,Song 617,Artist B,23,277044,0,0.5235556178302335,0.6394663575379607,3,-6.28875343200253,1,0.057072447626568344,0.2058098847137943,0.036428381756282324,0.24601073067110088,0.7047506948632598,140.7547702627753,4,0
track_000617,Song 618,Artist J,90,142030,0,0.5952048466203147,0.8653953764651362,7,-5.09009771154323,1,0.09753556630188578,0.07655220028964087,0.22884833999350124,0.2898380365519988,0.6517101706328188,67.41604847485152,4,1
track_000618,Song 619,Artist H,91,197400,0,0.38806120920665,0.6257609703049518,1,-10.507912615798432,1,0.00032967252227309916,0.061838792842962335,0.034501246793364845,0.2860932054680975,0.33438684997242696,181.15838494145686,4,1
track_000619,Song 620,Artist E,51,276565,1,0.40206600929975783,0.5909586178913961,0,-10.132845474770324,0,0.037969228463479776,0.03512111577578499,0.17870932090490127,0.051204310675625184,0.408136044528011,166.47601785181294,5,0
track_000620,Song 621,Artist H,9,205909,0,0.6984706728194282,0.6371239938516673,4,-8.239643429268193,0,0.07776487672618274,0.6531466211404324,0.2143014654528695,0.2306343368197938,0.4079604429620094,84.05807099138691,3,0
track_000621,Song 622,Artist B,25,137705,1,0.7239623575296549,0.6002405837254638,6,-4.672857303408584,1,0.3019709615773178,0.4263216708040418,0.014238543480715652,0.019902769354526666,0.4251718060654297,61.695836253984815,4,0
track_000622,Song 623,Artist H,19,128951,0,0.9666618613608298,0.4420525926498566,10,-13.105848745567204,0,0.006293661327056924,0.23448654609068856,0.3025926532356612,0.14687326087072913,0.430672937997562,157.38719240015465,4,0
track_000623,Song 624,Artist J,33,292980,0,0.8344913385000443,0.6346360475740989,9,-9.540484027605494,1,0.08738117494221641,0.28886086374095915,0.010342045095780033,0.1113159479856979,0.6062174598769218,175.53009928664022,4,0
track_000624,Song 625,Artist G,40,267615,0,0.42543941178002387,0.6336700959215567,4,-4.7248779748007,0,0.09705741425472426,0.19947540948277295,0.0049309708615047675,0.03970204273178781,0.5422657450475787,77.38846115492834,4,0
track_000625,Song 626,Artist F,91,144182,0,0.9177645997606844,0.7131984799387561,10,-13.45751186998025,0,0.04723943029566692,0.33971123107321055,0.21719512489703136,0.23206515804481898,0.7339073942931557,125.30259256624475,4,1
track_000626,Song 627,Artist A,26,272455,0,0.7451401282481053,0.9171486335626717,3,-14.854834950103188,0,0.2171602422477902,0.1462813521752991,0.02569830264537902,0.05534262392957859,0.28461490049365307,87.22751230226444,4,0
track_000627,Song 628,Artist E,10,130862,0,0.3693868754998061,0.43879932001788874,4,-7.036212125951538,1,0.1602141204857814,0.307923295296542,0.555695607456501,0.18050412447179923,0.7952170378184786,98.3557084925844,4,0
track_000628,Song 629,Artist D,25,224152,0,0.8951178282977278,0.39360850885948273,9,-5.600829614522688,1,0.005283750980458911,0.4307403078040587,0.013390097018226202,0.1793485350811523,0.49035626238012753,90.30442434562056,4,0
track_000629,Song 630,Artist I,15,295206,0,0.7659406890293429,0.646286398980138,1,-13.51310363283664,1,0.04970949433147539,0.423507769082036,0.1166156273188824,0.3922056426836977,0.538269823303841,196.32369806053566,4,0
track_000630,Song 631,Artist I,5,217435,0,0.7516857060352481,0.7033325449907455,2,-13.913761224609441,0,0.06448685692429036,0.05390707741826585,0.07230702436698408,0.19649791593853821,0.8061559797671126,152.2915823061217,4,0
track_000631,Song 632,Artist C,21,252679,1,0.7518637012271806,0.8370661322895129,6,-5.6716820587572965,0,0.05689782069579719,0.23389213502250875,0.0006713680561670742,0.12326519885945982,0.4331066433779995,182.76222608913514,4,0
track_000632,Song 633,Artist F,14,274189,0,0.5953472992984076,0.8913649523569523,4,-7.176803286290994,0,0.06984487152200806,0.29673538767532454,0.2601746813074416,0.250971029525425,0.6406450197393838,78.03916331157018,4,0
track_000633,Song 634,Artist C,84,160693,0,0.6678689492377993,0.5389915979298344,9,-12.214332571616007,1,0.026364961716042048,0.22153370029873803,0.04845133973649768,0.3346781978558224,0.5488926613513603,99.5870209303911,4,1
track_000634,Song 635,Artist E,51,139377,1,0.8047479003345182,0.7820803008386649,11,-8.203329245075695,1,0.019812056553496313,0.20359072628421332,0.007029852623128554,0.33805156523710067,0.21635503716929028,134.0237416155691,4,0
track_000635,Song 636,Artist I,33,153539,0,0.8057163695502925,0.5235110985656807,6,-13.685925833758033,1,0.006659384028219302,0.6105413262074112,0.0048750767924770145,0.19741057068433615,0.35163850282339976,134.01181650475988,4,0
track_000636,Song 637,Artist B,44,187092,0,0.7387231096039796,0.9094085699161824,0,-10.49682149117297,0,0.3930599627498969,0.05072572694001917,0.16370057209236544,0.32154468201733494,0.3847166089466979,97.45890723141103,4,0
track_000637,Song 638,Artist H,9,296374,0,0.5146860941268284,0.8095604619573727,10,-4.143918749619161,0,0.09004314024982865,0.11074622225453476,0.05547868030036334,0.10050991732049983,0.39188819207525727,84.53788431398543,4,0
track_000638,Song 639,Artist B,83,270125,0,0.8837672236162503,0.8459190737693326,9,-14.748180218924583,0,0.01260698929144668,0.3245450638910482,0.2139974972219625,0.06962589584662209,0.6203897882644581,97.35504734346833,4,1
track_000639,Song 640,Artist F,14,185958,0,0.6575205342436942,0.6292602449419717,10,-5.0391228215330734,0,0.010772910849897305,0.301229813248858,0.12093456397376977,0.34289667433176996,0.39076209723314065,162.08906249217384,4,0
track_000640,Song 641,Artist C,89,188908,1,0.6827962719260863,0.5328818848058898,7,-8.474213917888008,0,0.03241614050090169,0.28163667271193843,0.04289903595791585,0.21203889180882146,0.2503776842780685,102.02363181403436,4,1
track_000641,Song 642,Artist B,48,154247,0,0.4389050423734782,0.5983730960953161,0,-14.142586950155312,1,0.018192065364849318,0.3509457128595563,0.09228632545821883,0.1035401159949152,0.5755145163096518,103.80855789173071,4,0
track_000642,Song 643,Artist D,46,250270,0,0.7873051925937122,0.8835068925885581,9,-7.015302338806237,1,0.10549252935237916,0.2749817124969225,0.13770782391877473,0.4187736574969885,0.6073869597320511,150.56973771519597,4,0
track_000643,Song 644,Artist J,21,293804,0,0.7591860675293238,0.7595522275766695,4,-8.379707446698774,0,0.005935718781177117,0.2517182249942424,0.04304401739290591,0.2085417063317576,0.4209165701376128,85.21918379850888,4,0
track_000644,Song 645,Artist J,17,246691,1,0.8014950358171116,0.8749244639656713,6,-3.347112020810137,1,0.038702000760921375,0.1663798613672728,0.2282381937806269,0.31449860072054237,0.6087666878011712,85.39686016030666,4,0
track_000645,Song 646,Artist I,17,235427,1,0.4485080774293169,0.5418180322820071,11,-14.454489292915387,1,0.1764465848821324,0.1795626767954046,0.05114409295418636,0.11087886632340416,0.47952888930698995,101.19410065179848,4,0
track_000646,Song 647,Artist G,19,253021,1,0.9490235001485847,0.8923576539941436,10,-10.295675327052276,0,0.007561937674697428,0.2408298270901404,0.1789537580736703,0.400762936784776,0.4405663268346443,158.45195265202818,4,0
track_000647,Song 648,Artist E,94,235925,1,0.6094066479980349,0.6979225346761563,2,-12.998312156885127,0,0.003451732497616464,0.4760707298789011,0.05079428951741134,0.15889788819795123,0.4897525692364621,73.58500899138951,4,1
track_000648,Song 649,Artist F,47,293873,1,0.7132061328324794,0.8382106850359201,8,-4.487787964190687,1,0.08974893972897,0.08600483114820537,0.10281156738706484,0.48578903371328797,0.23156067602959696,79.5147643222491,4,0
track_000649,Song 650,Artist I,89,150493,0,0.6212120879976005,0.7948507412060009,4,-13.60977554038359,0,0.043678073119220936,0.07625614604762887,0.32012172882775636,0.6145937363874289,0.4279995810255965,64.72718081086514,4,1
track_000650,Song 651,Artist G,18,247872,0,0.33669073140232736,0.2084294582678037,10,-7.165522884358082,1,0.02007758179601826,0.0818693905913718,0.009761633608433224,0.3139348460054046,0.4957086685635342,196.5228731880676,4,0
track_000651,Song 652,Artist H,44,214948,0,0.8559761351182767,0.621017282808381,11,-10.302012016637327,1,0.19891743475273457,0.43505516450198584,0.0900320865783455,0.16228992050247287,0.5101435492225737,120.00296499332399,4,0
track_000652,Song 653,Artist F,11,173096,1,0.7622847705821101,0.4787397826386882,9,-7.291682115398663,1,0.17077984030722176,0.1881501571864868,0.02582502302081213,0.10737976821051556,0.3157493649418357,85.38444665149433,4,0
track_000653,Song 654,Artist C,58,195419,1,0.5867702052639423,0.8069519056888872,3,-14.550168634495916,0,0.11747149148122148,0.16066682723313266,0.0324167497919607,0.3378192183213368,0.28883656734763297,126.36442153164884,4,0
track_000654,Song 655,Artist I,31,264212,0,0.8568482488815076,0.7696082627687768,11,-13.046014250046447,1,0.08310906835393274,0.10938698677762539,0.262910381341482,0.04056145299943999,0.42343928027334293,150.08503617770774,4,0
track_000655,Song 656,Artist G,74,256902,0,0.5980228178407471,0.8476417709572321,9,-10.945294264878475,1,0.0024733722277278133,0.2920521885104055,0.169413285352281,0.20153406303192586,0.49296949270584783,113.93510057066908,4,1
track_000656,Song 657,Artist D,6,279467,1,0.8279192589725628,0.3861966751648701,7,-9.691330594710518,1,0.09366465689197027,0.28049376190719144,0.0017325456416562943,0.15634516166844697,0.4681808773293018,109.10816184415813,4,0
track_000657,Song 658,Artist C,45,190218,0,0.5503264079410543,0.6808857534456692,6,-3.342095322321434,0,0.11932647862101785,0.11660265442534384,0.07565249509343425,0.15220698472782548,0.4331664886977414,187.80233801670488,4,0
track_000658,Song 659,Artist H,24,270338,0,0.8234089486113947,0.8609633735402973,6,-4.613099247634549,1,0.16593380122636595,0.40862858390784323,0.006801759114191339,0.06745228351128525,0.3926923632290205,117.41594364872202,4,0
track_000659,Song 660,Artist H,28,203804,1,0.6195648589573535,0.9444013140968861,4,-11.365175457491366,0,0.014098601078186319,0.23933719847425816,0.02425357623641874,0.2289134824266556,0.35982909319728323,118.36697513128672,4,0
track_000660,Song 661,Artist B,96,217357,1,0.8897134338497035,0.6003183866924741,0,-8.35592349984467,0,0.1439863621076488,0.14433408127779648,0.01523529471885236,0.08349896651365846,0.41361862402929006,158.11234738227216,4,1
track_000661,Song 662,Artist B,29,273256,1,0.7529680169833112,0.6379320616734869,8,-11.206692221974306,0,0.4783607629306125,0.5201570893634037,0.13287950311094932,0.2358315138820304,0.37179469815268046,82.29393516138498,4,0
track_000662,Song 663,Artist F,17,155133,0,0.5254495162966805,0.510989960463707,10,-12.13650907504324,0,0.004069469763822847,0.28061105954616833,0.04343684782072831,0.5005465531052012,0.42113432650019855,130.31331631635192,3,0
track_000663,Song 664,Artist I,30,235603,0,0.8811721323195462,0.5639677551275525,10,-10.71265283875147,0,0.0028469953579023225,0.14072606746430344,0.014494366126304012,0.45454645164904467,0.46349843530457,73.18293323939618,4,0
track_000664,Song 665,Artist D,35,211228,1,0.6720291387323396,0.8246207187617387,8,-3.471853944503298,0,0.022519691689435663,0.5927685218745679,0.04756604497078653,0.1731262773155005,0.28273516515609265,151.0241239001515,4,0
track_000665,Song 666,Artist A,35,276647,1,0.8537305226399475,0.6140666574299221,2,-7.268725608363878,1,0.021746181261720565,0.1173253823001119,0.13733585675703516,0.07865296550567186,0.4899229105791263,88.27930628848168,5,0
track_000666,Song 667,Artist C,18,126846,0,0.97673080376882,0.8802706188462832,8,-6.645337019941596,1,0.03536018663792372,0.53795341369264,0.019210206414009723,0.276010602377884,0.24931668737642917,91.20128338494169,5,0
track_000667,Song 668,Artist C,42,217661,1,0.5486013357436195,0.6482877444089904,7,-14.55797019476036,1,0.2804271112711379,0.32589874978992,0.030107943202638616,0.13117609725556573,0.5888877983617391,169.6118857230169,4,0
track_000668,Song 669,Artist H,26,273330,0,0.4354954083916131,0.9133178471773932,9,-5.570060113316824,0,0.07678623278133505,0.16345486042643967,0.09894380294084275,0.10577730124294057,0.42403252251966944,160.90016323200803,4,0
track_000669,Song 670,Artist A,6,186535,0,0.5299295353238104,0.8367274039966267,8,-8.982711034301365,1,0.2673585313268028,0.35804898217374637,0.0014026235629013544,0.5046750539310724,0.5726396761574846,89.07549161502395,4,0
track_000670,Song 671,Artist F,40,277094,0,0.6799262641915782,0.9384176213690851,2,-10.08735795820261,1,0.00904831702685264,0.2370413635074785,0.015250852589795846,0.13458910036548824,0.5848747100354226,71.53069845315927,4,0
track_000671,Song 672,Artist D,14,182278,0,0.8075551573826405,0.8421932011401558,11,-6.694620040964292,1,0.26754591554039514,0.3832489237722297,0.005024924248808227,0.1343487872011991,0.5494975827915769,137.28059918394447,4,0
track_000672,Song 673,Artist H,6,264151,1,0.9144996445179505,0.9121756755049453,4,-12.034945382361462,0,0.14993203826115234,0.17018436444956184,0.01988757404453927,0.32222111046007773,0.5398398456554385,182.35399718462827,4,0
track_000673,Song 674,Artist F,30,263624,1,0.6912316386164183,0.6395018056519404,9,-3.033538272308384,0,0.016061749084384448,0.512523471236439,0.047334027197618304,0.04706434238353025,0.6832287440935382,130.33116844917942,4,0
track_000674,Song 675,Artist D,3,222099,0,0.6914429744357485,0.692872374721302,6,-13.351576145101166,0,0.05888385213065362,0.4316951838526459,0.1748628106976339,0.4635442518561502,0.46433957376009755,124.74536223405863,5,0
track_000675,Song 676,Artist J,42,170314,0,0.7573300949836396,0.5822690723839412,5,-14.867347215635885,1,0.07253855200381738,0.30544434460363423,0.12497497494001603,0.5144168521393938,0.49603519418961967,164.10927317836075,4,0
track_000676,Song 677,Artist D,14,211937,1,0.7774969140042322,0.6160458039164899,10,-11.5791739143325,0,0.09706360457431557,0.20983400655695622,0.02577260253066008,0.1450738826808186,0.5316953496455324,62.3488799971763,4,0
track_000677,Song 678,Artist C,18,240801,0,0.9722802291291331,0.5278850486261806,5,-5.116761201415287,0,0.0041893183090686405,0.10629884246290688,0.15672262111769764,0.12303716309177569,0.7615953323821554,151.23130256110028,4,0
track_000678,Song 679,Artist E,23,181897,1,0.8898102817424517,0.798009717908447,6,-7.391438790369014,1,0.17685570758714342,0.08065048875174113,0.008398117870827317,0.23814331335473438,0.3920684165984934,168.57954069332044,4,0
track_000679,Song 680,Artist D,26,131255,0,0.41899690927853,0.4342957634813572,2,-3.0691963738836527,1,0.2650383157973582,0.4506955688251672,0.18650133990128714,0.1924503233585314,0.7191291457951806,69.53879692870771,4,0
track_000680,Song 681,Artist G,30,286170,0,0.9332194122816491,0.42706994167330503,4,-9.97738829799868,0,0.10932939704081664,0.5106966760807623,0.040026877199222606,0.05331374488624843,0.8348856887347247,101.15700830612957,4,0
track_000681,Song 682,Artist F,9,197932,1,0.8182272501319334,0.7623528433149499,7,-13.721559676699536,1,0.04022185422902261,0.566496461672127,0.03155272080771617,0.10900397150174725,0.350863061423531,193.6265186331868,4,0
track_000682,Song 683,Artist J,20,160122,0,0.9386156333615645,0.7243337467126768,5,-4.631153962254373,0,0.011512690996636082,0.10273912558623921,0.0934471780582607,0.12202456024448505,0.5839224853524985,88.81750017933867,4,0
track_000683,Song 684,Artist I,15,203452,0,0.9193022853874416,0.5407404157378694,4,-13.2428815002132,1,0.005639310414918345,0.1984921455062058,0.17994262927947044,0.15534452881373131,0.5730578373782397,171.8567646054682,5,0
track_000684,Song 685,Artist G,55,142152,1,0.3805417536542765,0.49255389746180045,7,-14.85130243222597,0,0.11130799331122807,0.5398405419686803,0.048950340210645114,0.17527128054019697,0.17813660423510774,162.3492922617841,3,0
track_000685,Song 686,Artist F,93,145433,0,0.736999378495653,0.8150872193539881,10,-4.94455734601121,0,0.08395450175263881,0.6436222415434393,0.1676413063037544,0.1402192008761319,0.28512016646395844,85.1205880989675,4,1
track_000686,Song 687,Artist C,3,162113,0,0.8721263872776072,0.8018832900776112,2,-10.958051960217254,1,0.025974307359095086,0.4178874060302755,0.12134484565131182,0.15599066870106149,0.381285403588717,131.0308960514389,4,0
track_000687,Song 688,Artist G,16,191633,0,0.5100101652514232,0.6459302737197516,7,-7.479449088518548,0,0.015732489783472928,0.24676510881264696,0.14683664990967762,0.09882027939370437,0.45045238891771755,107.86461638868528,4,0
track_000688,Song 689,Artist J,39,299575,1,0.7360343720310537,0.9346394302832942,2,-7.3470520050513874,0,0.003738204431108986,0.37732903309806376,0.012784018640315071,0.12703452506469762,0.6907788592202034,121.54613509352754,4,0
track_000689,Song 690,Artist I,21,288704,1,0.9012305887098436,0.7930667209060093,2,-9.799785516832328,1,0.007759458652759283,0.1550485066540157,0.0430091713628712,0.24890831724970083,0.6182906547851305,164.0899809997735,4,0
track_000690,Song 691,Artist B,43,256890,0,0.669109955472936,0.8437284154051181,11,-11.013160857037686,1,0.32804256290181544,0.4462397675546199,0.17774959409567845,0.12476136328671028,0.4397374904187487,156.29260670861038,4,0
track_000691,Song 692,Artist E,34,224222,0,0.47886882925578594,0.9015163574946621,3,-13.84779071659724,0,0.08958711411961338,0.5871949210903505,0.12792118754533316,0.21208640196429182,0.6716787252039406,193.79793824864208,4,0
track_000692,Song 693,Artist E,30,217504,0,0.7613171650334486,0.884866787115973,6,-12.612712619443288,1,0.027435670708716418,0.030651897777863382,0.03419533900481725,0.33986265748967837,0.40773725482599055,135.61307895368003,4,0
track_000693,Song 694,Artist H,27,274174,1,0.7849890404039785,0.9376902597750644,7,-3.77859907801011,1,0.17696659194612918,0.3131339004927776,0.01666192600294793,0.04233625202611078,0.7649892347541235,187.29135013694878,4,0
track_000694,Song 695,Artist I,53,170094,0,0.7818579596003901,0.924708250138052,10,-9.448907751682938,1,0.21134030660833536,0.16129762515905016,0.058957697784692925,0.17764767374100457,0.41029081813391804,174.53328530642318,4,0
track_000695,Song 696,Artist I,48,131584,1,0.44410382616445887,0.8826248590635778,2,-14.6647703465114,0,0.02412629938631958,0.25233467063949977,0.3084239318577365,0.3216135123023636,0.6763373062318907,143.22496679381305,4,0
track_000696,Song 697,Artist D,75,278554,1,0.8003685061253679,0.621117863796027,0,-9.828759218584228,1,0.03992973408890665,0.08483044406637738,0.11871340769311145,0.4315657034128195,0.5948580009731601,106.41078377953549,5,1
track_000697,Song 698,Artist E,22,171500,1,0.41342828003044185,0.8357172839992822,3,-3.0808203822567375,1,0.1008508477605278,0.21761318317241804,0.21939646292032047,0.33905359464650725,0.5086425261713389,92.35846048758441,4,0
track_000698,Song 699,Artist E,17,174909,0,0.5394059485179246,0.7427459619161682,11,-8.016865140231344,1,0.09072365060690918,0.38740207576982544,0.12740119919459664,0.5383937905936514,0.7907342283010365,69.08309053315139,4,0
track_000699,Song 700,Artist I,16,194300,0,0.7422643620358188,0.7951031958407953,3,-10.33234030430096,0,0.120121719373582,0.6158268977455014,0.2057955557156484,0.04757243244206282,0.29334542000163044,155.17076817798755,4,0
track_000700,Song 701,Artist A,37,161965,1,0.6523479032413776,0.8867866908786319,6,-13.727538229814252,1,0.10418364314589085,0.18040934265204495,0.12775084423572214,0.23436163401036236,0.6462052657571098,176.23409391585704,4,0
track_000701,Song 702,Artist H,91,186753,0,0.8799873457633084,0.697232789678114,5,-14.826694749178255,0,0.3193409752438531,0.04269420870545105,0.018376406312307966,0.24299521209765285,0.5030169534923162,115.37542468328324,4,1
track_000702,Song 703,Artist A,23,224134,1,0.47683523410124207,0.8480823244649941,5,-13.28255382647528,1,0.25012261712998357,0.03899378273381598,0.13088862743507046,0.12792100474976403,0.5925127430859993,115.65924123048478,4,0
track_000703,Song 704,Artist D,24,194155,0,0.9031573697546567,0.8837264641310587,8,-5.45331001926259,1,0.3237728899719354,0.5713607066996477,0.03056410787152055,0.05217967356922407,0.32169093775333335,127.61250070028201,4,0
track_000704,Song 705,Artist B,19,161057,1,0.4928031496141176,0.7251644333430933,9,-11.044334108067318,0,0.0050297149507870734,0.5905497539474223,0.15408453736096825,0.22175976033307798,0.522962985957132,82.27693200207378,4,0
track_000705,Song 706,Artist A,53,251114,1,0.865207496436126,0.8571324360909094,5,-10.316241449382176,1,0.1825498059073928,0.4290545465198954,0.011392452313692278,0.14340412124534835,0.8198446489569453,181.01828369889108,4,0
track_000706,Song 707,Artist A,11,296946,1,0.7168481102869382,0.8285253832050876,11,-4.9186420295946025,0,0.014097098464500852,0.11837969726214298,0.04075449063553937,0.05948322238819653,0.4443977290084906,172.98190899322373,4,0
track_000707,Song 708,Artist G,20,189428,1,0.4196806521385296,0.8207616551946387,3,-6.30509930697135,1,0.023090209635990833,0.4847299146092933,0.027286032031080293,0.07730068223124069,0.7038395520248683,165.5538621615539,4,0
track_000708,Song 709,Artist H,11,281641,0,0.933733216442489,0.6894936511988311,10,-13.065416414883682,1,0.05257018473447305,0.44385197984028013,0.09710792280862378,0.19841541330120066,0.43013500604401717,169.39411976131805,3,0
track_000709,Song 710,Artist H,7,273412,0,0.9413906927387096,0.8730018048507703,5,-7.11956132480176,1,0.15488339673197682,0.14879394248531133,0.11103390484844011,0.3359654906747929,0.5725114497323732,65.76921740381648,4,0
track_000710,Song 711,Artist D,28,222658,0,0.813576571734033,0.6418035891930487,1,-10.880028730170896,1,0.20769660304597656,0.5568058248900678,0.03891724767588713,0.05855831496062276,0.592345034191899,149.00588681145268,4,0
track_000711,Song 712,Artist B,35,267148,0,0.6201299968983984,0.8369584705198423,3,-14.858972884824185,1,0.20975504847244733,0.42173495836443803,0.03862393711360636,0.12336350356132668,0.5408789866776509,66.96056094831567,4,0
track_000712,Song 713,Artist A,22,278178,1,0.7147301425678172,0.9646893221078857,10,-8.853323310629532,1,0.13384873696008562,0.3560781615198189,0.020569181254356018,0.09527147944528057,0.3474212167498979,61.069459247608236,4,0
track_000713,Song 714,Artist B,19,214769,0,0.5263722704894261,0.6281053797199987,8,-13.41715273403039,1,0.26234619534985726,0.052503570824830544,0.17124142659154262,0.31124960467209833,0.37080830702993833,112.00173009253203,4,0
track_000714,Song 715,Artist A,28,194710,0,0.9648595270349407,0.7402889441056323,3,-11.838697913457553,0,0.03002505058696847,0.349288495666094,0.07184273771042493,0.42166699092386917,0.4626883747348784,162.54301622142287,4,0
track_000715,Song 716,Artist E,12,143354,1,0.4454350555359017,0.7461680065293901,2,-14.84878678663475,0,0.05254147879227025,0.39449482233426664,0.1189990465049345,0.3384902518345794,0.6571752712929785,170.5490753706364,5,0
track_000716,Song 717,Artist D,32,278264,0,0.43183367906929065,0.8319764816980546,3,-10.075006854881654,0,0.07346135403757616,0.07298615008150991,0.3640095884797497,0.09348560313234533,0.5724292217163985,134.38346116450134,4,0
track_000717,Song 718,Artist D,15,291381,0,0.8374683134611987,0.4446513436882449,2,-7.567865335315967,1,0.10036670844303555,0.2634543736405873,0.12981570627998873,0.1794299446552206,0.3266698784536928,63.84906642785981,4,0
track_000718,Song 719,Artist C,3,248536,1,0.8657950661601271,0.8105157760168901,8,-8.735916095826013,1,0.04109575039731993,0.6752617357793175,0.0404430915197625,0.28371457582365933,0.6129116284980528,120.17927696057924,4,0
track_000719,Song 720,Artist J,7,145933,0,0.584679857886935,0.6416046901082555,6,-14.706166671375712,0,0.08203016324803657,0.10781158526395962,0.004756351583844227,0.5293807344727198,0.26565936718269706,146.67605734247894,4,0
track_000720,Song 721,Artist J,20,242747,0,0.6381968080832248,0.7494114238984522,9,-12.424229414757622,0,0.083583633026919,0.15818783856917648,0.22409898881240375,0.17995165371954233,0.4394673235618366,157.9842609972082,4,0
track_000721,Song 722,Artist C,15,262173,0,0.4157075610398587,0.9432255846005962,9,-3.258789312131528,1,0.2123574105129081,0.1398378201929126,0.2613496015167121,0.27634843764123374,0.514959129683503,161.31749564561272,4,0
track_000722,Song 723,Artist D,27,292268,0,0.8403436015308493,0.4497395670400892,5,-3.6373746675045986,0,0.17426565412356007,0.19906921541359127,0.07181773153044968,0.19838773274619742,0.4422994372071437,145.40396388654398,5,0
track_000723,Song 724,Artist I,93,243299,0,0.8774979581029464,0.8435006069886475,7,-11.800829078034992,1,0.04060446631402824,0.5368268490994421,0.030095246967623886,0.1356565851163355,0.55740355883597,186.49610295492994,4,1
track_000724,Song 725,Artist H,42,200570,1,0.3266845947463939,0.47902518127381494,8,-10.150605821446081,0,0.08986780560930686,0.03094770775976045,0.19177163779612164,0.1654084707379722,0.7833120698123576,113.01473680528485,4,0
track_000725,Song 726,Artist G,22,198179,0,0.809205691596744,0.8377452535217715,11,-4.897711640828144,0,0.0006566221177974089,0.24646921598933297,0.2044003758268692,0.24426832847103847,0.5169846996868407,151.36814905053131,4,0
track_000726,Song 727,Artist I,13,184557,0,0.9502611209301536,0.8093228821659045,1,-11.478917401012781,0,0.0032524655850049962,0.215139485659341,0.06337502268627682,0.058683083056339486,0.346336364865302,153.1489485168993,4,0
track_000727,Song 728,Artist I,32,243295,0,0.8797581001946531,0.845694466893815,3,-9.244306452301517,1,0.27899261932914465,0.3361298224091857,0.32012068561396384,0.11864389301262745,0.6130321945700407,185.54893636169282,4,0
track_000728,Song 729,Artist C,5,152400,0,0.7614029758030699,0.47017736520571746,6,-12.673483207286168,1,0.22182549807330998,0.40617637053244154,0.055131998158575404,0.029732315921723675,0.5548297926119011,136.73216152849093,4,0
track_000729,Song 730,Artist G,15,262207,0,0.69216087277141,0.7887027569728063,2,-9.212206747364139,0,0.163133289897424,0.09031852470006091,0.011321678510979658,0.22651318182206148,0.5600144001255346,163.84876758109078,4,0
track_000730,Song 731,Artist C,25,178552,0,0.8017943242470065,0.5469842359697119,10,-13.83516806214076,1,0.10276861798550942,0.15933959233315814,0.13644838033567422,0.38782478519850694,0.6240044392824591,122.21503778407828,5,0
track_000731,Song 732,Artist J,35,215352,1,0.533849941947377,0.32165818676210395,8,-6.987626859522344,0,0.16233021356188454,0.2097174383315262,0.07511810069534951,0.06822063426712739,0.6462013658108449,177.64614577286454,3,0
track_000732,Song 733,Artist A,43,254035,1,0.6672883159652037,0.6812950850321698,9,-5.852408154217011,0,0.24805789564717515,0.1752781872138589,0.17182439477685751,0.12685172058628372,0.5151038567105731,65.71766201299837,4,0
track_000733,Song 734,Artist D,44,131226,0,0.8055703372994408,0.6981957189337227,0,-12.593057409659984,1,0.012174868878911612,0.26620798384517275,0.1341291759083223,0.2058183464095396,0.36142891464232174,154.76397234592082,4,0
track_000734,Song 735,Artist J,92,280887,1,0.5837006155610991,0.9656265652015193,2,-12.319271639361517,0,0.06763234052862409,0.12825214182578004,0.20146700817528157,0.3012220939571345,0.8272251308027568,183.8399688979274,4,1
track_000735,Song 736,Artist J,20,268537,0,0.8470631865894963,0.5002094689177947,1,-6.070961566042548,1,0.08365631390798287,0.24274641744149567,0.15620226660694014,0.2735779030848904,0.5950000998587249,60.20261087293991,4,0
track_000736,Song 737,Artist H,22,202124,0,0.6275878374541389,0.9531324771211631,2,-13.940427025589807,1,0.059229316907757776,0.37476139806713593,0.024877412928271985,0.0398930854538883,0.46646101113268945,159.7755942461688,4,0
track_000737,Song 738,Artist E,9,241907,0,0.4442789564379628,0.4152119621030159,11,-13.857480562185652,0,0.012905682664847162,0.3225612910075329,0.17487694791038333,0.2084151946327289,0.2700545821385,146.4823702896482,4,0
track_000738,Song 739,Artist H,94,174203,1,0.6366238959318646,0.9520860701269361,3,-13.783099182835588,0,0.07401102251419452,0.29080982583337545,0.133906457075399,0.18608540645264382,0.3561491605125158,153.453915696841,5,1
track_000739,Song 740,Artist G,87,236740,0,0.5858112385069069,0.7940670821783377,10,-11.887529597709648,1,0.011699443157253719,0.022908277165986368,0.006964212935536238,0.22848985047867904,0.5843231983115112,108.41357878473515,4,1
track_000740,Song 741,Artist F,30,171464,1,0.41523433269166804,0.7654704947772114,10,-3.577937436400079,1,0.024411727642668524,0.26527051164478116,0.07819124728332733,0.22088173041187387,0.3326625242749777,191.2072897966115,4,0
track_000741,Song 742,Artist A,39,168061,1,0.6108745219906784,0.4453815099853293,10,-5.586471441629175,1,0.2932984756761059,0.07183987597378885,0.1683809909921546,0.24342714465323584,0.22810823321723692,98.883200797596,5,0
track_000742,Song 743,Artist A,29,233154,0,0.8240458176862528,0.7860152405611558,11,-9.650500187663924,0,0.04667415165557564,0.0643194297860542,0.03014631395659992,0.2367264229892628,0.2385400694049721,165.80860347852646,4,0
track_000743,Song 744,Artist I,82,245626,0,0.7086612417973944,0.9528209907024906,2,-9.0378883035421,1,0.24862767267832514,0.21289304153775646,0.003175313685336372,0.22105791767916577,0.9055468910870628,176.31692036553346,4,1
track_000744,Song 745,Artist J,47,292263,0,0.5896057421453,0.8176156416904592,6,-6.904267558970375,1,0.1230363392415349,0.3695529751223185,0.18061359858526424,0.04842849928305128,0.6476000523626466,97.0382779193819,4,0
track_000745,Song 746,Artist H,80,174017,1,0.4883570270835848,0.5111322165093614,0,-13.106688026490657,1,0.002452319373645395,0.6797476659712198,0.09930154057162449,0.15565874703821023,0.5303289557597681,139.98483521784487,4,1
track_000746,Song 747,Artist F,20,200630,1,0.8795498414253908,0.6798426870627355,10,-4.895460740206975,0,0.06954429227449466,0.46790444551763555,0.03201855236373266,0.3006995110601584,0.22705359774290285,128.55422917231866,4,0
track_000747,Song 748,Artist I,35,126544,0,0.6652982458717379,0.43504922037027494,1,-11.085165310296704,1,0.03515405059983223,0.372897437415432,0.11112678028960112,0.09183672477542744,0.28434754022250125,91.85877256501601,4,0
track_000748,Song 749,Artist F,16,208202,0,0.9276775837049331,0.7403959704210834,8,-10.443537328273335,0,0.020388774927472143,0.3885546405012194,0.04417513966482401,0.474330584473621,0.7182114091798828,137.359765266274,4,0
track_000749,Song 750,Artist F,89,157855,0,0.5610107226202393,0.7182390558017746,9,-12.155245186827834,0,0.1439878895888663,0.16596133224161705,0.06880556319884817,0.13612743769802543,0.45849782977653136,94.44822452051747,4,1
track_000750,Song 751,Artist F,93,128463,1,0.7115906081132102,0.7235108383407506,1,-9.313022995175743,0,0.00942943655525879,0.07436050577397002,0.18074767767071284,0.13769013834576685,0.35521560213079706,84.28374201429925,4,1
track_000751,Song 752,Artist I,37,205094,0,0.575162532199682,0.6423497934429804,5,-8.347296259597014,0,0.036810098299007166,0.6857837299801058,0.18486230368376563,0.08291743361476848,0.5168247426031318,191.32234172249784,4,0
track_000752,Song 753,Artist I,15,287011,0,0.7800643534923364,0.8389360927044015,3,-4.758920765890284,1,0.1070752361731428,0.5015321239228442,0.24574633152622752,0.2828137421148215,0.4343993400601617,79.41672591842266,4,0
track_000753,Song 754,Artist E,32,244506,0,0.5845009514897378,0.76003250559877,2,-3.670226394906246,1,0.02630558276858138,0.4046095653334428,0.07751547529771473,0.12626296675736642,0.4369392871397844,95.84117854103133,4,0
track_000754,Song 755,Artist B,25,251661,1,0.6946710255200601,0.7412650642538543,10,-14.75569154298112,1,0.18395254751014906,0.36842887951630443,0.28930852485550834,0.34133500812329903,0.611258361778486,172.61019158708655,4,0
track_000755,Song 756,Artist B,17,208435,0,0.5642144756821126,0.5087829900260329,3,-4.926394840989991,0,0.16683922856741012,0.23813541095651308,0.04700354621927745,0.2359913960276898,0.7530293845192706,66.690807741817,3,0
track_000756,Song 757,Artist A,41,149404,1,0.5048404740320558,0.524144610615829,2,-9.172406459738331,1,0.2545281766949576,0.2601566686283525,0.10978030731877729,0.026725136610568887,0.4982713260535039,132.7261663603056,4,0
track_000757,Song 758,Artist C,9,135828,0,0.6485908052110891,0.8041902426738156,5,-10.142090298051514,1,0.012628024017207399,0.1802987558963546,0.005636798829273386,0.10864372774210881,0.3280482004576411,151.50812052442416,4,0
track_000758,Song 759,Artist H,22,152022,0,0.787823574996227,0.718280617855405,0,-13.632652635833852,0,0.09330998707168021,0.09349195647148507,0.0037934464751296576,0.12466714686580546,0.5348259546835724,73.2434374773448,4,0
track_000759,Song 760,Artist J,33,157479,0,0.6552840195692715,0.5569754818680034,5,-9.303012149439226,1,0.17879786443699258,0.3105108506912318,0.059534088375556606,0.14733310279690753,0.7797074015013726,121.46251054007521,4,0
track_000760,Song 761,Artist D,94,248773,0,0.8849882183125635,0.3724760740930831,6,-13.88231389146148,0,0.0999970838613649,0.07232186489636569,0.18867397499758312,0.264956140200898,0.4521511562887217,166.78787763527737,4,1
track_000761,Song 762,Artist C,30,157242,0,0.7226812436819987,0.5997840213887122,9,-9.913503078786427,0,0.38511198436944527,0.14287571696371865,0.3910095541294168,0.242093060542285,0.5448342636510934,80.93895096885562,4,0
track_000762,Song 763,Artist I,13,186457,0,0.3902247609894012,0.683187458756234,6,-11.690946127463006,0,0.036092524344362664,0.27165131397518805,0.11415785180629673,0.03565605451649846,0.6651512643544029,185.64457927979706,4,0
track_000763,Song 764,Artist J,32,216242,0,0.9579746926356713,0.7809378875442696,9,-4.4016426383672815,1,0.292381292206133,0.27401049045722764,0.1412604777953001,0.23872313050572833,0.48615461634228224,129.62416493979424,4,0
track_000764,Song 765,Artist G,25,231750,1,0.9149924043738384,0.9552188433781951,6,-4.611508733699571,0,0.2328028822784787,0.5551412354044835,0.03602340001172643,0.04847539407537282,0.3428959343278979,155.07118326582093,4,0
track_000765,Song 766,Artist C,97,177268,0,0.9293302015145563,0.7972259033887789,2,-6.636676489923559,1,0.1135652058643028,0.16549144792115253,0.09609066506677139,0.18996737626005686,0.5518434079635811,162.40891057268806,4,1
track_000766,Song 767,Artist E,1,198206,0,0.5685633244025852,0.8360078230950205,6,-8.580481008794028,1,0.05866824575155729,0.2404128450578506,0.07402541500430297,0.32592464464902665,0.5983648204340289,199.9847487010875,4,0
track_000767,Song 768,Artist B,19,176921,1,0.47189124908140145,0.9755170505121336,0,-3.158034788325903,0,0.07446875908727547,0.08029140964195139,0.3125183615299297,0.20686385196475535,0.35707910060791853,85.60524917266781,4,0
track_000768,Song 769,Artist F,13,159673,1,0.9171971320408997,0.4693160071869321,0,-12.18978844956854,1,0.1780902407507798,0.3904565216248952,0.06640652924688942,0.14268711768804657,0.3656839122306671,68.62451391643148,4,0
track_000769,Song 770,Artist G,92,168423,0,0.6338402378612424,0.6558337869115517,11,-10.882373357832407,0,0.12284010693393875,0.4181547555672002,0.0029831555671594786,0.020939437682071613,0.4225024522931293,143.18812747947166,3,1
track_000770,Song 771,Artist G,93,272542,0,0.6144392045133446,0.7428545406156245,1,-3.5757086739651243,0,0.11267432051165958,0.29224175749137693,0.09952611874242524,0.2646845433744378,0.5228741942772099,184.78930594045838,4,1
track_000771,Song 772,Artist B,92,247636,0,0.5360094140500399,0.9384164098784687,9,-4.312201303144837,0,0.034425148128802624,0.107044703846747,0.117227176809349,0.12658849670379324,0.4083064804414694,173.09312917839247,4,1
track_000772,Song 773,Artist F,29,254569,1,0.6252861216445432,0.7266239868373421,9,-6.1128541573535635,1,0.24255670805186202,0.3273954611368793,0.0031072862828536133,0.2345792507810413,0.5611299553207703,169.20364904034454,4,0
track_000773,Song 774,Artist G,25,239454,0,0.46312713622845586,0.9054606639265578,6,-10.226481422966252,1,0.05709675333659028,0.5741964320703928,0.15705168012353854,0.1252312609523656,0.5370196318272993,117.73652594312291,4,0
track_000774,Song 775,Artist F,25,130372,0,0.6827693790781156,0.846905861442759,6,-12.98620966259925,0,0.07921845987401749,0.3108305873176398,0.2212366138166152,0.1306222482381501,0.3080938807001434,86.9636756566043,4,0
track_000775,Song 776,Artist J,19,171772,0,0.6888059772368225,0.789553563078127,1,-13.185116446705056,0,0.02144275251186366,0.18440791313283333,0.0813581974088178,0.08085721232035266,0.6563630037571828,93.92269925751104,4,0
track_000776,Song 777,Artist C,33,126107,1,0.6552153397005533,0.7746839183504127,0,-4.200608528732609,1,0.03261103316241648,0.49969832706600414,0.045646257681194964,0.2436463639955371,0.7112282945376901,107.04086283383371,4,0
track_000777,Song 778,Artist I,19,133138,0,0.8736526936128888,0.8889112222382195,2,-11.099549742211961,1,0.007675050794917239,0.41413327636048636,0.1488744560739805,0.050876623023467085,0.3750295462935945,151.7365767221063,4,0
track_000778,Song 779,Artist A,29,138632,1,0.9594467580912672,0.6720268500549053,5,-5.047693645482589,0,0.12387378357208824,0.2877328572456495,0.07024359944968096,0.4942481144906357,0.31349164865729634,171.63255246782523,4,0
track_000779,Song 780,Artist B,20,198944,1,0.32375597581661786,0.8969393726191567,7,-9.738512633503039,1,0.02749929453834937,0.36237316398905517,0.1092309724240639,0.2626675893366459,0.40876064016455804,165.03491315237457,4,0
track_000780,Song 781,Artist I,1,252533,1,0.6699585802613488,0.5469227858150425,8,-8.756535229541944,0,0.19668636162129705,0.15303366541364016,0.012724558050142231,0.21535696563668555,0.37596576324228886,120.56854288784167,4,0
track_000781,Song 782,Artist D,41,127717,1,0.763458962350162,0.4849778215541726,7,-11.032642687665197,1,0.07827027810198987,0.11850396391490205,0.026588421865342993,0.27532466398006017,0.4480114122816432,163.10328751877285,4,0
track_000782,Song 783,Artist H,18,254648,0,0.6965543408959904,0.5996932845115472,7,-7.900208069700966,0,0.062126855589880875,0.0233345423698197,0.07550224224575142,0.21718486003369808,0.5385466690821552,171.09377323442772,4,0
track_000783,Song 784,Artist A,49,130886,1,0.5310623204257038,0.7707629425321328,8,-5.4936211898844824,0,0.0946157973513879,0.21286073631134667,0.058950883780937546,0.22747288403427302,0.4945080047331537,87.27424465677588,4,0
track_000784,Song 785,Artist I,13,148688,1,0.8313440987558383,0.7144333921528331,7,-8.773825498606811,1,0.0626585385347194,0.3079822551623085,0.046338674315195325,0.2289351167133532,0.6615044562837665,143.31350122797085,4,0
track_000785,Song 786,Artist J,23,153585,0,0.8907490920438296,0.5783884293843288,5,-7.903855411491176,1,0.05591734604148381,0.5728769191371036,0.16986677905579983,0.10057519069449122,0.6134054654252115,150.38956076681694,5,0
track_000786,Song 787,Artist G,26,213095,0,0.6144917679257773,0.757546612577681,4,-4.728136594482606,0,0.0047931115706464165,0.31401723433113476,0.037143529298109,0.08634680954871622,0.5123026282664039,120.61702724804957,3,0
track_000787,Song 788,Artist I,93,170998,0,0.8108896615418407,0.5272106080803243,9,-9.52682533929673,1,0.28224974326712393,0.08366426338649995,0.06649080241131916,0.30843874715865416,0.787456285977614,146.56293113677614,4,1
track_000788,Song 789,Artist E,86,285675,0,0.9388463280432188,0.6900143466073778,2,-9.346007970594686,0,0.21135292742315528,0.23956892052551204,0.05327814568630396,0.3947373165856774,0.46985961318490027,176.65180915805072,4,1
track_000789,Song 790,Artist B,9,187182,0,0.6684415410888289,0.7352520136002162,6,-12.876292441602953,0,0.11869788329783966,0.43727408711325433,0.14427477482947923,0.5248443921090145,0.5860764886939249,81.47507915376897,4,0
track_000790,Song 791,Artist D,7,178001,0,0.8665808187242692,0.6279226014404276,5,-3.0043361524178476,0,0.14321029211959782,0.2808696870763363,0.05001150500076833,0.061244152394377784,0.4610880880919233,65.21600949629195,4,0
track_000791,Song 792,Artist H,52,165778,1,0.7352810950725384,0.8569456661355099,4,-6.269975932499797,1,0.03424106653259332,0.2805694368148667,0.055724874419194645,0.05814155758233071,0.450119841549678,132.559166742887,4,0
track_000792,Song 793,Artist F,87,221276,0,0.5967090762090215,0.540621702414943,9,-6.2080604757572235,0,0.09445933270594321,0.3015034532986383,0.08858716587606948,0.20889427368938882,0.6245329964404162,112.79751397987529,4,1
track_000793,Song 794,Artist A,10,265919,0,0.7708796051636984,0.8979925068447739,6,-14.989810684539382,1,0.1189903040552497,0.3174441126805026,0.0661573094374782,0.16181001486872754,0.8135571957152175,152.62776061453465,4,0
track_000794,Song 795,Artist H,24,238251,0,0.6053735507291725,0.87567766682531,4,-12.75479498562393,1,0.025386193193364433,0.4419370500676894,0.06661976731203499,0.14349428913363835,0.5153141280648005,66.94880956512097,4,0
track_000795,Song 796,Artist H,9,221824,0,0.27820391442492454,0.6250297440323278,5,-4.187469794604274,0,0.3115057551287331,0.21585300141071048,0.08510115584903406,0.37002217571338253,0.7765413041651279,172.3988749783594,4,0
track_000796,Song 797,Artist D,10,146571,0,0.7584750868349427,0.5938957259206368,5,-5.098606056247544,1,0.16130551645550625,0.3130923965095055,0.14580353482107974,0.2882800787882012,0.32550856375887816,71.38313026246459,4,0
track_000797,Song 798,Artist F,97,158230,0,0.6338579258296826,0.9299809959739939,1,-11.179925734434876,1,0.23108417483838467,0.2772312881743709,0.079334776470024,0.30870990136185156,0.552524056227124,113.95344545848143,4,1
track_000798,Song 799,Artist C,10,239053,0,0.3664558225688689,0.6269718538758208,0,-12.2028527981215,0,0.015494417320732002,0.34958187598768575,0.08545220447927301,0.40428840908237773,0.7526216972400932,106.1072376725661,4,0
track_000799,Song 800,Artist E,31,205411,1,0.783377436867641,0.6990625067878454,11,-6.218699302696409,0,0.18816492792512557,0.4293470938165298,0.0074375359285830415,0.1894141954688695,0.6788281242594996,127.17482539704162,4,0
track_000800,Song 801,Artist F,3,234165,1,0.8266803900732334,0.44988406123014457,4,-13.918868841981858,0,0.0686946545843457,0.18626832424750778,0.020249698870906913,0.23940581712961292,0.6214519081061247,121.97490243617982,4,0
track_000801,Song 802,Artist B,22,211434,1,0.7368487120234375,0.3442033755475261,5,-10.739448393675072,1,0.06552663771381585,0.34353619897783516,0.0892852313306861,0.26865151633366774,0.19707933826600085,128.7447067813522,4,0
track_000802,Song 803,Artist D,86,229987,0,0.5373368824923851,0.4973485089200815,9,-14.061042084645322,0,0.006460995419347804,0.17936547790956958,0.14711227965259677,0.4932664269014986,0.6702600885023394,92.00694812412232,4,1
track_000803,Song 804,Artist A,32,214478,0,0.682705534951957,0.8371026264015592,2,-11.190085291618905,1,0.2320953234620524,0.12755527921232274,0.013653807868801977,0.06361974145152802,0.6670083515865683,157.08732269003298,4,0
track_000804,Song 805,Artist A,3,273552,1,0.51110481376868,0.20833591410496546,10,-7.173970474898917,0,0.02002765454026516,0.30537366804900423,0.024253362117116,0.19360177009046564,0.5295167542527155,95.8168353915537,4,0
track_000805,Song 806,Artist B,9,176172,0,0.7014299885082534,0.5883726129292081,4,-7.4091362304559905,1,0.16625931624799137,0.04827737168310503,0.2641781024245935,0.09287777439407983,0.4561277205868897,68.19444349855274,4,0
track_000806,Song 807,Artist F,10,267351,0,0.4349891558472263,0.5867111964502042,11,-7.121072934916846,1,0.3573793707152719,0.24273511760494984,0.16878636719379017,0.2145974347921171,0.4759691781195536,78.2169499209439,4,0
track_000807,Song 808,Artist B,18,180805,0,0.6797526143191223,0.9426783586682539,0,-9.91268298072211,0,0.22065282962017752,0.36016956480059803,0.13584431829692478,0.4096292309972524,0.4238693601595089,178.1531433647386,4,0
track_000808,Song 809,Artist F,21,165775,0,0.9640358125431358,0.7909930497401194,0,-5.264845803996867,0,0.12640460640058587,0.4329264858958939,0.02470971680442408,0.10272083788665551,0.6444281156486724,153.07797093514077,4,0
track_000809,Song 810,Artist H,22,197160,0,0.7832860331840747,0.9427829499870838,1,-5.4796798531598405,1,0.28627720745938423,0.32409423979778956,0.06634703874401238,0.3908734485733628,0.32727166161704957,191.14754249444402,4,0
track_000810,Song 811,Artist C,94,169047,1,0.6982402758615968,0.6038874363001773,0,-14.85593839957552,1,0.07656707316320867,0.37125792446108014,0.10851297308478455,0.048627222276356526,0.46045512944199607,107.54195030248937,4,1
track_000811,Song 812,Artist J,14,253054,0,0.7382925353539334,0.8166890070299344,0,-12.116148536488737,0,0.012559484071005537,0.4564913120545884,0.10483630557598146,0.19905191317612306,0.6702819858383268,163.77423798354152,5,0
track_000812,Song 813,Artist J,20,164350,1,0.7441614461263036,0.792678496031509,5,-3.4154042836941105,0,0.12594182598469242,0.27651160461944435,0.04867335533327129,0.23332590789368224,0.6321832547555406,166.17437550956396,4,0
track_000813,Song 814,Artist E,21,202593,0,0.9040255732160782,0.44698804526827557,8,-5.534139346891937,1,0.1357484850024773,0.4925759341512271,0.14439328567125678,0.05511925663992748,0.7063416426416783,90.4561084936515,3,0
track_000814,Song 815,Artist B,2,136192,0,0.7796162725640621,0.8038437975326093,9,-4.434501199587551,0,0.07569199256007428,0.21577728589387868,0.026271616874175393,0.0727168682081951,0.6323985353869205,143.81468466945194,4,0
track_000815,Song 816,Artist H,89,261367,0,0.8343241142168496,0.5788853153068206,6,-4.339266989435728,0,0.147323950050185,0.5244958525380153,0.07426754153153206,0.1767336175605303,0.37223584404056653,188.947355661112,4,1
track_000816,Song 817,Artist F,94,192427,1,0.3837017385332523,0.7558675890279714,5,-6.244221498945372,0,0.049920001647571176,0.5275338796768664,0.20279855439291575,0.13301819575892673,0.3923195873535984,69.37639418158457,4,1
track_000817,Song 818,Artist E,20,218743,1,0.6901653111510319,0.8650202138765822,11,-8.58473934533149,1,0.015735911858455128,0.20907613447696652,0.07315759552660286,0.3385077186875976,0.5436152365634085,119.28415827633576,4,0
track_000818,Song 819,Artist D,23,127466,0,0.47701319922648233,0.674437415323347,7,-11.231547831660496,1,0.04428675970346229,0.655906111972191,0.02893660270762673,0.2528863558596416,0.6682508013880579,163.60105178818898,4,0
track_000819,Song 820,Artist G,32,254150,0,0.46107575828575864,0.8674476178972655,10,-6.824632440150493,0,0.14363534462804217,0.253360885526118,0.04351361795093725,0.08832958383553038,0.6700165638980804,118.52722441482314,4,0
track_000820,Song 821,Artist D,15,171052,0,0.46683466987208083,0.8780868302423985,10,-13.325965339796348,1,0.12416768167641315,0.1736959054259405,0.09189180704363527,0.17919198372055056,0.7244987983418851,148.8981925807417,4,0
track_000821,Song 822,Artist A,53,134425,0,0.8821325491743621,0.4363332106782244,1,-5.288191492493311,0,0.0792953440601805,0.29587576749988775,0.056350401760848795,0.09698848310809555,0.6402901171876582,182.36608937633451,4,0
track_000822,Song 823,Artist C,9,201099,1,0.7228444390376589,0.9187978672390998,11,-5.064301007063545,1,0.08018455961929637,0.40418116460764275,0.28338481771945906,0.36115174417987633,0.5827196366582604,155.48101797334778,4,0
track_000823,Song 824,Artist H,25,230478,1,0.7417268409958784,0.674604276215421,6,-5.125813133730672,0,0.12663018222864683,0.26652891349460955,0.18227351460881444,0.12401593201622237,0.474190247974079,145.57089423968455,4,0
track_000824,Song 825,Artist G,25,248345,0,0.7214219895632277,0.8309703414059679,5,-11.42562615329894,1,0.20115902096749297,0.5234094141311108,0.015353185103408693,0.011601933217316816,0.46532347573176575,156.6658338986934,4,0
track_000825,Song 826,Artist C,80,172620,1,0.6334955644254104,0.6383936293303565,1,-6.662909799427524,0,0.20904508178059206,0.17097682930939245,0.19036418532909946,0.15750349625910592,0.5996739694487268,195.36095394061846,4,1
track_000826,Song 827,Artist F,37,238504,0,0.7030090358354565,0.8870746353057576,10,-5.985826062010098,0,0.029856742266023025,0.2570143931130511,0.08808428476472353,0.3380801721710154,0.2955944962732496,141.4240021735564,4,0
track_000827,Song 828,Artist F,51,212162,1,0.6836866281798972,0.5000912034946102,3,-4.711149966436906,0,0.13176405283106335,0.10087236506614417,0.22150286779728254,0.022444509607191222,0.29059671128426356,160.79237743900575,4,0
track_000828,Song 829,Artist H,24,209552,0,0.6936918462985515,0.9586025856779968,3,-12.00389020862809,0,0.19629314424581645,0.17317168311707476,0.05436105289761086,0.10715036491119928,0.34930648352376786,140.55154830489087,4,0
track_000829,Song 830,Artist G,36,217229,0,0.849697047640669,0.8271059331002757,9,-13.221974878449577,0,0.05782696961698316,0.1508350741558782,0.31024368801895547,0.24845791638430864,0.6794706801459633,127.27181806684301,4,0
track_000830,Song 831,Artist C,4,247521,1,0.5511252429786827,0.49512298336807337,6,-4.556076887280959,1,0.07927369250313321,0.15187761473717012,0.0015082816679530026,0.14947417777259775,0.3107685642536919,106.3504634177447,4,0
track_000831,Song 832,Artist F,24,246967,1,0.4328444683614082,0.852090111518966,0,-7.9326985910765195,1,0.15959404201853444,0.36390588451689765,0.03501489267584707,0.17886488031342743,0.6369565916805047,117.80031226156687,4,0
track_000832,Song 833,Artist E,26,194990,0,0.9027674421588551,0.6128418245411242,6,-10.355851160656528,1,0.09998768454039096,0.31623237426642453,0.011286717033429455,0.15486776654109008,0.7134715213555527,86.02838382812308,4,0
track_000833,Song 834,Artist J,14,168167,0,0.7989597134236586,0.732293176086722,11,-13.733410359444594,0,0.05579762681859054,0.5312413910811664,0.14108915365634356,0.19151085163632062,0.240111455831523,181.7804907019688,4,0
track_000834,Song 835,Artist D,28,137038,0,0.6093682665925434,0.9144709907645884,8,-4.90041921543458,0,0.20864749528859902,0.25168016254821546,0.09676829405459657,0.03444322583705393,0.3827944969787567,95.77093572054957,4,0
track_000835,Song 836,Artist I,16,149602,1,0.6321816038586319,0.5904002418931418,10,-13.14202418167864,0,0.09812449537863913,0.32563311803006495,0.05507212697395571,0.04465503573337015,0.40398168056989464,74.32469593169967,3,0
track_000836,Song 837,Artist C,16,268541,0,0.5374669788276663,0.934704314664442,2,-4.616853250418332,0,0.0010039964837071235,0.34074706499448876,0.04725957685736221,0.12497202098682107,0.9047438439605573,188.7913841453643,4,0
track_000837,Song 838,Artist J,46,278334,0,0.5349664271340433,0.7867304050655574,11,-7.3219228126827325,1,0.06277866558641709,0.24555250999142184,0.01960533382748918,0.28433999670973453,0.6625780457516467,149.40247726081708,4,0
track_000838,Song 839,Artist C,30,159278,0,0.6268267016121257,0.49948161292604837,6,-10.079741720255228,0,0.047745649209091474,0.30051516159183517,0.15465830280415532,0.08350427136062132,0.33427540744270434,118.59241125711367,4,0
track_000839,Song 840,Artist J,27,196151,1,0.3292223529683043,0.810620424787462,8,-14.743667113786111,1,0.03521381975008043,0.1267046599928892,0.05186880846359226,0.396615846989179,0.26335137011510856,156.9403247058806,4,0
track_000840,Song 841,Artist G,57,193967,0,0.8069525278543347,0.6894031528230735,2,-12.331421037850886,0,0.27778653837949113,0.295849264481862,0.11520495755878768,0.18330576863141235,0.5249532893223244,60.16132771124225,3,0
track_000841,Song 842,Artist C,29,192022,1,0.6869579706795824,0.7493404708736873,6,-13.661339052429586,1,0.19865470703432306,0.14262900846677987,0.08429608881314059,0.1697029874802874,0.3718513656884928,179.06387429800225,4,0
track_000842,Song 843,Artist C,22,186704,0,0.9524982442747275,0.6266670515328988,2,-10.395751180338905,1,0.06601564421435016,0.3272156279404027,0.037296316963419125,0.2858182518794378,0.7529407002505963,121.54872827598302,3,0
track_000843,Song 844,Artist F,37,208444,0,0.7645885338690392,0.5344762199728933,5,-7.225353009920497,1,0.0196500232632013,0.37000060332467094,0.04715331125852663,0.4077241669009709,0.5382167957014383,168.62791459636048,4,0
track_000844,Song 845,Artist D,12,244790,0,0.9312804416747453,0.6624222433261552,2,-10.337766715455807,0,0.058019249971296,0.19248572540893932,0.05711237473379223,0.2578009428021803,0.53351614581116,115.88508007930503,4,0
track_000845,Song 846,Artist J,80,121320,1,0.6991997482945971,0.5748394869458701,6,-7.960398490519393,1,0.26538751525007426,0.44532307572037444,0.17568761536583957,0.15269130585606974,0.5323886385798752,174.4249640609643,4,1
track_000846,Song 847,Artist G,23,158912,1,0.9529555571910873,0.6041102533321081,5,-12.210973867867477,0,0.06638837715989972,0.4361207823584609,0.20201752951518032,0.05071868571299983,0.6985801017296148,73.06624307995679,4,0
track_000847,Song 848,Artist B,52,153367,0,0.8907625648804595,0.7626080725189331,7,-14.675167762356418,1,0.02173008320582917,0.3059981696457138,0.16149041617652882,0.28476940619554375,0.18841564046584816,78.79266628329191,4,0
track_000848,Song 849,Artist I,28,253054,0,0.4468311465148484,0.7686097720515918,10,-4.918342027320607,0,0.011542982567606786,0.20397878493866486,0.23105339232354516,0.24745174662679242,0.35757474473776507,85.53573674140614,4,0
track_000849,Song 850,Artist G,49,174681,1,0.6612132266034161,0.41501734131085005,7,-3.5216790050728086,1,0.0635077417862829,0.26458729514831686,0.047717956642268945,0.3530497620901231,0.3906002884089975,182.04864127403314,3,0
track_000850,Song 851,Artist A,21,232196,0,0.5228444136099123,0.5765722258558121,3,-5.206468609229081,0,0.1758619284242344,0.22004719259261588,0.16171685929325913,0.18913975808461542,0.6290456736172971,61.48508466188493,4,0
track_000851,Song 852,Artist E,94,144154,0,0.7684984506469619,0.7038601751235761,6,-8.50110952504475,0,0.10169037620288858,0.3955943000387909,0.09644622252090337,0.345402276685687,0.23236036510542343,186.6030227098658,4,1
track_000852,Song 853,Artist B,6,188225,0,0.7232070771947087,0.6646769540814924,9,-13.6885507445644,0,0.07638212000354591,0.5853626122507394,0.09649124402527307,0.04301758614627057,0.6930485000884808,192.43751744822217,4,0
track_000853,Song 854,Artist H,25,129013,1,0.8453180829798433,0.9489182800034942,0,-6.055796540249808,1,0.09895822167532622,0.3353343762144812,0.22388267670051526,0.19543003101056486,0.4084586466021811,80.09855701803296,4,0
track_000854,Song 855,Artist I,82,152228,0,0.8147831157996462,0.6115775277903953,5,-8.757065200677669,0,0.16081005839503837,0.21379588654450005,0.15803965325601718,0.15088771130373102,0.6302941566733478,196.7765901959357,4,1
track_000855,Song 856,Artist G,89,249802,0,0.69738357829185,0.5310080532410971,8,-7.59928860828745,1,0.025602339675643047,0.22746534680240316,0.02886424203392973,0.08592985181224372,0.5588079054903772,183.3513407775449,4,1
track_000856,Song 857,Artist D,11,171033,1,0.9652407105209446,0.757934090455517,1,-8.414729834858763,0,0.1217134495719977,0.2861538942638097,0.05453133105268391,0.1730885448413498,0.6880670877455247,93.69631044226429,5,0
track_000857,Song 858,Artist E,4,293793,0,0.8998481200163955,0.9094020498304771,3,-9.91805953406558,1,0.011180619306135457,0.42529927227787295,0.27437908862760224,0.056097707175774086,0.3149634692994436,180.0703487718533,3,0
track_000858,Song 859,Artist A,20,186735,0,0.742932212560763,0.7663880280493689,2,-3.524025601152715,1,0.022659341937994938,0.7474680535859418,0.02330270137132406,0.10778807628854604,0.5746814722998406,178.7117510812001,4,0
track_000859,Song 860,Artist G,14,129182,0,0.6864355399672463,0.673433873095743,10,-6.757841551539286,1,0.23230856188309496,0.10722811293878581,0.1440728109074945,0.31526891452705796,0.24460555344882295,163.55855390316657,4,0
track_000860,Song 861,Artist G,2,223806,1,0.6881374906495689,0.5223418420535701,9,-9.621255400085465,0,0.03367162386225798,0.1444477395899193,0.01596673027401688,0.0641831423428321,0.36051884670650614,121.39747340836378,4,0
track_000861,Song 862,Artist G,11,275763,0,0.8514717364808754,0.6892516266521517,2,-11.156064872729695,1,0.05066229218992384,0.09484308459782963,0.09890751953070115,0.2638692486563039,0.637356934860903,190.47356676949218,4,0
track_000862,Song 863,Artist G,13,280047,0,0.5718201663729671,0.7272242749692323,8,-4.694013944978732,1,0.0643211635071849,0.21171555306352186,0.171454393433361,0.27308013263783043,0.5847271576576729,89.97517764191943,4,0
track_000863,Song 864,Artist D,24,189939,0,0.6396193172278248,0.9460422111501496,3,-3.1232665949508984,0,0.12567811208416227,0.5921158005722409,0.004330646813204709,0.2381699032285151,0.41090700717393724,72.61888106557781,4,0
track_000864,Song 865,Artist B,3,248070,0,0.9354341290529761,0.8051487238053491,7,-14.090873940944888,0,0.024135177080047823,0.20032639826589355,0.10857108866149694,0.1087786041607918,0.35436991968869713,74.24566589071064,4,0
track_000865,Song 866,Artist H,34,212407,0,0.8455065278592712,0.7185849908428145,1,-9.558333149621461,0,0.3084037001249052,0.2863412897395609,0.0884908220308986,0.20518015871139075,0.4080311600780796,122.03426634941869,4,0
track_000866,Song 867,Artist E,17,143674,0,0.6622691536669183,0.9777558331691251,3,-11.726675592895472,0,0.15601829586392166,0.33440684336214826,0.004967059633020823,0.06879348960970545,0.5152059827207461,64.14650015048838,4,0
track_000867,Song 868,Artist A,48,289087,0,0.9538743906133677,0.7208483315498698,3,-7.8219783373709575,1,0.08031449958200218,0.4491645448738168,0.0731695784608642,0.1023765637449719,0.23123558878639805,77.13982179778897,4,0
track_000868,Song 869,Artist C,90,228286,0,0.8712647664418415,0.4932884856653101,0,-3.520449354540359,0,0.20558724572093406,0.35047678589764303,0.16341350312200956,0.11948184769179288,0.41869994638447233,132.87915545979106,4,1
track_000869,Song 870,Artist G,1,137341,0,0.8774292930999436,0.707284055588037,11,-4.921188809858952,1,0.006381747039442857,0.6020312207397043,0.07464789623196103,0.27740016961791175,0.5568943229609996,185.8423824876968,4,0
track_000870,Song 871,Artist E,5,244581,0,0.6747746833099983,0.9216854243225169,10,-4.85241224967821,1,0.23528826647904597,0.33390744293862273,0.01776380314484727,0.3506829456843323,0.4234403650237805,69.11465695068786,4,0
track_000871,Song 872,Artist C,25,272330,0,0.8709452888306657,0.5034316350696164,4,-10.259471271647996,1,0.17278413645683535,0.6095208049663435,0.06009145240572088,0.24187316728500297,0.6628290812578199,152.97524466762405,4,0
track_000872,Song 873,Artist F,96,147410,0,0.21571993099942435,0.3944303614772843,10,-6.560866920950168,1,0.03023614835264241,0.35646367052002337,0.04023959867137042,0.05321526381568276,0.4079815183329191,90.04514684243823,4,1
track_000873,Song 874,Artist J,49,190831,0,0.5530939120146658,0.6994305066578735,3,-9.962616455734219,1,0.04709877851557352,0.5772797708480492,0.010660133575490428,0.1160062075968464,0.3372344434346521,100.06852366378256,4,0
track_000874,Song 875,Artist A,24,133213,0,0.5192034541717788,0.8257671207482753,5,-14.52842456654501,0,0.25006892384843826,0.1447170833838958,0.19613345337915666,0.3861356645259043,0.3847385912734836,136.24889823548602,4,0
track_000875,Song 876,Artist C,17,216815,1,0.4950040615166556,0.36396672254147905,0,-11.672521159586472,1,0.01284153063220498,0.47686348742277906,0.023330729653358456,0.030103440692766773,0.6053890665921091,129.0046796835478,5,0
track_000876,Song 877,Artist I,15,249132,0,0.8863251914266318,0.8902877126362578,3,-7.347597859705345,1,0.22668483023733474,0.16436116702535125,0.0235582205682351,0.06507020747817996,0.2032472891698487,158.42677539378286,4,0
track_000877,Song 878,Artist D,77,187695,1,0.875126218014321,0.3400162115777222,3,-8.092514992953628,1,0.10955093946964012,0.5921999098322235,0.10779505443754622,0.04903676805411716,0.4334932567112597,74.09850782373006,4,1
track_000878,Song 879,Artist A,23,154880,0,0.500034196488388,0.771649957754221,10,-5.963556456589032,0,0.02252969941872715,0.46509034973117386,0.005201183004389609,0.24715144780113787,0.557522015546531,81.29934860230684,4,0
track_000879,Song 880,Artist J,20,267665,1,0.2685176157461689,0.6535326875249945,9,-6.908091306827387,0,0.06528560026104396,0.2893833276331594,0.07310749898228684,0.1737575274854163,0.4738219022575342,159.1919957362374,4,0
track_000880,Song 881,Artist I,72,259763,0,0.6391386616157815,0.8582986394713428,9,-14.412941424300007,1,0.037140773346251106,0.23510371047083672,0.04176426410424886,0.26052591013337667,0.36726769540351994,96.53154437434668,4,1
track_000881,Song 882,Artist C,12,129327,0,0.6116094884890739,0.9052490418395522,7,-7.929804088655247,0,0.10318383327638013,0.5079033059225752,0.021313037571370236,0.5516721938647018,0.6570361745365375,154.95596354098893,4,0
track_000882,Song 883,Artist F,19,217417,0,0.9184877927099081,0.31380021923309714,2,-4.907316767630945,1,0.056494800868304114,0.1520431942368842,0.15039293039549909,0.12687184686872535,0.47513133101664307,78.05107988508027,4,0
track_000883,Song 884,Artist J,4,213396,1,0.7297571549458666,0.7299657035828092,0,-6.853851174250487,0,0.040336075287239544,0.31982792138326904,0.03354247285344774,0.23028173149506162,0.5502360947998788,88.04689345806418,4,0
track_000884,Song 885,Artist C,21,215909,0,0.8468142255821876,0.7180361219361475,2,-13.325497782679149,0,0.009609447807575743,0.3092322750785557,0.03359493793205775,0.042161720832874935,0.6143507923248767,196.868073762384,4,0
track_000885,Song 886,Artist B,89,200565,0,0.47290144182617183,0.7398766697719813,6,-4.1252527541775414,1,0.019235554089333768,0.08300038173173839,0.04557773583565433,0.20012556175305296,0.380831097470521,122.1593731608901,4,1
track_000886,Song 887,Artist I,33,260017,1,0.7253530682616298,0.4478861061815157,6,-13.296731711300865,1,0.14015924927924323,0.3504394904476996,0.04240947643390297,0.1731553890214057,0.6090914059725763,178.6218926824681,4,0
track_000887,Song 888,Artist B,3,250538,0,0.6191768910038435,0.8747921626801638,5,-10.742119439480085,1,0.03316668215613425,0.15431309083101505,0.027820922255850557,0.17171984665762532,0.5499364613068388,94.08512558982741,4,0
track_000888,Song 889,Artist D,46,233023,0,0.8841057345555717,0.8974808230853807,0,-7.625728166639652,0,0.08110816503766768,0.33767291785404435,0.11403324861922434,0.33050980424930604,0.26157786609488076,192.9870653063336,4,0
track_000889,Song 890,Artist E,16,169999,0,0.8680147677789415,0.42620829061633164,8,-6.890838979654356,1,0.22626359450698602,0.20917940994010573,0.3796728407935504,0.09668582940009345,0.7764012208279446,141.48432876900887,4,0
track_000890,Song 891,Artist C,10,189549,1,0.7616137725802719,0.7910495637929856,4,-13.065119410103836,1,0.13065745024568576,0.10101532222937323,0.09373142929617737,0.03535130306869727,0.3071101267568216,164.5610595588353,4,0
track_000891,Song 892,Artist A,4,160645,1,0.6509784071346417,0.6450319315316653,4,-9.284121836700717,1,0.15769436421876418,0.012995876581958504,0.11809316427339181,0.19813920530817536,0.47845771892255634,180.4631029932881,4,0
track_000892,Song 893,Artist D,30,218369,0,0.4828564891706494,0.6626117270919003,9,-14.132817157751706,0,0.1719540079771494,0.15266807760840437,0.16674400014639218,0.07570421539444765,0.4033266074808614,129.8436277780122,4,0
track_000893,Song 894,Artist F,46,240135,0,0.9203939264610278,0.767678082615135,4,-10.023184301642454,1,0.2037705456676737,0.5089965026172213,0.1067737145971608,0.03335632849666597,0.4228705077184766,148.45138691266826,4,0
track_000894,Song 895,Artist E,12,183620,0,0.7551177310749907,0.7091349484736099,9,-11.943193260887215,1,0.1851424965461596,0.1526469432796187,0.04830144739951883,0.11813283422809692,0.4924397137131384,166.95665185033374,4,0
track_000895,Song 896,Artist F,41,120973,0,0.5090344769478311,0.5123063707243236,8,-14.028369153878028,1,0.08752091983361672,0.27963376434176934,0.08340789338269036,0.1595878608971755,0.1584253350454501,79.3824413160335,4,0
track_000896,Song 897,Artist J,21,241403,0,0.3589757209657469,0.8576621063970179,2,-10.385679395681612,0,0.06573778088430589,0.4032287457993851,0.13373049052156705,0.4261663710061546,0.498486952541981,112.60767665335383,4,0
track_000897,Song 898,Artist B,19,191980,0,0.9121265437556342,0.8257461259857698,5,-12.871598749363203,0,0.012159023052737217,0.15193010069789298,0.03945148277196103,0.052680214655462854,0.6399224746172765,168.98116891688227,4,0
track_000898,Song 899,Artist E,58,168063,0,0.7792830409478116,0.7526817706454006,1,-6.497609677282039,0,0.027910542296898377,0.5734956627262331,0.05114662494824453,0.3403030500343476,0.648502074249019,127.59562056454037,4,0
track_000899,Song 900,Artist G,13,204834,0,0.9605414285832629,0.8360033403094695,8,-5.881244054149068,0,0.17728895546660742,0.2737821001383826,0.163445808052999,0.10774518096753881,0.46273302482491396,156.69518070554955,4,0
track_000900,Song 901,Artist I,26,172320,1,0.7176729962331625,0.9308437554536768,4,-5.477114013028261,1,0.18000055633858203,0.37077569878029937,0.08988059153341478,0.23128801361137372,0.3616259289193045,184.71275231817276,4,0
track_000901,Song 902,Artist E,13,120018,0,0.9428097256279679,0.7916000339076388,8,-9.200441049062675,1,0.03987937542212887,0.0684561180491536,0.21135860120130762,0.25517767092155647,0.5299503802220779,136.3514153737135,4,0
track_000902,Song 903,Artist I,85,239193,0,0.664863566615656,0.84166680789251,10,-7.879885994938039,1,0.17935329862772725,0.7513850358414663,0.002179812916234637,0.2847074050403531,0.3823647556075346,62.827431708294114,5,1
track_000903,Song 904,Artist B,2,138836,1,0.581664539613431,0.8372872178194527,4,-8.02639591571768,0,0.09022145734599768,0.3346130050996145,0.11515526891915338,0.06640599074369231,0.3677915396210905,87.93316972617208,4,0
track_000904,Song 905,Artist E,26,230599,0,0.6045607959431135,0.9244710444913727,1,-11.577130531410386,1,0.08263630551680669,0.47355594224099534,0.1567920431859426,0.2397214436070759,0.3317020996739514,142.8130475053498,4,0
track_000905,Song 906,Artist H,90,190162,0,0.5769626712183326,0.8278432814691924,5,-10.766103323194887,1,0.05566553129190939,0.19846000980677642,0.18633283975949627,0.19936805349291076,0.61623124185447,127.5635013590834,4,1
track_000906,Song 907,Artist F,33,298728,1,0.8722460877139389,0.8418750359290362,7,-5.771602814558895,1,0.016362464386536418,0.050530953276818516,0.0893002916701014,0.042757887213352594,0.5621740458586019,137.09837491735345,4,0
track_000907,Song 908,Artist D,46,128177,1,0.5305397000137139,0.9095742837685048,8,-13.869292118581011,1,0.05803203265504923,0.1625444667935894,0.10480458209614825,0.33662982873158187,0.4623725575794309,94.49391790496351,4,0
track_000908,Song 909,Artist H,30,211908,0,0.9896596832946619,0.8775066951719697,11,-14.777911501795185,0,0.18643484348220818,0.4680467191836232,0.014019653786567398,0.37976227214363734,0.6256969580788543,170.0566844182191,4,0
track_000909,Song 910,Artist F,15,188772,0,0.7671851536912062,0.7852590783887601,1,-7.055277474995769,1,0.15297698301029497,0.14889833805510896,0.3053691433952454,0.0939896210295756,0.7109846033252462,119.54339389139824,4,0
track_000910,Song 911,Artist I,89,262412,0,0.861504940734875,0.9013651376796488,7,-5.68684783393142,0,0.011527147062040246,0.05932723003695689,0.24590474518702604,0.08983199109458424,0.7228235838010864,170.540336854388,4,1
track_000911,Song 912,Artist F,97,229322,0,0.6488516841516775,0.6397862247451989,4,-3.796869937055037,0,0.01599902812514344,0.3027011320740516,0.031044871808659523,0.14200654062257542,0.5033627978577556,104.00553143735199,5,1
track_000912,Song 913,Artist G,33,150480,1,0.8484642405977381,0.8639707545440862,1,-11.74214536628933,1,0.06293200060030188,0.2037675003184602,0.08939787687647101,0.2989986537128269,0.2998237536053071,123.9958255367843,3,0
track_000913,Song 914,Artist A,17,207457,1,0.8638180446678322,0.8994235055260215,5,-10.88718876159148,0,0.04129885447243936,0.39570732625944366,0.02316566293688827,0.29446205739241454,0.3725445655708524,172.8440217497011,4,0
track_000914,Song 915,Artist E,15,264174,0,0.25350125898775666,0.4165999742106154,10,-7.988664931708012,0,0.06335419029630864,0.06329075733755778,0.09317320989551878,0.5383068860003044,0.33529022791378077,82.64909226663545,4,0
track_000915,Song 916,Artist B,18,120719,0,0.7745987592615753,0.33413552153644593,0,-10.976452152469028,0,0.015266355511947433,0.2691442500079449,0.10808886051145522,0.06784108596375875,0.47837290204445576,190.689184422263,4,0
track_000916,Song 917,Artist F,22,132935,0,0.7509015336533909,0.7625547461071764,3,-12.204584860516421,1,0.06312318746499647,0.36064174562844686,0.2016434535982741,0.4837692647944441,0.5153146541219827,154.23931314020382,4,0
track_000917,Song 918,Artist B,18,138540,0,0.9143912026575404,0.9360697533438717,4,-5.936252480821125,0,0.03518130158970831,0.2735089885747763,0.18820773530830898,0.45800647690993124,0.5899123035592604,148.39237119567525,4,0
track_000918,Song 919,Artist J,22,287979,0,0.7335581567527772,0.946876277766792,7,-6.559860048658248,1,0.10368299156752994,0.5537316620492504,0.01789480363976364,0.3923907798219457,0.4689961038810303,102.32277509326535,4,0
track_000919,Song 920,Artist H,18,284472,0,0.48561738946155436,0.9659156269199988,6,-8.332800903370995,0,0.0790862617351183,0.06343634477902334,0.016681077064536084,0.29296111141220227,0.44726898718534913,146.48196658457942,4,0
track_000920,Song 921,Artist J,96,267816,0,0.6314331842683,0.6316764290110067,9,-4.144758197471726,0,0.24982222638064472,0.13269095494158878,0.04045853500904996,0.08863412154709442,0.4926078721003766,86.17318813221465,4,1
track_000921,Song 922,Artist B,19,133894,1,0.36319612665452067,0.5563504511527674,0,-11.70053657761767,0,0.008553900089740213,0.2813053771080153,0.09038011195100758,0.13871157720805302,0.4059431868560188,183.7890159652965,4,0
track_000922,Song 923,Artist A,29,153645,0,0.6374144664341423,0.8458637238074088,1,-10.526235874027673,0,0.029490318768450235,0.4622141933967025,0.039014776341000756,0.1073964982775564,0.591090079846862,83.68681319096737,4,0
track_000923,Song 924,Artist F,24,290110,0,0.4648865966062081,0.7964301116625736,10,-5.647755569682019,0,0.05686439963631347,0.1258750374163542,0.04760074202463318,0.09549670908172415,0.6123026409131523,79.84983145569751,4,0
track_000924,Song 925,Artist B,90,187857,0,0.7976340294357789,0.5704300308497106,6,-5.132434460481075,1,0.04187174910952511,0.12815459297244783,0.030275707349792378,0.1587533008825462,0.8651344629654643,83.88001744886691,4,1
track_000925,Song 926,Artist G,8,289173,0,0.6949979601258133,0.6413589877220082,11,-12.215588848457791,1,0.06949779219912798,0.2089489210267546,0.42955667644340556,0.07834918833135754,0.33277190748472973,90.2917324828377,4,0
track_000926,Song 927,Artist I,15,254277,1,0.8367623985663585,0.6276268629632555,11,-14.401339681361211,1,0.06562211808609714,0.07330287255802466,0.11378974107097845,0.2098974505101459,0.6124396999451651,142.74389143427751,4,0
track_000927,Song 928,Artist H,21,126518,0,0.7943764347927785,0.9269001723328465,10,-11.806142154570823,1,0.2596471878111073,0.3544502672189671,0.025783190834491803,0.06148366553644916,0.5041733365665972,187.6828005807158,4,0
track_000928,Song 929,Artist D,91,161876,0,0.7698821497295805,0.8945592014733099,5,-7.304390264918139,0,0.02069836235492837,0.3491612746640397,0.02013066043685099,0.2620328292375748,0.24093794358479365,122.98990057376946,4,1
track_000929,Song 930,Artist C,87,204192,1,0.837471536497321,0.8309470553455576,9,-5.09668390472711,1,0.15561214368325385,0.3924419378630555,0.20559215164408537,0.17862637194378223,0.49863038694864736,129.7946064161648,4,1
track_000930,Song 931,Artist G,8,220037,0,0.8264553584892157,0.8184403028009777,10,-11.170311014493684,1,0.00108662266271145,0.023630794562157206,0.16891466991315607,0.38890753464989447,0.7313318248870279,84.85955287335116,4,0
track_000931,Song 932,Artist H,46,263977,0,0.7102442832668435,0.5207409817815738,11,-9.929473140019113,0,0.06854982039478533,0.4059726372498266,0.015478339619783019,0.07078626304898472,0.47229565900307463,132.76000072408027,4,0
track_000932,Song 933,Artist D,37,168435,0,0.7770981751160763,0.5212789959305761,8,-5.680758456266691,1,0.29859837975550674,0.2963603096619641,0.08212679979103671,0.009669916552430753,0.6129295572358098,117.51151494031292,4,0
track_000933,Song 934,Artist H,99,239247,0,0.8768141274030902,0.3921792096740435,1,-8.483842742771188,1,0.1836965848729994,0.4651945897461401,0.4016974758722781,0.34420693016496695,0.6680475836372404,97.32223737283047,3,1
track_000934,Song 935,Artist C,39,183804,0,0.7866133111654257,0.5412099448327928,11,-13.364896050861704,0,0.014542630609352444,0.3504021161256771,0.09086712852114104,0.345380527674932,0.25435056010461143,136.6700218250187,4,0
track_000935,Song 936,Artist I,91,127482,0,0.6860063241294995,0.5976804451908745,10,-10.529537101677642,0,0.09942747946517262,0.20383145334308558,0.033004172518543026,0.1772446551451917,0.19054954225507856,84.81380839714198,4,1
track_000936,Song 937,Artist F,11,241691,0,0.5244751192471825,0.5968505542618656,11,-3.988160449021599,1,0.028083284838562088,0.45352022302483624,0.030953463168697723,0.18525204607997692,0.5011825349374124,171.28519366301202,4,0
track_000937,Song 938,Artist F,33,211467,1,0.8244909993220126,0.5524364470011943,6,-12.696852157345985,1,0.09956789307660484,0.1699806837728397,0.3797772921101862,0.10648510076163714,0.14933078849279183,136.73403280582477,4,0
track_000938,Song 939,Artist B,37,279085,0,0.8540567432421678,0.5675279027496892,1,-11.01763667479967,1,0.11899692793226177,0.2159525843273716,0.10500207479890582,0.1765389224542154,0.6770994383780474,180.0375464518873,4,0
track_000939,Song 940,Artist H,38,181684,0,0.3735483831933488,0.8200140033079623,10,-3.8913727179940416,1,0.17271236150111982,0.16127015613678838,0.08105760925390351,0.4216140537569407,0.7007068034849823,111.76589207045781,4,0
track_000940,Song 941,Artist F,94,131913,0,0.5147025173624781,0.7526948608859875,6,-6.899871687829986,1,0.10044918078882294,0.2373591963949715,0.02909970255196991,0.1355772658795176,0.09051076718819599,115.12955311775485,4,1
track_000941,Song 942,Artist G,36,278287,0,0.9358637665584901,0.640549913018234,8,-9.0794019430917,0,0.11396514753163446,0.40521938789045103,0.4014051322325379,0.13117832736332652,0.4748651479986343,156.11815695609965,4,0
track_000942,Song 943,Artist F,44,201855,0,0.6481098076734149,0.702000187970298,8,-10.256951898185335,0,0.31424629755913347,0.11700337271065687,0.0071806988512935314,0.2721040990655524,0.39064484441451974,134.0663287617488,4,0
track_000943,Song 944,Artist D,19,261630,1,0.5929473514858469,0.6658747126276107,8,-5.871663682965117,1,0.3416089823334814,0.08433762778253291,0.018756584671820977,0.024028165900191512,0.5131940679546944,157.14970201126815,4,0
track_000944,Song 945,Artist J,8,277320,0,0.5837809417814138,0.8154258899834735,2,-10.16411520675895,1,0.23407134519619133,0.36681576551724104,0.1427211158230351,0.18022083101200684,0.35928869025547244,183.76181043793346,4,0
track_000945,Song 946,Artist G,12,198277,0,0.47078864192282655,0.7098904032348315,6,-11.615259860145681,0,0.1552016029611184,0.16971314154949732,0.18244849842405272,0.15136044293931528,0.3044144683761102,119.4887466751633,5,0
track_000946,Song 947,Artist D,79,292805,0,0.6473452085161532,0.4700404097348498,6,-5.21701878669025,1,0.16978533940931,0.17537422689151203,0.019825942853441216,0.11909957811826981,0.40092310692443517,141.84656923014427,4,1
track_000947,Song 948,Artist J,7,200123,1,0.4110400525567946,0.9085996919897388,10,-3.0194218188358484,1,0.14491910746122177,0.4694634196926825,0.13279324402719836,0.1790787187691076,0.3098588891491542,167.91171140503133,4,0
track_000948,Song 949,Artist B,11,231055,1,0.5694907533855553,0.5435743165655643,1,-6.832363290639208,0,0.1533838110919312,0.34448900400028815,0.0815792060849998,0.2342771687815034,0.6980597663045889,98.1116169564715,3,0
track_000949,Song 950,Artist D,25,177728,0,0.8816903930421128,0.7605040032525889,7,-4.846563609720672,0,0.015526757212518866,0.3620019700991984,0.05821564017726133,0.28765545158598643,0.6152632926865882,119.41967661370472,4,0
track_000950,Song 951,Artist J,6,177193,0,0.9719616576967635,0.5250424941188115,6,-7.173710578424632,1,0.07562107857492012,0.3243153880601921,0.027933911293374376,0.13781572967164385,0.6468764661374552,65.32247372530773,4,0
track_000951,Song 952,Artist G,18,166998,0,0.6151624248119999,0.8037754379067322,1,-11.65074245352534,0,0.05157224516040956,0.21370820245074892,0.13088193363268083,0.06363646989368897,0.571626941409042,89.34016684713508,4,0
track_000952,Song 953,Artist H,5,270401,0,0.7687352306188308,0.899025472290269,4,-7.0993252899307535,1,0.056196428967992436,0.17292188159257432,0.052287234677448655,0.05135391855376625,0.20979013865165833,144.67708972879097,3,0
track_000953,Song 954,Artist G,14,224139,0,0.8086463203765781,0.5281626428974997,0,-12.34287518567793,0,0.002746504033924309,0.44374405889610036,0.025305571560811133,0.2663328904917634,0.5707976399265936,108.01862889878645,4,0
track_000954,Song 955,Artist D,7,259334,1,0.9145123068037331,0.6526091371851458,8,-12.508860253962492,0,0.32072796638486173,0.028673509282447756,0.05321729837481168,0.3882934982325811,0.6653634325986629,109.13638010415528,4,0
track_000955,Song 956,Artist J,37,165643,1,0.3884248135507181,0.9039660051926433,8,-9.247850743639919,0,0.01593494329582867,0.6775928720227712,0.036156590212828556,0.1001240664331596,0.557953866695284,164.37728568287653,4,0
track_000956,Song 957,Artist F,7,293661,0,0.30964209339936777,0.7441798051612184,6,-12.319571380105355,1,0.11836134537436446,0.18935954682056336,0.007940592549337804,0.31664624619880083,0.4025930406700951,108.90588421279423,4,0
track_000957,Song 958,Artist D,80,266672,0,0.7095408230820376,0.9336362159196928,10,-4.070622512262744,1,0.016819075991048447,0.4609023550981023,0.013028417531339627,0.2734661979007347,0.4631510045280597,108.60378572487264,4,1
track_000958,Song 959,Artist F,38,237309,0,0.3752974251344513,0.44081638110514587,11,-3.15265201938859,0,0.04535888505955374,0.672617143342833,0.15069619182639432,0.3001797862171121,0.5846990674168371,181.75871321580877,4,0
track_000959,Song 960,Artist H,37,146825,0,0.6796207787453508,0.7568660519067133,7,-11.019478531131325,0,0.06983166925652587,0.44554771263894116,0.05468033842408397,0.046260466322494975,0.3496991859802662,177.70207154422826,4,0
track_000960,Song 961,Artist B,85,257175,0,0.5093912689742872,0.7404687499459403,9,-12.273725364123642,0,0.3388148945591375,0.1303456260598542,0.08068546526263193,0.4461329066645918,0.4849447544338363,162.46428694022154,4,1
track_000961,Song 962,Artist B,32,178639,0,0.8270204835354733,0.8436022880959587,8,-8.798487561048116,1,0.1550726850869609,0.38494300297630624,0.0969376919935649,0.2989431183783619,0.6002350193832235,137.69457709438626,4,0
track_000962,Song 963,Artist I,29,212905,1,0.8736585601923836,0.5335414916726088,10,-10.610715732438665,1,0.045351878722360156,0.23419013528958146,0.07159821022409704,0.19784851004601822,0.40593386420802735,167.21315984522633,4,0
track_000963,Song 964,Artist E,51,234465,1,0.6038848825800633,0.7727116864008133,8,-6.071313155572181,1,0.0012784549681391405,0.19519711349742624,0.0642934505418491,0.2653386051969243,0.6995942401248912,127.4581214849161,4,0
track_000964,Song 965,Artist B,42,266104,0,0.5414583983176785,0.769133278134557,0,-14.823403991911297,0,0.01308609672191938,0.2187698517768139,0.12270517394628157,0.08195016929609455,0.5890677171270715,196.79443965427686,4,0
track_000965,Song 966,Artist H,19,283935,0,0.7783933112203852,0.7331547040835306,0,-11.56875253307518,0,0.09997635187426084,0.7908546962402531,0.006513977029287373,0.04477374090143522,0.4274020841543441,110.65785238919788,4,0
track_000966,Song 967,Artist B,27,173096,0,0.7858207865139535,0.5847560759126031,6,-14.522370965752994,1,0.05503166816947198,0.4171904150094329,0.0362410938959783,0.24269816811681963,0.2690337091332644,161.51871965666018,4,0
track_000967,Song 968,Artist J,9,160058,0,0.6177888541783229,0.815554741794639,6,-9.567179656690758,0,0.548754863664226,0.06647108987621325,0.032770437012932564,0.11172834017179925,0.5325376621316698,189.8908933308753,4,0
track_000968,Song 969,Artist C,21,148223,0,0.719599237390519,0.7024650011258595,1,-4.5492321705518375,0,0.0073514127187534065,0.08957586933652728,0.0019625078284475433,0.09933777428171818,0.48485226373028656,124.56413231430497,4,0
track_000969,Song 970,Artist H,31,156432,0,0.8899531704962537,0.7206206070180318,11,-5.313053004078316,0,0.06145869258536064,0.06043467356338116,0.06406135967730911,0.2968689023939443,0.6646543487069204,62.51388000963609,4,0
track_000970,Song 971,Artist F,6,167743,0,0.799862513515532,0.8927703378464031,4,-6.358812052491748,1,0.05763638814993862,0.31498801284672706,0.038061210040565875,0.19092471384638668,0.801908508382897,107.11764224570041,4,0
track_000971,Song 972,Artist E,18,122966,1,0.6354767594842703,0.9675526399432943,5,-11.575464543793434,0,0.0005554238828423185,0.07353109611113332,0.10441710510674604,0.19160754855215495,0.46416667601305145,70.64013845523809,4,0
track_000972,Song 973,Artist F,22,252019,0,0.9733560251436223,0.81173562741614,10,-3.768525057537696,0,0.029077922001250693,0.13284943096892016,0.26502650929143196,0.13459814582433885,0.5009823359281158,188.83429222993266,4,0
track_000973,Song 974,Artist C,84,213005,0,0.9454542752650907,0.5408210057609741,10,-4.656849274610204,0,0.012594481767497447,0.12001691799800386,0.08179813498007167,0.30129567600055346,0.5072008258438583,70.79893886047303,4,1
track_000974,Song 975,Artist D,16,257161,0,0.6713499441015847,0.3774946308188225,7,-12.03089597888719,0,0.022582665562220355,0.5272200222217756,0.1893505596224136,0.10794003927127627,0.2970999229618826,196.10134791743172,4,0
track_000975,Song 976,Artist I,9,172763,0,0.6441037320759166,0.6641003631100677,4,-12.246384953136783,1,0.35948757420071775,0.04608340851943306,0.030483049603933613,0.35934412460442355,0.4541600766346491,100.26029810972099,4,0
track_000976,Song 977,Artist D,19,229955,0,0.5254869473364026,0.8458402396580538,0,-8.69145357586099,0,0.041409708455356166,0.2900111256125366,0.030850007849637626,0.015478655301884536,0.4329943024527903,88.33875369649006,4,0
track_000977,Song 978,Artist E,38,150312,0,0.48409001335199414,0.7729996549808089,3,-9.692173723651498,1,0.060648493357868864,0.5923052389709704,0.5207341146244148,0.4247851527453119,0.49210303387628673,90.62621939415644,4,0
track_000978,Song 979,Artist A,17,220171,0,0.7897318201612283,0.883686203731967,0,-14.823176631077665,0,0.020257900221584597,0.04800822003399293,0.07984996657653001,0.4903021888455944,0.7393109491017681,117.63626743196383,4,0
track_000979,Song 980,Artist E,36,212024,0,0.9009534095032399,0.7582671825404392,7,-10.366529908187914,0,0.2434359667732072,0.1345758614072919,0.01223656634887198,0.13941561356961535,0.47884214001942793,196.02696795625388,4,0
track_000980,Song 981,Artist D,11,162262,1,0.6780252358693991,0.6091359146883086,0,-10.289294752024158,0,0.03234209356257346,0.12631069024765093,0.12122254454531527,0.30324498136013384,0.3859970591425976,151.5690199791473,4,0
track_000981,Song 982,Artist E,17,206314,0,0.6796199343870704,0.7599222852532347,1,-11.882203702025764,1,0.06910290522590697,0.242579262681723,0.07344673622438393,0.1228008204503854,0.38805500497178474,191.28843653645495,4,0
track_000982,Song 983,Artist G,79,244958,0,0.4381509153769747,0.8856262657893927,6,-13.836702683339158,1,0.03557184348079067,0.3160240927440959,0.019489512514645962,0.3117159052690694,0.5015054206201477,159.00248692155793,5,1
track_000983,Song 984,Artist A,35,210938,1,0.4067324215195601,0.8052723483728564,5,-11.476745575224035,1,0.021702261486767356,0.5186433659586747,0.08182675434191232,0.49278211192454124,0.22541737997836683,100.71054994661583,4,0
track_000984,Song 985,Artist A,33,181321,0,0.6968896890541058,0.8524721555024073,5,-5.503980822880687,0,0.05293960417947706,0.29089338423771066,0.033231752219955196,0.3485457731810593,0.36744026880627245,188.2891951169751,4,0
track_000985,Song 986,Artist H,35,255795,1,0.7720359115639465,0.5034367906220679,1,-7.5114942258662065,0,0.18355944574146957,0.18763204246393905,0.03574635387628742,0.12568609563663852,0.4745518203848344,196.7942607977708,4,0
track_000986,Song 987,Artist G,95,296289,0,0.8829727574178519,0.7581379968993822,10,-4.104846637374768,1,0.006388560245899148,0.3147063673811724,0.04822150687501249,0.24545399645221894,0.5066922529342606,106.07305726679668,4,1
track_000987,Song 988,Artist H,8,140239,0,0.8645255253200411,0.6652732853966179,5,-6.782329571731021,0,0.005452905553657501,0.2361196490062632,0.08055415905518425,0.21021808756676777,0.6085803734584062,96.14729533184615,5,0
track_000988,Song 989,Artist I,94,283771,0,0.6663088410763397,0.6429108812725024,11,-9.812795957837864,0,0.07727689304686984,0.318733920362261,0.1919887087147818,0.3690124241714935,0.26580856741134706,196.0156272031921,4,1
track_000989,Song 990,Artist A,93,186723,1,0.4196436755749656,0.8348121384246636,10,-8.4786561338207,0,0.0980108651752813,0.1322748344855491,0.022843020343402663,0.16054204697074703,0.24985820481742313,75.62982001537112,4,1
track_000990,Song 991,Artist H,84,192264,0,0.7998993816095357,0.8493349513333849,11,-13.079915566063239,1,0.014979877242404481,0.11416172494793138,0.07936498622666474,0.5513095428133028,0.5768120011929587,152.2373502072627,3,1
track_000991,Song 992,Artist B,39,283958,1,0.958126127310674,0.7733458054477667,8,-5.75821483543508,1,0.012307150203457863,0.16492704675890782,0.16712280684574296,0.41044384909564074,0.45819876705910695,76.59419219767969,4,0
track_000992,Song 993,Artist J,23,134530,1,0.588075061951689,0.617108914299586,10,-6.611500863562782,0,0.10734483546030169,0.29623728048133857,0.04333524838812895,0.140150410269169,0.3189193490458196,167.03696303566025,4,0
track_000993,Song 994,Artist A,54,240883,1,0.9363380568193876,0.797444626795224,8,-13.23797215029509,0,0.061907941272403275,0.40728640723326626,0.1763242619936997,0.07073343401907373,0.6617448678988085,163.32045962739818,4,0
track_000994,Song 995,Artist A,88,150268,0,0.8494050757639359,0.5665359216276105,7,-3.3209460503565893,0,0.0019540007262655213,0.45181401342268157,0.018295525349032574,0.2809383623042389,0.23510076130105836,198.13252668755064,4,1
track_000995,Song 996,Artist I,35,187058,0,0.5273685539137126,0.8131251474525494,8,-3.159558186052232,1,0.004139663371069899,0.1944301411386638,0.0035350909291019675,0.19980362751380504,0.3657143116962298,168.70188779579752,4,0
track_000996,Song 997,Artist H,5,126677,0,0.653254450060172,0.6912089663641094,11,-3.6660954467394014,0,0.09307423458994275,0.040621061947433604,0.06619604495160532,0.42736600878243125,0.5518545787712191,133.61664874360116,4,0
track_000997,Song 998,Artist E,50,165534,1,0.797419404492623,0.6870130585418404,11,-3.123051901104935,0,0.020006558964693805,0.7100647627940245,0.02139784637900938,0.23118254129676016,0.5067409166854154,87.75708371232707,4,0
track_000998,Song 999,Artist E,46,228380,1,0.9607177946700464,0.9009181577704503,3,-11.094691019837583,1,0.2561917280147797,0.6464379380179407,0.09257663110990154,0.25649441552881347,0.45325796639480553,194.617041715383,4,0
track_000999,Song 1000,Artist B,21,194310,0,0.5145959717503509,0.7348460603179964,3,-11.261493858741044,1,0.23003630665101457,0.16488234712418795,0.03648027409666,0.4125224826074675,0.4717729282234073,154.19041714800682,4,0
track_001000,Song 1001,Artist G,84,201863,0,0.7462682882929325,0.690143788137526,8,-5.522398619113256,1,0.3443482769135241,0.11307365541098621,0.12732406826932452,0.1412697184184226,0.6633018644712753,182.7884955620396,4,1
track_001001,Song 1002,Artist G,28,266130,0,0.6486987320205042,0.8113033172804126,6,-8.337290515665883,1,0.03707865589428685,0.4931238065472172,0.05532931472539247,0.2548628682530892,0.40669941341202415,195.4551066649384,4,0
track_001002,Song 1003,Artist H,52,162136,1,0.6884500314544956,0.8536196704024246,6,-14.647530436502334,0,0.06664684035865592,0.26685069750354046,0.029205293166854183,0.03186606357015453,0.5534603945489137,62.73494857853151,4,0
track_001003,Song 1004,Artist H,40,237529,0,0.840471750523217,0.8201805849794221,1,-7.864245076513097,1,0.24337091850017617,0.46492123327639123,0.11437069051107167,0.2196018194340994,0.5188722373039182,111.40506465703791,3,0
track_001004,Song 1005,Artist C,57,132926,1,0.7435926077608661,0.8824021680400019,11,-6.389196709564999,1,0.11213924938765364,0.2922736470048726,0.06508932799470175,0.048401797237355666,0.6435986220931277,96.38796869197714,4,0
track_001005,Song 1006,Artist A,55,285202,1,0.3171945005075877,0.8024194315440688,11,-12.81843842112379,1,0.023735438968548017,0.2328146859583204,0.01925309983717458,0.16767341072738667,0.3625282838564821,73.98508419300981,4,0
track_001006,Song 1007,Artist B,91,261841,0,0.7056064311799953,0.5210742313755093,7,-3.0506745471488745,0,0.06347018859804544,0.31245413884920975,0.13108416936041953,0.06522991920898735,0.39747111241640465,182.54015267428042,4,1
track_001007,Song 1008,Artist F,11,147235,1,0.8168136949652695,0.7010826423833274,4,-4.495440264970959,0,0.02064299661528066,0.09432785108512948,0.018388870577603737,0.28181269454299523,0.6389677732642758,165.62877460569032,4,0
track_001008,Song 1009,Artist B,12,201583,0,0.5346611191907884,0.659044504444493,2,-13.70911999030856,0,0.2282665811605381,0.03206262582968771,0.03258869494801124,0.1499777093359057,0.4446554065922731,106.27395285618132,4,0
track_001009,Song 1010,Artist D,86,237101,1,0.8418434077007076,0.7099103241965772,6,-12.604382710871803,1,0.047748034072422896,0.4179208546958725,0.20516053731959233,0.18245207388195583,0.5684587545735899,101.52978086955548,4,1
track_001010,Song 1011,Artist B,86,217052,0,0.840304247214281,0.8623715040036722,6,-11.455103839212738,0,0.0356392848344248,0.15702351762378636,0.07680010104813696,0.17015496966173665,0.4542400893269507,83.5229048958536,4,1
track_001011,Song 1012,Artist E,21,249424,0,0.7802713410672201,0.5071473705826682,0,-5.717298335660978,1,0.11909202366811447,0.23346788534744148,0.07019770129431026,0.08016694325622249,0.330297962523289,142.28761001554352,4,0
track_001012,Song 1013,Artist H,8,185781,0,0.523650388466195,0.660252584918813,4,-13.890681456113512,1,0.012952790356515694,0.3058685324683851,0.07082872608097095,0.2010408916878497,0.40385311299563414,113.42566239053895,4,0
track_001013,Song 1014,Artist H,7,264973,0,0.45422049321304625,0.8109741320772835,9,-3.2983127318421808,0,0.05656403746272578,0.062014651082235715,0.08396302740680243,0.16823788587641306,0.44689345600241315,94.98732290900847,4,0
track_001014,Song 1015,Artist F,17,239261,1,0.9125304814041355,0.7377412560710256,0,-14.37382145688314,0,0.005444605496954421,0.06640931000402754,0.0021195846862032677,0.17554647576024007,0.6591750076540748,165.70268772564685,4,0
track_001015,Song 1016,Artist I,8,126073,0,0.6703508429021415,0.4186056831442787,8,-10.611202626429279,0,0.040323008137036334,0.563834317416697,0.17752646706210018,0.21434550078949383,0.569602019735688,154.2487802605155,4,0
track_001016,Song 1017,Artist C,89,214877,0,0.7873122239608279,0.7486375337842779,4,-5.100040663666654,1,0.2151272556555683,0.3835203393018293,0.020034685083090923,0.42191881875924375,0.7438898312030143,132.99120625218524,4,1
track_001017,Song 1018,Artist E,76,235087,0,0.3835343249698415,0.47056878439165273,11,-11.390533885152307,1,0.03715945104352408,0.2946304810706418,0.011256488025559508,0.051388438472283283,0.4961448253375031,88.36722746649752,4,1
track_001018,Song 1019,Artist A,29,191791,0,0.848103648843538,0.5426003293041745,7,-13.74169182744772,1,0.004155395704754382,0.21251077187762207,0.07504232633980154,0.07072405458308544,0.46766651240660206,63.85773111930726,4,0
track_001019,Song 1020,Artist A,98,208260,0,0.7573586163649644,0.5258718988037822,5,-12.383035680482987,1,0.031198468709558832,0.19015393512846282,0.018935206545470096,0.3448721843365435,0.7977008935082465,182.32445377719145,4,1
track_001020,Song 1021,Artist D,4,282397,1,0.5288034406880793,0.8194101445334901,9,-9.08962441434827,0,0.0861171952906867,0.1978720008469877,0.016571481652504577,0.2112903236602169,0.44217804380649606,129.84861943593432,4,0
track_001021,Song 1022,Artist E,26,266821,0,0.8757833425222978,0.8814545074519226,9,-13.835430941626608,0,0.1547351482110673,0.27063600194127485,0.10972874583701801,0.391650808534605,0.8005496687908994,63.397736578514134,4,0
track_001022,Song 1023,Artist F,7,260285,0,0.9178232950024681,0.6816897647272988,0,-4.862456299423554,0,0.014856251090176414,0.14170974758348687,0.07251222411366685,0.11212070724451059,0.5959548636400287,111.82099027661783,4,0
track_001023,Song 1024,Artist H,29,193042,1,0.5685085160511449,0.9797271624365642,9,-11.63758144146465,1,0.1004173449146794,0.23405923956031846,0.028054691563958324,0.032489241247455905,0.7223241181801955,87.81718430558833,4,0
track_001024,Song 1025,Artist E,7,172485,0,0.4646438642419171,0.6959611391473349,1,-13.720880897949367,0,0.034543958115880576,0.6507529489841438,0.271356084628588,0.5139845548510069,0.4094548550030429,140.76535894594844,4,0
track_001025,Song 1026,Artist J,26,122196,1,0.8448485664362986,0.8014704226911621,3,-6.800749069670239,0,0.2638882652735325,0.476489001083812,0.17557614303844057,0.39177973768173224,0.4416987216528771,86.50074489801216,4,0
track_001026,Song 1027,Artist H,46,140543,0,0.9352115384058436,0.714405353287712,7,-8.584706550106455,0,0.023227564841078442,0.4736397112561035,0.12291390466728452,0.2679828493346049,0.45281373521941287,134.2764455150923,4,0
track_001027,Song 1028,Artist J,5,190540,0,0.44765096716229585,0.7396819714089448,9,-7.8821004562441885,1,0.248326200264679,0.5795694650793749,0.06980425086276315,0.09444579248614952,0.5357457236445639,139.98679287511976,4,0
track_001028,Song 1029,Artist I,80,198062,0,0.512725832024102,0.6637066519604697,6,-6.486452353525008,1,0.058470535211849764,0.18356535397574764,0.007839092613577778,0.39307651790702236,0.6841541694996315,73.40683765576956,4,1
track_001029,Song 1030,Artist F,5,145757,0,0.9293727119003582,0.862961347842618,9,-12.130692691135096,0,0.06015821635892494,0.3551195117677879,0.04590924609851788,0.1204156023544395,0.2458858550881052,141.99048579266497,3,0
track_001030,Song 1031,Artist I,51,162399,0,0.6350532810753853,0.8847379006620806,2,-13.837276608925611,0,0.03053653673781952,0.045172090324564,0.09576341914713736,0.18088657745199138,0.5043230847846721,186.0606518417974,4,0
track_001031,Song 1032,Artist H,41,188056,0,0.6615417366639851,0.8974158830761513,0,-14.885760253485827,0,0.10442463503347714,0.101826699477948,0.049562793034637065,0.3994460668865023,0.697927744273905,153.3665363212643,4,0
track_001032,Song 1033,Artist A,45,155885,0,0.6492255207646108,0.6245294702691246,0,-3.6504978033124598,0,0.05960762753682533,0.1326590598528767,0.2196003823476321,0.14339971302289306,0.3974664282913626,192.58466370693472,4,0
track_001033,Song 1034,Artist F,11,132578,1,0.8117572184587816,0.355084396537004,0,-9.826023343333059,0,0.1479374288659634,0.5792122782080813,0.32181121546644986,0.03072453518899337,0.5315907152764239,75.14510165098488,4,0
track_001034,Song 1035,Artist B,34,297943,1,0.45185511456394617,0.47027204416433827,10,-4.617369917735257,0,0.2412953795353264,0.19408288666397527,0.07809904301935103,0.15971556070013648,0.6488555436116964,154.73179132496176,4,0
track_001035,Song 1036,Artist D,96,223229,1,0.8022800125414266,0.968970563631645,3,-6.664169690679602,0,0.2508343180449243,0.06278446576221618,0.15253928407129308,0.37404336764585167,0.6211414588122145,141.1590134737051,4,1
track_001036,Song 1037,Artist C,25,157077,0,0.5537350424725247,0.7380435801939582,11,-13.721836391010736,1,0.32884752086022634,0.32429272337444137,0.07889471643519222,0.013577970543924065,0.6375636245107849,154.00933574082273,4,0
track_001037,Song 1038,Artist A,16,180530,1,0.7100000466467827,0.6432846809029678,10,-5.101180707274398,0,0.11348241047495655,0.16392248381174493,0.0529560343142192,0.3021651179606374,0.2664061696278348,153.1001388237654,4,0
track_001038,Song 1039,Artist D,84,233271,0,0.6992912969926691,0.6398519295399969,7,-13.42825444276295,0,0.11062506389778695,0.14995973887418643,0.04661838085451598,0.06994468188266982,0.38482919229016216,164.76203897409576,4,1
track_001039,Song 1040,Artist A,19,132822,0,0.839248603551055,0.8308965444869479,2,-9.487482517873529,0,0.18894946706023105,0.208362908492475,0.018969007925031138,0.08052214753121391,0.578706486087308,160.59872381787568,4,0
track_001040,Song 1041,Artist A,17,231201,0,0.5489303616260174,0.8274939834443877,5,-7.199957036834885,1,0.0007994079237262779,0.3371162378517857,0.25915496288628137,0.2931163218543206,0.5374407822788357,131.6222867173493,4,0
track_001041,Song 1042,Artist H,19,142766,1,0.7000264908929862,0.8268509391156799,10,-13.49410898252014,0,0.001534803170313208,0.25183561829633455,0.28692986307710683,0.3077697793932979,0.4826991681575011,103.05595399738473,4,0
track_001042,Song 1043,Artist E,44,283396,0,0.8667487661716812,0.6033413331032551,5,-13.462758811543305,0,0.2232524215102817,0.515163006235267,0.06883639019382028,0.20324765033699424,0.2558038865411628,177.79889687178667,4,0
track_001043,Song 1044,Artist D,29,203017,0,0.8004363294830332,0.7093997614589531,1,-12.663642690256228,0,0.026888081303954394,0.28820896267389606,0.006731271406813567,0.4319158080535001,0.6227722889879717,183.68886812768469,3,0
track_001044,Song 1045,Artist H,3,297047,1,0.6784543934190725,0.7499374492004934,0,-13.20993482267208,1,0.30001625771184226,0.2895913677074326,0.03729087710326613,0.13706876799950796,0.6555171447498813,66.65220957599026,4,0
track_001045,Song 1046,Artist C,21,275958,1,0.6642310341550421,0.6947709608548018,0,-10.277569468565796,1,0.016140608160278583,0.38218515278642484,0.3859988907666835,0.20468596387136384,0.3435485396585169,62.073698680674745,3,0
track_001046,Song 1047,Artist C,9,138722,0,0.9045943159019806,0.6745789392384975,11,-13.653047909461248,1,0.14920153226894178,0.3074103167569319,0.09517095340454346,0.19001367853773182,0.5504382757952553,74.28782477264693,4,0
track_001047,Song 1048,Artist A,11,240234,0,0.9000677332663183,0.5265957867542178,7,-9.049875345737313,1,0.10759224839597722,0.10042346487597913,0.09129411394958033,0.11958046886909968,0.3327806677146415,168.0458909917798,4,0
track_001048,Song 1049,Artist C,35,226747,1,0.37938237714757855,0.6125650966197866,4,-4.00079909061197,0,0.03780023646214991,0.2978539074982572,0.0486394127186568,0.11884345433735319,0.757848277348535,176.83118305322841,4,0
track_001049,Song 1050,Artist D,82,234673,1,0.2411914684009188,0.8451062526115065,6,-10.118797248100318,1,0.2359936479461764,0.09029518283755691,0.024575337421662617,0.48968537032312176,0.4658448855891378,188.5314419916757,4,1
track_001050,Song 1051,Artist B,14,233408,1,0.4015641112021605,0.6689200179740268,4,-5.8372245356855235,1,0.07922151548412182,0.2878683636287314,0.09242055699451554,0.3520785214283483,0.4846168143294564,174.72946598279685,4,0
track_001051,Song 1052,Artist G,19,289559,0,0.8898715525547406,0.46295180870742897,0,-7.329929238748051,0,0.24830837859035376,0.4706942397473108,0.026687912908029524,0.06667647389698325,0.463284657087062,141.2989618009858,4,0
track_001052,Song 1053,Artist H,57,186553,0,0.6342875469847618,0.6616109074920142,6,-10.852982485390529,1,0.30162732706461476,0.29457209705736087,0.042192999196038534,0.21999583564528874,0.6223410852208526,152.1182296507194,4,0
track_001053,Song 1054,Artist I,24,213616,0,0.8824295958397694,0.8658543565633364,1,-14.284415302341484,0,0.20725761776235932,0.26885557795271847,0.08213599632588454,0.18526639551505253,0.4037410226587429,170.48655644188966,4,0
track_001054,Song 1055,Artist G,26,297887,0,0.809587465508881,0.8731270870266108,1,-9.710144219260776,0,0.17371262224660977,0.31291946148452965,0.048375425850101676,0.1322420921680025,0.5764111750914298,60.24807318493384,4,0
track_001055,Song 1056,Artist J,19,283597,1,0.6786069696008182,0.7438990678275349,10,-14.644037829851396,1,0.03176395038678724,0.1997463333488414,0.0006644400637833384,0.013672866913966299,0.5006818178506572,101.34554900949979,4,0
track_001056,Song 1057,Artist B,16,146639,1,0.28692164370042517,0.649812128527591,3,-4.100513947018417,1,0.10466635103940543,0.14521374199821002,0.04351159495111127,0.26244300114857727,0.7135969041136294,84.3554176304337,4,0
track_001057,Song 1058,Artist H,82,137875,1,0.5054480232446091,0.6893572267537109,5,-7.7028824299403755,1,0.060691339474684844,0.025755380102611216,0.21753823296858327,0.13073822979099864,0.3814821182974679,90.76543664051007,4,1
track_001058,Song 1059,Artist D,9,135535,1,0.8003304580071654,0.9062877247381774,2,-11.25182209850434,1,0.07360976969084101,0.13276274515302394,0.14485761114986714,0.18322857378636198,0.6070180818056925,101.57769958369627,4,0
track_001059,Song 1060,Artist H,7,220369,1,0.3245380194795254,0.670448063002196,7,-10.10997622520379,1,0.006229605057453608,0.10329267001617085,0.05779116972094062,0.12316517761863958,0.6304009933692732,96.67457889413853,4,0
track_001060,Song 1061,Artist F,34,242580,0,0.8418015409984237,0.8524045699025532,11,-14.321014092296986,1,0.27172133721314945,0.37809804453775425,0.010771924608046981,0.045631766534770184,0.6371056977673767,174.62151925503505,4,0
track_001061,Song 1062,Artist E,30,136959,0,0.5713080048853403,0.7944046158909982,11,-10.800053602028179,0,0.03523843551779839,0.5364675960854522,0.01085315516691942,0.021305951576748576,0.5558969438073463,198.78684879147843,4,0
track_001062,Song 1063,Artist G,28,137400,1,0.8392071100029007,0.7979321260259368,3,-12.360345016615039,1,0.2168784070875929,0.30646565133596587,0.015451643063302404,0.1627890799751304,0.46031989147969427,105.2062785701339,5,0
track_001063,Song 1064,Artist C,26,228863,0,0.45564736020390706,0.7907164231943787,3,-8.854836510538394,1,0.10608318018824997,0.056164817677385084,0.07938726771399598,0.29015499902081543,0.8231537347692781,65.49713074840025,4,0
track_001064,Song 1065,Artist F,6,124746,0,0.7557671760603581,0.8507366679231188,5,-4.969891618181492,0,0.03914374688451765,0.11228124542666086,0.12320463290627187,0.12254577530662046,0.43084583662761655,195.82539786240534,4,0
track_001065,Song 1066,Artist C,68,161835,1,0.9281264995542613,0.834470293180628,8,-10.510359675143068,1,0.09268270789440267,0.47598599183440893,0.08306543021060518,0.2624226813005809,0.5413304042329697,176.9593561751816,4,0
track_001066,Song 1067,Artist F,28,296452,0,0.8940115712011936,0.5253226059988263,8,-4.131009912703696,0,0.07739220125702889,0.12203012580571222,0.040149595921707124,0.06289818578106865,0.36797564246304537,106.54321464717879,4,0
track_001067,Song 1068,Artist E,87,187916,0,0.6688253146837789,0.8936047652843463,4,-11.982010355325135,1,0.0645622212584605,0.47736734477330806,0.13781770850937977,0.11218554648393277,0.7125686545677897,114.55263090274725,4,1
track_001068,Song 1069,Artist J,23,219821,0,0.7822807615502493,0.5380804167332962,8,-6.320494513890647,0,0.039382448688448604,0.07606382941048993,0.03397541147076756,0.21825239856347445,0.745553499801007,102.27182917124355,4,0
track_001069,Song 1070,Artist B,5,288482,1,0.8988510752502399,0.7692115298552916,4,-6.720686308442193,1,0.047360070904371415,0.39912653290732053,0.04399202224814459,0.4750962845070098,0.31326287276454423,116.3715895875286,4,0
track_001070,Song 1071,Artist G,17,174112,0,0.8635968335683002,0.9664042925785223,7,-13.86775743249837,0,0.053625226096619634,0.21614189022472738,0.0038134509099899926,0.08801646002185223,0.4394536230957952,122.20605303301159,4,0
track_001071,Song 1072,Artist H,25,132018,0,0.5879080128807982,0.9066874770198067,3,-12.49536603448484,1,0.2964089283917209,0.21356188050312835,0.03450425848993222,0.12105885739770597,0.6765824462383514,109.95687964161829,4,0
track_001072,Song 1073,Artist E,1,163118,1,0.8433843808654263,0.6183933820968394,9,-9.815434152619432,1,0.08852826865360813,0.5651084295187356,0.19992944656036055,0.14779774474635238,0.5651493819758617,93.2364103009464,4,0
track_001073,Song 1074,Artist B,5,269985,1,0.5029425818033074,0.3416715371072098,9,-3.383920125520673,0,0.18165246000272336,0.2312636882061817,0.08956000641258446,0.22747092568352947,0.7002950064389611,91.03360282433248,4,0
track_001074,Song 1075,Artist H,90,156023,1,0.7789994264601148,0.8058188522821571,10,-4.740350483738521,0,0.14788394830753504,0.28827344713078956,0.03382690299374496,0.274632712647921,0.6990244307382011,70.61064514202039,4,1
track_001075,Song 1076,Artist B,6,136350,1,0.8824197335252215,0.7802721685044924,11,-3.8381667282741354,1,0.009459513454383377,0.3598777084920143,0.09426895215786034,0.2095444254699421,0.5241552669893402,64.15672997858793,4,0
track_001076,Song 1077,Artist A,87,256537,0,0.9255218969565251,0.8698509420797446,5,-3.1971359787357656,1,0.02195489087570493,0.40333759344737896,0.1527741102032605,0.02382539426452495,0.2844661362394297,121.62038510675785,4,1
track_001077,Song 1078,Artist A,21,158624,0,0.5978239313920026,0.8354739703174683,7,-9.940121678140942,0,0.009638442969611935,0.22771076137805196,0.029654279531344273,0.449427073739906,0.7254655355754245,107.08241053259155,4,0
track_001078,Song 1079,Artist H,92,266845,0,0.6532536225072832,0.7575599765556659,6,-8.871380665045622,1,0.013182188416700347,0.39345432745695386,0.08920352698401439,0.03507896615045375,0.7239361178160487,188.61083326671277,4,1
track_001079,Song 1080,Artist C,29,246892,0,0.8461115677443348,0.5989964877545312,9,-3.013946864943181,0,0.17838486324512076,0.2648276660631352,0.1924899412248932,0.47608166548996117,0.4391228644858717,114.75455560859656,4,0
track_001080,Song 1081,Artist C,19,268017,0,0.6144342952625955,0.7249047517273935,1,-12.805290181711623,0,0.20692867376412014,0.10786221498810661,0.05754314923241784,0.09837637161041764,0.44672387805672337,81.95384524496151,4,0
track_001081,Song 1082,Artist D,4,217847,0,0.8652714041405741,0.9021441171714529,1,-8.27505557906089,0,0.09178989911471115,0.2167167806525399,0.07266906967853681,0.33160561496480717,0.5740995964199229,167.377707951098,4,0
track_001082,Song 1083,Artist G,84,269711,1,0.6266349057238917,0.9801557778313358,5,-13.405044097965764,1,0.2795164938776598,0.4194417020899038,0.0011410481831002257,0.20282211969852723,0.22710623833409,132.4972835163731,4,1
track_001083,Song 1084,Artist D,35,123159,1,0.251794840550102,0.7738403290539404,10,-4.0490164753568845,0,0.05794439531081286,0.5595139617653511,0.07725961153057102,0.17575555701219914,0.45098401840786656,67.83682960373632,4,0
track_001084,Song 1085,Artist G,96,130219,1,0.987708294988577,0.6377457280886645,10,-3.5636349784411685,1,0.07300758521413675,0.11489710240802635,0.10298889117366347,0.34292395232066364,0.4447406330087636,192.24100347687505,4,1
track_001085,Song 1086,Artist G,6,228798,0,0.8635282370875118,0.9333705491635117,5,-11.857102054194366,0,0.06330538339716667,0.2627819277972083,0.10376289211974163,0.44352439613942807,0.2714142651309635,103.40195904874633,4,0
track_001086,Song 1087,Artist C,24,237118,1,0.8699011015872621,0.797687603267264,11,-6.017087849102287,0,0.055044236884172634,0.27052941811696946,0.028266217889485513,0.2297488372701624,0.5337729253713743,150.96977675363578,4,0
track_001087,Song 1088,Artist F,21,151854,1,0.701667909329214,0.4977823839911072,3,-8.50144489553649,0,0.027781667965085726,0.1666704154778241,0.11523348259309049,0.13052790369755757,0.6606509039485572,136.09115477036528,4,0
track_001088,Song 1089,Artist H,22,192575,0,0.6146689761894337,0.6860561118462725,1,-8.935730681638342,1,0.07658613158459122,0.4363013194343374,0.08416581194872462,0.04575707623329437,0.46484117908691236,65.82603287201057,4,0
track_001089,Song 1090,Artist H,50,135029,0,0.5014092864027796,0.9134491857191492,7,-13.285993491894871,1,0.01639078584158332,0.17542502221706918,0.2351649777678008,0.1388099190970837,0.35876846926126527,107.91377319079163,4,0
track_001090,Song 1091,Artist D,35,252044,0,0.9010665432441624,0.617887788162127,7,-11.233435046515691,1,0.11019982783535597,0.14684165430532423,0.2580133465624676,0.39881743355703686,0.5603938835982303,72.39359131193446,4,0
track_001091,Song 1092,Artist C,33,233858,0,0.9808497937922672,0.9190120049326038,3,-7.0112998330105984,0,0.3458240570873003,0.7956577037747831,0.11044667830875843,0.14940697511740586,0.4954330378459435,164.19734844909652,5,0
track_001092,Song 1093,Artist D,14,175178,0,0.6037627700372986,0.5982347549938607,11,-9.330927167609701,0,0.08454777639809105,0.1200939016503617,0.3331442256740811,0.48182206909945785,0.6534268443779249,163.920619726374,4,0
track_001093,Song 1094,Artist H,31,136265,1,0.9824534837045924,0.8720022537080485,1,-9.422748078409928,1,0.0340340481643408,0.20397582419348187,0.02604058575963164,0.11837887076541573,0.25090482544172704,154.63250588992287,4,0
track_001094,Song 1095,Artist J,11,235475,0,0.6553081724253456,0.7887469990655636,2,-8.768793982356986,1,0.11455138315702051,0.14536251855108445,0.001514221095942711,0.18804513454054494,0.7932304032854234,104.66021432892234,4,0
track_001095,Song 1096,Artist I,38,231686,0,0.9015179248736033,0.784767471716245,2,-7.774995348883488,0,0.1993391127760012,0.1833481375510805,0.06631045196909549,0.18718988342814655,0.3140364564535093,143.20456356061288,5,0
track_001096,Song 1097,Artist D,9,222263,0,0.7045472559652922,0.6754514694621094,8,-8.81460767790367,1,0.18277226004458616,0.09548114155142427,0.22499905728703384,0.03742647565472427,0.42023683639245196,188.02477130645255,4,0
track_001097,Song 1098,Artist G,97,144866,0,0.29448913392675113,0.5553356695613868,1,-7.854478510055099,0,0.07194213864843979,0.031426563757357306,0.18604465179312388,0.2647995319655731,0.5379337674614654,171.9821032590543,4,1
track_001098,Song 1099,Artist D,3,244135,1,0.9012092787007135,0.6727660628504978,10,-4.144041963216848,0,0.13621721037876575,0.5187451070439884,0.023981336087347798,0.09010627244618936,0.4053782251322035,187.30341901337692,4,0
track_001099,Song 1100,Artist J,3,206348,0,0.6248730329585461,0.7213131967667676,7,-5.233923887566167,0,0.17885554497959544,0.18763650218265363,0.16091197401247465,0.17548140484425603,0.3771268712110431,121.44197066040029,4,0
track_001100,Song 1101,Artist C,41,215201,0,0.37842247811492347,0.790940235129032,0,-13.403844191099505,1,0.022257300219826495,0.5793851267696538,0.054272070345726224,0.12754687855055477,0.5515649462474967,156.45305440937688,5,0
track_001101,Song 1102,Artist E,43,254643,0,0.5354946376959597,0.9404065204286707,11,-4.536319045431645,1,0.1991372362676354,0.03357703392049699,0.055938064462331814,0.074680457035396,0.3161975499993585,108.86293939168867,5,0
track_001102,Song 1103,Artist D,37,235042,0,0.6121416449821244,0.724232705692164,10,-8.868322504025546,0,0.05077695466414732,0.33574093644778535,0.05395251283505886,0.48537163778311493,0.25656224738027616,142.0639658741959,4,0
track_001103,Song 1104,Artist E,88,200225,0,0.7403336717950869,0.6643475624949498,8,-6.168721769035237,1,0.17528624607726087,0.1312725541360449,0.079339084792446,0.059037377748680085,0.4243868910694971,180.7092000468116,4,1
track_001104,Song 1105,Artist I,26,216537,0,0.7799232794171831,0.9424157311380833,6,-3.9923992825505117,0,0.19586736677457134,0.22695177220715232,0.21710479478337807,0.0731740955690251,0.5605376095698873,76.37103135509267,4,0
track_001105,Song 1106,Artist D,40,120393,0,0.8668784445528006,0.3116350920335701,7,-10.730068955479872,0,0.0036617455719418386,0.4481683937657743,0.018254241262186444,0.16733391316609553,0.4921513530602279,157.41040245747587,5,0
track_001106,Song 1107,Artist I,39,296029,1,0.6929480036128058,0.7449320490165197,5,-11.22543444247832,0,0.16238779517326354,0.13121935421725633,0.025210826740973358,0.29940433958452056,0.37327948370591185,134.0330357724195,4,0
track_001107,Song 1108,Artist C,46,164389,1,0.7178107059818223,0.860277855022344,5,-5.8910590431357885,1,0.15415857551893405,0.5048311384866793,0.2095066044968437,0.5622891301657232,0.7046670683073499,185.41989960097106,4,0
track_001108,Song 1109,Artist F,79,298373,0,0.8102314253405039,0.8198299478351518,11,-14.911981913087246,1,0.09225586390527263,0.20028183177670913,0.13639583127397814,0.3256637423318976,0.34841810937298695,142.91483415450912,5,1
track_001109,Song 1110,Artist G,15,216777,1,0.7654151468080475,0.8638785864478795,2,-11.256317629402202,1,0.05462944954661009,0.199176226368809,0.07039490903447755,0.02492061373893209,0.44552721221734803,87.59199050790453,4,0
track_001110,Song 1111,Artist A,9,141037,0,0.7843942030199869,0.636918706752948,7,-4.9474830432704735,1,0.15995363766927562,0.39988954268047744,0.1499208278852491,0.3009499271295544,0.3334793679347881,174.21428210711665,5,0
track_001111,Song 1112,Artist G,92,209928,0,0.7776813522901482,0.9556275580880796,2,-6.0513384568400586,0,0.09259860473979988,0.17958710170003017,0.19167854145112836,0.208146792556531,0.33058782098408124,94.5819095938065,4,1
track_001112,Song 1113,Artist F,37,132803,0,0.9584900730672775,0.5857710248126451,8,-13.46665902347416,0,0.14582037609092544,0.09728541768156948,0.12274382666521122,0.09523998782642525,0.6154196151573058,144.3939762905928,4,0
track_001113,Song 1114,Artist D,6,156764,0,0.9733662610233744,0.5650087505617063,9,-8.354350978089343,0,0.06599067692230286,0.2861608225666253,0.12173177389222048,0.32077688108361546,0.322778983726809,168.7317619132227,4,0
track_001114,Song 1115,Artist D,17,159720,0,0.823621487602734,0.6126678009224902,1,-14.84192137539365,0,0.15709963765183868,0.42068694559967346,0.023547533307840943,0.10940247806405393,0.49322824717259633,183.87146842618418,4,0
track_001115,Song 1116,Artist E,90,133219,0,0.8248415007421163,0.6163764751142589,2,-7.98137511207962,1,0.14686541362671177,0.6108977422910192,0.06938485435864981,0.19933639796602062,0.6352721205887696,73.2684513169728,4,1
track_001116,Song 1117,Artist B,6,213391,0,0.4967483136511653,0.513255167391119,2,-14.6662080528272,1,0.10298156229841916,0.48094730217713333,0.1034067595674531,0.4966804550458708,0.5106049427479464,162.16254307978477,4,0
track_001117,Song 1118,Artist J,55,197264,1,0.48405144824996105,0.6522011967981699,6,-6.5840432341357324,1,0.07135766874485745,0.439151764510997,0.10151601141068198,0.29109546085874766,0.21657475101064755,195.28305901953226,4,0
track_001118,Song 1119,Artist I,29,228877,0,0.9685494768148646,0.8776325347097224,0,-9.901996720671516,0,0.13941910397304516,0.4954310405938476,0.05731528410478842,0.1933062710728295,0.5659028512176317,120.48911958668081,4,0
track_001119,Song 1120,Artist G,42,140080,0,0.8679901621149676,0.7946389931571615,1,-8.399740298934955,0,0.0017847111502370604,0.3329045978005803,0.009340368035349026,0.13730254404025447,0.5898183727287996,140.4675052190875,5,0
track_001120,Song 1121,Artist C,44,208304,0,0.671174908512696,0.9062516370829751,10,-13.341596479823883,1,0.07430044796562128,0.542861330685091,0.06049101071377509,0.16207782627236447,0.41278946430858143,161.66101252058178,5,0
track_001121,Song 1122,Artist I,54,238411,0,0.9055585266832191,0.721244787877802,4,-12.144618800247908,0,0.01386865767870078,0.6631241681011661,0.031368763443039745,0.11841458603744143,0.4140058808939134,99.9090210684808,4,0
track_001122,Song 1123,Artist A,82,228064,0,0.7805968058769388,0.501265673875479,8,-7.532073860497885,1,0.05619489763642248,0.48311019192866433,0.031027635874630196,0.029316592433169534,0.7776536268490643,99.3623824626857,4,1
track_001123,Song 1124,Artist F,35,241992,1,0.7388241517567314,0.5460696209950493,11,-14.279688606772009,1,0.1397782317790287,0.3564714144946315,0.00629959949637536,0.1396309546915971,0.7044133790407502,99.24987447071737,4,0
track_001124,Song 1125,Artist G,7,270695,0,0.680146454621151,0.7423488223622637,1,-5.523062079906168,1,0.035411030330943366,0.3782086071374647,0.03709442159976156,0.2181912100125487,0.5247635848432076,130.11169769856664,4,0
track_001125,Song 1126,Artist D,21,214138,1,0.7885627058123399,0.8843593077731025,11,-9.173699678275788,1,0.13222832273458174,0.24056416954286486,0.33300251077805154,0.047826355181712285,0.29156580543767335,186.78609866089747,4,0
track_001126,Song 1127,Artist G,21,207750,0,0.7385215293393729,0.7855321900810588,5,-10.129813195174249,1,0.17706857556857286,0.5585686693295551,0.004997099547575903,0.2542548014332814,0.3546608662436013,120.47323060620755,4,0
track_001127,Song 1128,Artist B,16,229865,0,0.8146778455234106,0.7989089198153084,10,-8.899575978471551,1,0.05367059417691639,0.3835453861341608,0.139677598791798,0.3007074007948498,0.3682160515969273,131.16957464499188,4,0
track_001128,Song 1129,Artist H,42,252192,1,0.9367196033455596,0.9435781002134689,5,-3.8236647770721817,1,0.014858241690348302,0.48542136327420404,0.16242894844599753,0.3277920104231458,0.6718764854224463,62.901468842011475,4,0
track_001129,Song 1130,Artist I,14,135213,0,0.528522909737592,0.7400925256442671,6,-12.964617666259459,0,0.12642623799794436,0.15301806769000417,0.18305053063693327,0.392319227077343,0.4180561593112269,154.1655641981504,4,0
track_001130,Song 1131,Artist D,18,261112,0,0.47047509558979533,0.9001513756690135,6,-5.440294566578542,0,0.010136302641420236,0.6012881034484824,0.012194516080706328,0.056710680235551404,0.621817941292724,86.49875611748423,4,0
track_001131,Song 1132,Artist C,36,222433,0,0.8464805237681694,0.6024843337732159,3,-13.739046653320754,1,0.09405634636981708,0.34724106923094644,0.09409017137760337,0.12386640462351328,0.5153304842462056,129.17492679430856,5,0
track_001132,Song 1133,Artist I,27,273191,1,0.9072227392946826,0.7248172932383856,7,-3.37575642644617,1,0.056099706094188816,0.25656078022215806,7.235858345060585e-05,0.288089232872119,0.8455474199315389,88.80040534115565,4,0
track_001133,Song 1134,Artist E,95,123768,0,0.6957017604017979,0.9244649278642678,1,-13.746558543415405,0,0.01800514060807753,0.0665040425386262,0.05184418864821413,0.14163657804068988,0.4293796649603876,109.11000027452266,4,1
track_001134,Song 1135,Artist B,45,128002,1,0.8076169414172965,0.7017885268153305,3,-6.904648482097491,0,0.023983345086760602,0.165458163925758,0.03108834372734468,0.13217886213068258,0.7134174228955358,121.84982425892238,4,0
track_001135,Song 1136,Artist A,92,229023,1,0.914038207159327,0.8003523849965533,10,-11.751232591561065,1,0.02253404954463104,0.392647526499274,0.011281064304444834,0.006587120394626337,0.6295388447753355,107.83367960621837,4,1
track_001136,Song 1137,Artist F,0,294458,0,0.8710572291944955,0.8217481053000355,1,-6.480137445977183,0,0.05622332121311792,0.25244321047129026,0.011219551385065946,0.13390690870185118,0.3556512854002755,121.02972707183014,4,0
track_001137,Song 1138,Artist F,15,292391,0,0.7623362262396854,0.7279065079116122,11,-5.105329459527487,1,0.008388349328300695,0.5536357069122749,0.0925077844230933,0.12199231100197028,0.4243898847236117,177.14786023863056,3,0
track_001138,Song 1139,Artist A,33,183271,0,0.7232431304691599,0.6499841791416322,10,-14.017344610974876,1,0.16489961346791224,0.36587729518917506,0.29324238376919315,0.33763097382698837,0.7213824332644917,164.53546399124295,4,0
track_001139,Song 1140,Artist J,25,275743,0,0.9425341965586523,0.6993232573984971,7,-13.022711316542624,1,0.049541172779486345,0.4966455773324026,0.0314778676628203,0.2979622513901632,0.359926296190334,144.82247165959797,4,0
track_001140,Song 1141,Artist G,19,209410,1,0.8119033821755957,0.7324157680146991,8,-7.753225100593497,0,0.04159873499756175,0.32516411234839526,0.16980246926136106,0.16986821850011696,0.3694052656273383,165.4599951706846,4,0
track_001141,Song 1142,Artist G,15,253878,1,0.7063382605394257,0.8895803265087897,8,-14.182079284237313,1,0.23339407474786694,0.27630200012035205,0.019875063531020334,0.46091394978201783,0.7612134192645419,104.62591320834778,4,0
track_001142,Song 1143,Artist J,24,276287,0,0.5474036983284937,0.6633710172276188,11,-5.851230269446219,0,0.09643188612672306,0.22384828847121346,0.20845252680907952,0.1194690354101174,0.4133373788635031,134.95824789125896,4,0
track_001143,Song 1144,Artist G,82,284041,0,0.6921459223935825,0.797306046482056,10,-12.36093378209199,0,0.02959786473941722,0.11317551607253921,0.2201887576488553,0.23810299318508185,0.5675795576726602,130.21416785362126,4,1
track_001144,Song 1145,Artist H,5,201234,0,0.8721186939756612,0.9798350150744866,4,-14.286317440906574,1,0.023207137390366644,0.17229197396204682,0.22808786254193153,0.06458424130710361,0.28762459641512556,191.3977837981869,4,0
track_001145,Song 1146,Artist I,14,272625,0,0.7251749534793722,0.5265591061761525,9,-4.855053500461793,1,0.02034238662869606,0.10009139079100314,0.0754692996637083,0.561285958105637,0.3336354612255216,140.21721677378002,4,0
track_001146,Song 1147,Artist A,12,238301,0,0.5773257882184589,0.607504157816063,1,-7.038185218692464,0,0.2807387197711159,0.15065133909596345,0.041354742627228325,0.4752794089353276,0.6417146996567872,70.37892492933189,4,0
track_001147,Song 1148,Artist B,23,177402,0,0.6281946944257542,0.8740460043662659,1,-9.603538261395874,0,0.4026626378474,0.49157882315323703,0.0998678115488249,0.30733798793747,0.6864519513450832,87.4312442085706,4,0
track_001148,Song 1149,Artist D,19,169649,1,0.9059262761115254,0.4969999653623534,3,-8.576778700456822,0,0.027517629937778232,0.48824703739960296,0.1130884060397275,0.046674100827683015,0.5889313950604042,161.01398595238462,4,0
track_001149,Song 1150,Artist C,1,198156,0,0.6240794775694429,0.9236414763509035,10,-14.109061500348743,0,0.27491340731290537,0.1492077378725178,0.0679468969773898,0.1516494672584914,0.49533227150086556,144.05018723367544,4,0
track_001150,Song 1151,Artist A,18,283599,0,0.5241138238660922,0.8571528050094182,10,-7.74552263097276,0,0.035460849321247705,0.08674150281771537,0.07691795244318979,0.5755981090668486,0.4054968225317155,127.68090806963095,4,0
track_001151,Song 1152,Artist H,5,263416,0,0.8534277054175657,0.9189961898789399,7,-5.336399670093396,1,0.11359475454212728,0.11598006895493547,0.05918114430201606,0.22407712029560234,0.1793158518976243,70.62289052775844,4,0
track_001152,Song 1153,Artist F,23,231151,1,0.7036084306557301,0.7540037413148082,0,-11.528289432557592,0,0.05346683263032031,0.1612144412304038,0.008005339350893835,0.20946803006343753,0.39099891647289053,84.07613753656602,4,0
track_001153,Song 1154,Artist C,20,171529,1,0.9750013232476233,0.5851422665940452,0,-11.32529155854504,1,0.024670245274522832,0.6209486644397301,0.1271991423554815,0.07983115026572749,0.6074428088033847,169.28053825413855,4,0
track_001154,Song 1155,Artist J,4,236903,0,0.918593638189658,0.9011719884316465,7,-10.947794182717516,1,0.04757866814209643,0.2812460205087458,0.10783305832457857,0.3324071804119226,0.3558166063559008,66.52842998883376,4,0
track_001155,Song 1156,Artist F,28,188590,1,0.6792066593562787,0.5739534918491718,5,-10.093852919098103,1,0.17595712470749164,0.5005422328924081,0.2935958262958198,0.36468367162204735,0.49578341345270355,145.6368271547123,4,0
track_001156,Song 1157,Artist J,85,141500,0,0.8495022062200028,0.6079349897785706,4,-13.263353417818696,0,0.04954178378056796,0.18894322018532894,0.007496620674302572,0.17396169670021427,0.622059325360653,195.08124162414632,4,1
track_001157,Song 1158,Artist A,5,215335,0,0.4698417497034589,0.7341864547346298,9,-10.076701449944467,0,0.05595337055982424,0.04157887296660974,0.5010261617555037,0.19461012143286827,0.4442925516103099,95.54625270087001,4,0
track_001158,Song 1159,Artist J,32,140150,0,0.7581564409323307,0.7018245341470375,10,-4.857569576649388,0,0.10899171274786987,0.34295803807346664,0.0695881024741824,0.20491826675314564,0.5877722602502704,107.56774903398093,4,0
track_001159,Song 1160,Artist G,11,225076,0,0.7505604231015672,0.9365580281880233,1,-5.808841893969497,0,0.0034674568830909314,0.19079338154107875,0.04655443134209536,0.28913447139911347,0.5078686040476714,100.30850249090443,3,0
track_001160,Song 1161,Artist J,19,261749,1,0.7681949475433733,0.7734291869269858,3,-9.041711105217978,1,0.06254791361697817,0.18094215083568688,0.03543442665846088,0.21129578151629524,0.3272887420312519,105.25706055923965,4,0
track_001161,Song 1162,Artist F,30,243355,0,0.49981769997575676,0.5032925087774339,2,-13.327461765701534,0,0.045451561823403354,0.5847022095967223,0.023080102214814244,0.2006422340348014,0.4722815467379711,142.1586636674954,4,0
track_001162,Song 1163,Artist B,10,267256,0,0.7450675029333131,0.41484096526431585,9,-12.788814761690054,0,0.07467909536845088,0.2293750502473113,0.020483344630559418,0.16896528462549903,0.5313316417188018,145.76392057244402,4,0
track_001163,Song 1164,Artist F,32,181377,1,0.767443950072671,0.7420349060886229,8,-9.234529301106162,0,0.00472216896746413,0.3623734787678803,0.0917432203824831,0.3508485111193977,0.6535684103981535,100.48355734628856,3,0
track_001164,Song 1165,Artist H,77,164785,0,0.5959460555974861,0.9200186964935785,9,-4.033409131577505,1,0.4375801279418592,0.22206362364564328,0.05011875558232094,0.11978630320002263,0.17546998118131643,184.1404017860512,4,1
track_001165,Song 1166,Artist I,3,279500,1,0.8037836246341685,0.820565424027915,8,-3.7106964864316723,0,0.10240314388537493,0.38219976387526206,0.18239106499013047,0.08037601553270529,0.42122359512211455,112.19395606894554,4,0
track_001166,Song 1167,Artist G,10,189484,0,0.943240570141675,0.6290030765903859,0,-5.409735698249994,0,0.05108561736261206,0.06182240752710907,0.029102758457101006,0.12321744344932863,0.6612367272196076,138.0133645008571,4,0
track_001167,Song 1168,Artist A,86,283310,0,0.9583304750766353,0.7081098203380067,6,-8.17343139409094,1,0.16252988283115657,0.3000520832468186,0.2951364960465908,0.28476059871561843,0.5275944554634716,85.11727178682725,3,1
track_001168,Song 1169,Artist J,19,267036,0,0.8174824246706496,0.7372654884252086,6,-5.429738507402796,1,0.05018238040448755,0.3530089312266749,0.010007178128303408,0.1748173750352388,0.5583277237390456,96.39593525843608,4,0
track_001169,Song 1170,Artist G,90,134909,0,0.6788147543530598,0.8786171526062734,11,-7.107142430711162,0,0.11392893234558889,0.44667403289075536,0.07088855793030417,0.03584594445185175,0.3392533101924702,97.12990481156642,4,1
track_001170,Song 1171,Artist H,93,266696,1,0.35462628393654294,0.7677006770310381,10,-6.995905316947011,1,0.1346073120288389,0.4365829489821,0.0015350128837332184,0.13201121645346156,0.5288890190324197,162.41909200146017,4,1
track_001171,Song 1172,Artist H,4,198254,0,0.8726964015476169,0.6175087019673682,4,-11.561470298305473,1,0.32219822113091,0.4992149330394259,0.04541730776409505,0.15200831721013552,0.33632458953185945,190.44085552517151,4,0
track_001172,Song 1173,Artist I,42,227240,0,0.720266656187329,0.7632018794395454,10,-10.67674337676181,1,0.0671934728576325,0.5115135915113578,0.18893554662183853,0.23870981065325886,0.38026132956961384,78.83611318890154,4,0
track_001173,Song 1174,Artist B,26,177965,0,0.5413351626152482,0.8749451516304073,7,-7.63620964295807,0,0.023379634631277648,0.1680496258791799,0.08551770497997743,0.08939208425558716,0.26382259206907394,120.758977238021,4,0
track_001174,Song 1175,Artist B,5,187982,0,0.7758974960601344,0.5178573572529854,11,-11.31744191445227,0,0.09187036171676062,0.12200280006509498,0.3287283150099189,0.23819310620253556,0.5628533345955911,176.35222717034762,4,0
track_001175,Song 1176,Artist G,23,232491,0,0.7378667291625878,0.8614374831821764,5,-13.579635227060084,0,0.115547657587352,0.3012068688809587,0.051740395140136244,0.2243184994721941,0.46681665556943847,188.0466025118644,4,0
track_001176,Song 1177,Artist B,21,168575,0,0.5606640334703662,0.9078124368274119,6,-12.96770579590909,0,0.0998137825438253,0.1417889057216413,0.02682595005995775,0.14344225720540613,0.5800327042236939,143.86100977823182,4,0
track_001177,Song 1178,Artist G,3,240773,0,0.847975044395622,0.7296802029261195,4,-10.009351205109457,1,0.11070337316236135,0.07036584351741079,0.01895079287362843,0.0634033468577154,0.47642325421698,99.95581259352161,4,0
track_001178,Song 1179,Artist D,40,198363,0,0.6002444501904678,0.569148987239405,1,-4.939152078034729,1,0.030053424160852046,0.47475199713646254,0.03561511385261292,0.09165742488161847,0.616959227298052,159.72548514967593,4,0
track_001179,Song 1180,Artist I,37,139477,1,0.7062606617732742,0.8003675873586417,1,-11.758240837222756,0,0.10372632307203379,0.17394724437414177,0.18851845645876322,0.3875626822353461,0.4174523191629756,94.16281344553147,4,0
track_001180,Song 1181,Artist J,80,181836,0,0.6875139957916487,0.946450294182708,2,-14.78713510909698,1,0.022321965057274885,0.17109949292984433,0.023828421663727384,0.09737902148063948,0.5762863902224117,199.83548750013762,5,1
track_001181,Song 1182,Artist A,28,161514,0,0.5678267866959065,0.9436999835609321,3,-4.721856181942968,0,0.08623918565079436,0.3437457400483499,0.23763001378492193,0.10134350916807038,0.5563561930282506,103.6031923348378,4,0
track_001182,Song 1183,Artist G,21,165099,1,0.3541544583345387,0.7248193399971269,6,-8.891006593100979,1,0.06488128839594798,0.23016070194396485,0.2634102952667941,0.11939587056532883,0.39028236204876704,85.90136396553888,4,0
track_001183,Song 1184,Artist B,82,171188,1,0.8318386880324246,0.7312361041888549,5,-12.718239999301286,1,0.1900548234668414,0.10705080170732612,0.1424370726306581,0.10006883176966584,0.7645538445052265,106.47985562926632,4,1
track_001184,Song 1185,Artist J,33,243651,1,0.6090334682688012,0.7883017216955824,6,-10.019451717057652,1,0.0681584330959769,0.2946630825181163,0.07079781388949613,0.1696607689736484,0.6764462499990717,187.02149878890197,4,0
track_001185,Song 1186,Artist F,45,145247,1,0.8822867559099995,0.567066689950551,2,-3.391259566289552,0,0.03635960148322758,0.4385215683362825,0.15964471979757855,0.4989998769072669,0.5638395042610552,75.10603376089149,5,0
track_001186,Song 1187,Artist C,76,164514,0,0.825570666870529,0.8664418962674098,9,-14.934468659618002,0,0.060377510792013034,0.13691418490256502,0.06620598388069562,0.2255859327413212,0.6045058311495434,161.44290798058006,4,1
track_001187,Song 1188,Artist H,22,281874,0,0.4317279506934746,0.898815157811293,9,-12.367226778176663,0,0.0639992004270771,0.42624555832872213,0.13204428424388215,0.16070845756951566,0.4803211957519633,191.2696850397108,4,0
track_001188,Song 1189,Artist B,16,121833,0,0.7484020661398773,0.7651190911044641,9,-3.037278505738449,0,0.023793647968006152,0.23968645410879583,0.005207810387280154,0.2320231693717103,0.6481863149054187,195.011803689249,4,0
track_001189,Song 1190,Artist J,26,160024,0,0.9117530605742379,0.5594110151374648,6,-11.329874314624083,0,0.05393015065154641,0.26366294798833395,0.01213557845126945,0.23142560279617047,0.6292846671953818,102.53750304813462,4,0
track_001190,Song 1191,Artist A,94,129940,0,0.7699610395204881,0.7857105644741048,1,-12.86766373380717,1,0.09680527841263267,0.14310995951036717,0.30362316070551676,0.11591839019271988,0.46081152339577686,193.5381474781054,4,1
track_001191,Song 1192,Artist J,1,280811,0,0.9589961866455716,0.6743286064530709,1,-7.230638237738187,0,0.010075895072434152,0.11535503858704024,0.0045267894373162065,0.159307524268296,0.40015121231805323,75.70727685822779,4,0
track_001192,Song 1193,Artist I,15,278337,0,0.873162483455648,0.8125139886553404,9,-13.969595362883497,0,0.24040334913775632,0.11622108269912496,0.052652741846752005,0.15075208211871788,0.36090334812637015,139.44082599939696,4,0
track_001193,Song 1194,Artist I,30,188096,0,0.3888778371867363,0.9824573233878603,3,-10.243061514684273,1,0.17611197615788907,0.12045727694889206,0.16458545537937247,0.2565184602151314,0.4339656619773715,138.25168258352838,4,0
track_001194,Song 1195,Artist J,26,122781,0,0.8292811011995791,0.6066353414112355,7,-8.316748971992642,1,0.09181585137144452,0.16600146745485753,0.2989072704646212,0.07984215197345944,0.4605838806507764,127.39777446642675,4,0
track_001195,Song 1196,Artist B,63,252919,0,0.7500314298749974,0.80497860397492,9,-4.079562438632703,0,0.1521145158527175,0.3514842833483609,0.12441511556327577,0.07219712629604197,0.19418861201080548,180.26003961207186,4,0
track_001196,Song 1197,Artist G,30,291003,0,0.9205248569552165,0.7626211896921503,4,-13.584822600768662,1,0.0929618467006618,0.06812260453723959,0.29990444059112914,0.47948162841820574,0.4204725164911602,94.1040369119183,4,0
track_001197,Song 1198,Artist B,28,185125,0,0.8528905831031709,0.6805042356470599,6,-4.650520247253194,0,0.10461625122356936,0.07659949126825051,0.021742561611013445,0.09121117343746739,0.34992650060360403,70.06556831204458,4,0
track_001198,Song 1199,Artist A,38,245355,0,0.7038694257351885,0.7652175330869886,8,-14.690835143587845,0,0.04025067308728398,0.3531098261508963,0.07828542536333423,0.2756603869767684,0.4148715095665149,140.18969947694075,4,0
track_001199,Song 1200,Artist J,21,232696,0,0.9173290545522337,0.8296137860943721,3,-4.193808786256032,0,0.06430320141058637,0.4237027810051664,0.01260622183564219,0.024628508408668762,0.5035377493707184,162.4722349997134,4,0
track_001200,Song 1201,Artist B,19,239522,0,0.7521143206871308,0.7511198154853358,10,-4.275548446012779,1,0.07101492631376333,0.40297090210904707,0.07993576633680816,0.12575911373937876,0.4764536925447721,117.4192762176624,4,0
track_001201,Song 1202,Artist J,24,131116,0,0.7433451123833693,0.8653652587310345,7,-14.658153403715042,0,0.11889445934962577,0.23146180254399384,0.03450772981428079,0.21060091755929858,0.840298873885922,116.57365352337973,4,0
track_001202,Song 1203,Artist D,86,121208,1,0.8058834306571807,0.8226029882500201,9,-12.004692577442269,1,0.08908613207519131,0.13640638937094057,0.05915759426780554,0.26192490148943065,0.6972116708371237,78.839940630674,4,1
track_001203,Song 1204,Artist E,28,205261,0,0.7268125850107429,0.6728442726571089,1,-4.719938693890564,0,0.24387210802721257,0.21491746460883213,0.08254659528047646,0.14666968033614608,0.7792582669785515,126.7867493580661,4,0
track_001204,Song 1205,Artist F,7,275346,0,0.7939571735386787,0.8380687678179247,2,-4.0137360600841845,1,0.036059165588197016,0.34197949784746917,0.04858613730109439,0.35697567846594064,0.573406963559941,80.94992488994612,4,0
track_001205,Song 1206,Artist D,14,120424,1,0.7557809725734541,0.7055043588681484,0,-8.365569554847939,0,0.16860361249913894,0.1291474727351646,0.03383294933536061,0.33898100653249513,0.4464029924139745,194.03407190321164,4,0
track_001206,Song 1207,Artist C,10,299238,0,0.6222496654085135,0.4512906586209459,0,-12.999745581664888,1,0.09639587816854235,0.511744493285559,0.05587526626998268,0.11808725541525815,0.4741189748564738,176.58202589864712,4,0
track_001207,Song 1208,Artist E,38,121304,1,0.8865894345406955,0.8131617457847775,2,-4.540177425134139,1,0.06888727735236752,0.20179247670559727,0.1088826546129517,0.18885256230532965,0.6615468380236347,184.07440368917483,4,0
track_001208,Song 1209,Artist H,15,130022,1,0.5845756092162713,0.6826286626821939,4,-14.657745633549428,0,0.1169911780318562,0.1641123488233,0.005929188562786379,0.36386351801631284,0.4773617932758647,160.67428097577954,4,0
track_001209,Song 1210,Artist I,28,243780,0,0.7952026599119468,0.77635242137726,0,-7.851729632849861,0,0.24057456077798953,0.24915243008333013,0.017243585901172954,0.3946130340414865,0.47126216655255027,88.55480244648012,4,0
track_001210,Song 1211,Artist H,34,123244,1,0.7706708028151311,0.6433604939449471,6,-12.90715440424862,0,0.02581433410106205,0.2661168558321582,0.016654445032027853,0.4301835615780527,0.27531461654329364,131.01592533566287,4,0
track_001211,Song 1212,Artist H,35,242641,0,0.8781893930409516,0.8273934651520026,0,-4.168103918646022,0,0.11791941941055493,0.28409907278633356,0.17266794963155016,0.29402018299959176,0.6880129543677683,190.00984687355697,4,0
track_001212,Song 1213,Artist B,86,283024,0,0.8661693294112992,0.59617400054985,1,-11.095802029348608,0,0.1443969918273169,0.08269092848273432,0.10745276902304998,0.2083038996398602,0.5249197279244091,126.11523730250603,4,1
track_001213,Song 1214,Artist C,12,259130,0,0.6576790372877129,0.7090771302463094,0,-11.633903103293935,0,0.08043227073334093,0.1845809132012928,0.15027945039009608,0.13468554063035995,0.4776361593447975,85.84901427825082,4,0
track_001214,Song 1215,Artist I,85,177352,0,0.7217211382260807,0.6808799049894622,11,-7.237996556332876,0,0.18382911332904725,0.13521482782691477,0.16894597813316883,0.4180279161971072,0.4086702110209725,157.37782077923538,4,1
track_001215,Song 1216,Artist H,11,266584,1,0.6861391440382667,0.695008807439291,3,-14.708054153061019,0,0.17619961632097217,0.16219155558499185,0.004496367180152272,0.3014626279215906,0.5513359413970518,181.04470170173545,4,0
track_001216,Song 1217,Artist H,19,208047,1,0.8128072319659371,0.7836954491962108,10,-13.008077976494043,0,0.2744946787632787,0.308299719031644,0.17323360602964605,0.20643757673537116,0.6150003666637994,155.12977752674533,4,0
track_001217,Song 1218,Artist F,19,227845,0,0.856409982368511,0.8621364840712061,3,-3.5906313022210856,1,0.06222269881854177,0.38021155724318,0.019378201954693124,0.2449268618929932,0.5407241487692391,61.774990843822266,4,0
track_001218,Song 1219,Artist C,27,164791,1,0.6705665367505622,0.9276644474437551,3,-7.158488146033967,1,0.05035227323012505,0.08419104404221969,0.239826245331658,0.029410831325997235,0.4667510121603777,186.71141693274214,4,0
track_001219,Song 1220,Artist I,86,124944,0,0.6119219065009486,0.6826133317130046,11,-9.57244639009403,1,0.036710310740363815,0.2497121347717356,0.05342718014987756,0.30894629085381353,0.3440394363658505,148.04154230656917,4,1
track_001220,Song 1221,Artist F,8,209833,1,0.754608709230653,0.896837335745668,7,-9.939490981122717,0,0.22206929422995247,0.17308158943394641,0.10717841842446411,0.38613252998085384,0.4079334483123091,166.63146451325235,3,0
track_001221,Song 1222,Artist B,11,201434,0,0.8592325044502988,0.7264471839595075,0,-10.486941274408451,0,0.003521604553032333,0.5282563726760224,0.016105645206108344,0.28752410106383713,0.5813817702416172,114.02851686344319,4,0
track_001222,Song 1223,Artist E,46,287354,0,0.6446777266368119,0.5263797965724657,5,-3.6934779617332225,0,0.06451179239514829,0.47793024969107917,0.2274615624334814,0.29140235394204567,0.6689219912225156,104.85292618293732,4,0
track_001223,Song 1224,Artist J,31,184766,0,0.6638237324496461,0.7869373601128026,7,-3.6529481385863143,0,0.05507492848454021,0.1627618192767412,0.013644277520769337,0.10878567232057253,0.3130701892058716,199.98467904839495,4,0
track_001224,Song 1225,Artist H,96,232000,0,0.7249790535941613,0.5854737443159879,1,-13.603065050592699,1,0.3205047969924015,0.1453810413966462,0.07620472598861959,0.08083375818622185,0.6444816522813136,105.08971053787212,5,1
track_001225,Song 1226,Artist H,17,293252,1,0.9019175371721231,0.663434875213563,0,-6.556415565667971,0,0.05684455470893358,0.5028226015421458,0.07735302907022744,0.25296799450085433,0.22884303989038124,70.8582603537159,4,0
track_001226,Song 1227,Artist D,23,139575,0,0.40402402269012294,0.708757012208349,9,-13.957408572782207,0,0.13500298548308154,0.45047350212153187,0.009878726682443828,0.2530098536482218,0.6282482282421478,80.15276176408467,4,0
track_001227,Song 1228,Artist B,97,170697,0,0.5590704839505386,0.7184128676948084,10,-8.39426091761265,0,0.0028281454022586736,0.2943728780190592,0.17181834248827804,0.09957025511780258,0.7731493009680831,122.2388879917761,5,1
track_001228,Song 1229,Artist I,34,175149,0,0.778866639738549,0.6702370378787208,11,-11.702444441966364,0,0.046612516054804785,0.6453656726517094,0.002365404550428617,0.03331361911479695,0.454442596854928,71.7784503159435,4,0
track_001229,Song 1230,Artist D,40,171408,0,0.47051144704175196,0.9588296541107901,10,-7.47292705993581,0,0.10087698803084039,0.5264762819622334,0.09392288766599538,0.5251410901038955,0.4551608693353725,131.17090865556725,4,0
track_001230,Song 1231,Artist D,47,169545,0,0.5708632372885317,0.7754750196750748,7,-11.10578479091589,1,0.380629649631024,0.40462426017581155,0.2206732442979199,0.12281386602950094,0.5553131185410519,60.4708637301553,4,0
track_001231,Song 1232,Artist J,10,232312,0,0.6003647310930981,0.8014401951168841,8,-4.007380424241102,0,0.04960971043875471,0.29736578953955967,0.08120633745547719,0.08666069539240034,0.42719322320135067,139.7969702321606,4,0
track_001232,Song 1233,Artist B,27,196607,0,0.9636223419099073,0.7870082081815136,9,-10.065835315335628,1,0.2962582130650571,0.26829591153712323,0.0561288122245281,0.044527641799882174,0.5622047277363914,182.08123948999827,4,0
track_001233,Song 1234,Artist D,19,196910,0,0.8665938321480992,0.9417979081302291,11,-3.503933770946695,0,0.229047881075566,0.2435617852049458,0.03820106676311262,0.14688093250062603,0.6786960924401608,157.85370216669395,4,0
track_001234,Song 1235,Artist E,9,261320,1,0.5656848910433838,0.40009361851588804,9,-13.265565665874842,1,0.03510514325743414,0.0556563659493212,0.1247035732684773,0.04475980716195805,0.4808624892715947,83.31549249397648,4,0
track_001235,Song 1236,Artist A,19,245496,0,0.7372396241273814,0.5067403279311855,10,-9.69461269909101,0,0.048027986040922024,0.3073715057002311,0.021239696375297854,0.24886738829127691,0.6268321353373553,95.66307886925182,4,0
track_001236,Song 1237,Artist H,17,141058,0,0.8426712326856519,0.8457199369191855,4,-9.102883983078435,0,0.28976245349120455,0.047728368174562684,0.25652085058667495,0.14220903040264987,0.43879250072053794,61.0850841211807,4,0
track_001237,Song 1238,Artist D,69,158872,0,0.5920456355535926,0.8069258136392902,7,-13.535304626307767,1,0.07883569982499354,0.294897250982928,0.08578131044390576,0.11589959446011139,0.3111204260388935,136.60789505663857,3,0
track_001238,Song 1239,Artist G,27,188917,0,0.6518433551643664,0.6687835647558577,4,-7.283243491189014,1,0.09950413686190074,0.16367865935290826,0.09744146950977053,0.09239713714942846,0.451047600538505,132.66997643550638,4,0
track_001239,Song 1240,Artist A,17,271343,0,0.7227904979287618,0.27131890736588027,11,-10.50991814958078,0,0.1665952248120678,0.30832566919279153,0.10382872255845431,0.3761747035485405,0.39218057442307785,184.9317857515486,4,0
track_001240,Song 1241,Artist E,12,212799,1,0.8850578447036437,0.784786065853293,5,-14.018887579799276,1,0.010781720135825209,0.06260047648779304,0.14171950872652703,0.13295222853511113,0.4179604110128683,190.57019448430776,4,0
track_001241,Song 1242,Artist J,13,206624,0,0.6110021453187507,0.9007397137598967,4,-11.29747502464489,0,0.08357145373217251,0.4156934056724769,0.2872870717406581,0.35182104345675014,0.36070903216379074,60.25820436855383,4,0
track_001242,Song 1243,Artist G,13,186760,1,0.8435989486694976,0.4461877391375104,5,-4.601232753364643,0,0.006416482691384297,0.44571921734594416,0.21711636027710787,0.012308580278844412,0.32114331682644937,181.6042629245141,4,0
track_001243,Song 1244,Artist F,19,260813,0,0.593395754867073,0.43603168354815014,2,-5.95403905814684,0,0.06840116826711386,0.25363152977670844,0.051380424232639554,0.4668361329284483,0.3284704215456539,78.04360412549097,4,0
track_001244,Song 1245,Artist J,5,177304,0,0.8213732334495161,0.7747629804157898,5,-8.662330487396906,1,0.23495932600508004,0.21887746486390977,0.29189076200323755,0.22577125519398544,0.5908113494318121,68.02686643115146,4,0
track_001245,Song 1246,Artist G,42,238778,0,0.6645377723860606,0.9494205116587915,11,-13.937477908782213,1,0.18476463325628176,0.5683095333396017,0.02262676658285608,0.06972805812349003,0.44161267479539906,92.63012103387604,4,0
track_001246,Song 1247,Artist A,79,253206,0,0.5856755347433295,0.839506659301912,11,-6.489433640343911,0,0.10286361714721634,0.2845300132648774,0.004911715896342396,0.06470595451608775,0.34744797653322873,115.99395534249996,5,1
track_001247,Song 1248,Artist J,35,192799,1,0.4981562003538618,0.584946381259971,7,-14.871991071656748,0,0.09493137210642542,0.24213680838753368,0.0074136053531593,0.2804111995105972,0.652417054417677,190.77005566693077,4,0
track_001248,Song 1249,Artist B,13,283806,0,0.862941537786895,0.5084572825007315,7,-10.825769328693367,0,0.2931500807766798,0.2794390152123692,0.08542329131096646,0.18432324809512085,0.3546746809320113,128.31335746614803,5,0
track_001249,Song 1250,Artist D,45,195036,0,0.6970804812595545,0.7927877374455917,2,-14.401722824601118,0,0.13478611558777476,0.39491687823858895,0.014430362913335517,0.058461921473322194,0.44235681744252325,139.77858657260293,4,0
track_001250,Song 1251,Artist F,8,281341,0,0.8961838366536414,0.5666604319158631,9,-6.731796379405399,0,0.22035028713940807,0.19622857181043782,0.04900654175187871,0.22231720452635653,0.7502747817907035,167.9613765180163,4,0
track_001251,Song 1252,Artist I,79,207957,1,0.650940262696406,0.5245392606736966,7,-8.064093522121347,0,0.08691596931746416,0.3100012693038003,0.08577687221786248,0.09794303198173372,0.31495219636651317,175.06670328303557,4,1
track_001252,Song 1253,Artist B,12,167404,0,0.8856781927486397,0.8152650597135466,0,-5.469193372231016,0,0.1653871913091731,0.05882130464695159,0.08044241906178679,0.3807386734363613,0.27493884265365,173.5311264142361,4,0
track_001253,Song 1254,Artist A,88,223870,0,0.9555197181931868,0.5383724832937327,7,-7.242513380672143,0,0.40995912078571867,0.6356301484405823,0.013315464958084564,0.05995628614000607,0.6565997741404368,185.65490730389286,4,1
track_001254,Song 1255,Artist J,13,253074,1,0.6981761963968276,0.3890426198904262,4,-9.531634187543267,1,0.23780006199514336,0.3389870586325322,0.2228721702833415,0.20124300541874396,0.5297495442276684,141.12104234638474,4,0
track_001255,Song 1256,Artist H,29,207787,1,0.5636413922214726,0.924376755388288,7,-14.157270508882991,0,0.07793502197942673,0.05756717428601165,0.19272716235727652,0.1488357507422584,0.3105290410221829,162.8482239406054,4,0
track_001256,Song 1257,Artist D,28,239492,1,0.8245642338077678,0.9059846063555779,10,-13.169186024868146,1,0.028325215496107805,0.2207362123366445,0.056459709809597726,0.154349749490058,0.5737182680539422,77.82203305853803,4,0
track_001257,Song 1258,Artist D,8,154121,0,0.5647298076969864,0.460941531340447,10,-8.173569555825841,0,0.018906682555194874,0.17318274661235178,0.09144705160026614,0.38446002931425083,0.5015767674214192,64.14361824969825,5,0
track_001258,Song 1259,Artist G,17,246530,0,0.8735790299525099,0.7365942900447958,3,-13.484444376209309,1,0.07167261711788779,0.24416779842817657,0.09490575053825004,0.09982697379131186,0.1776565374506318,66.74084950359585,4,0
track_001259,Song 1260,Artist G,25,203404,0,0.6328044651513225,0.9305682616022041,6,-4.3337653359579065,0,0.08111765416597067,0.30024474101474413,0.025621198133944364,0.0955205859088701,0.5955279045174285,188.9979639924501,4,0
track_001260,Song 1261,Artist E,3,247422,0,0.8590309834415266,0.9911518450271539,7,-6.4089271809345085,1,0.11263413424779496,0.5512268112084583,0.005259513629806729,0.24994851726423736,0.3512213849192529,158.24566646613033,4,0
track_001261,Song 1262,Artist I,28,242618,1,0.8709891494228803,0.901099979189428,4,-8.3867927278851,1,0.09842329734944306,0.46856166893481244,0.07060102296075654,0.22426902163310775,0.7959600796374628,110.02092126296753,4,0
track_001262,Song 1263,Artist A,22,274672,0,0.7293974250093147,0.7711933326512581,9,-6.33544712182038,0,0.015115451314878943,0.3224503236958477,0.02297431464663598,0.1258401299273423,0.26730466670282643,182.08054785206568,4,0
track_001263,Song 1264,Artist B,85,247169,1,0.6750918570890457,0.6768132635478815,0,-11.917917650552322,0,0.003741894160285036,0.4375878859758559,0.018318806102938283,0.20396700947484264,0.3468893446820604,168.97192127936256,3,1
track_001264,Song 1265,Artist B,34,207762,1,0.4820738564278417,0.6932729931415647,8,-5.996889526335899,0,0.06019552983022332,0.5397600004830551,0.2966858847832547,0.15684905385410386,0.6140474052973223,180.8388215127418,4,0
track_001265,Song 1266,Artist C,16,161417,0,0.7010020790441666,0.7118769515674284,2,-10.775530503193854,0,0.04466905069337632,0.5820898494367066,0.04002644025497441,0.16633508071174488,0.587462011605137,196.44715554426878,4,0
track_001266,Song 1267,Artist A,26,125635,1,0.5777201617766919,0.8354058092107497,4,-8.635207262151873,1,0.032127676016615876,0.2791078440508207,0.03488745847129227,0.34935379332841016,0.3651859882446048,118.05222397023297,4,0
track_001267,Song 1268,Artist G,17,194975,0,0.7195058452663122,0.7549637939793111,5,-9.017448803836313,0,0.038476724228376065,0.3864923352104757,0.26142673538392847,0.020329427077548753,0.5206364041681586,167.06902438340722,4,0
track_001268,Song 1269,Artist F,32,185035,0,0.7227564661025172,0.5902799346794539,6,-5.023172455106428,0,0.08766494150810078,0.049332245092667926,0.006792667580362586,0.10905805780239967,0.6649045614422444,79.60854570069256,4,0
track_001269,Song 1270,Artist H,91,176808,0,0.8816679941837163,0.390218910104814,3,-13.148744191559523,1,0.18677103010457832,0.2457827305230729,0.12235686239344135,0.20534808175392297,0.6724196352914383,69.93106512168687,4,1
track_001270,Song 1271,Artist C,44,275024,0,0.6740199850539024,0.8290266940251289,11,-11.01236930137777,1,0.136605922623098,0.6547283451427036,0.027197504444971828,0.1427131982166942,0.29486193738248473,104.02343265908534,3,0
track_001271,Song 1272,Artist D,26,218972,0,0.6622608383629573,0.4044393749527286,8,-6.6710749743258155,0,0.16221525827750088,0.4281849228101714,0.06573356304579557,0.11318486651112258,0.5473471664443842,102.486869853129,4,0
track_001272,Song 1273,Artist A,88,245212,0,0.5410506812057918,0.6734872867625837,0,-13.411762897712848,0,0.0705828748555879,0.2778560838825029,0.03226928087291799,0.1107615769561763,0.3192473059163982,173.33631174813178,4,1
track_001273,Song 1274,Artist E,40,147268,1,0.8002314669839807,0.845406629949993,1,-12.98976264134308,0,0.17926906348597899,0.23125404119839965,0.055900712899144535,0.1980380984668185,0.45143504005840907,70.48563584573338,4,0
track_001274,Song 1275,Artist B,17,136285,0,0.8225072931800516,0.47367460063208355,5,-11.28600619323354,0,0.04008420484448402,0.4280859146528149,0.20498307858657136,0.08801553948020083,0.4227931962087434,86.87711638762394,4,0
track_001275,Song 1276,Artist J,10,138961,1,0.7953036318233003,0.8377103774437198,0,-4.399063669112339,0,0.06524030519250223,0.10253535450422588,0.1480117941402969,0.09930182130785702,0.634713159702258,69.6407386869631,4,0
track_001276,Song 1277,Artist J,15,145852,1,0.774357613385609,0.7778391451650135,4,-9.40035659648239,0,0.0019954260663982925,0.15786430115560016,0.0016413781660180855,0.2512113188639704,0.5749385342924875,144.54654192255458,4,0
track_001277,Song 1278,Artist G,25,127131,1,0.8458269537707003,0.8915698274980994,10,-9.488899370226882,1,0.2592836482258141,0.22765794780029855,0.10849210686529673,0.17690996305651066,0.4529158012896643,131.3470574680581,4,0
track_001278,Song 1279,Artist D,9,150580,0,0.8809404915066209,0.5823237672374105,11,-13.996179461993078,0,0.49574607553350974,0.130145446916836,0.009748396974502714,0.06678098440661695,0.6219890144817988,121.64683926293978,4,0
track_001279,Song 1280,Artist C,19,144236,0,0.6795991934375255,0.5027039745975246,0,-3.3799008514936855,1,0.03434869822259364,0.24448419894265289,0.015263226701118345,0.31562826972686364,0.6743962746990783,130.97874390695,4,0
track_001280,Song 1281,Artist A,52,202565,0,0.7547226866942925,0.6997401023397657,9,-12.739513828609898,0,0.037106164994682854,0.5955413859306432,0.031041470918569077,0.6348796633794591,0.5873329305098318,109.35456063688979,4,0
track_001281,Song 1282,Artist D,93,247845,0,0.8645190014403766,0.5990678107428524,10,-10.482732262484532,0,0.21649828697352647,0.5156933690432115,0.2529613293186075,0.1917941558333717,0.4010907118590368,187.2796226937673,4,1
track_001282,Song 1283,Artist I,47,225737,1,0.4523618097795821,0.5221174453680462,7,-4.949351099484016,1,0.0005897244285021532,0.15583865499054345,0.09016492052029344,0.18964320517432087,0.5738658015008373,143.10061708185157,4,0
track_001283,Song 1284,Artist D,32,269058,1,0.20653376817001554,0.7678015872379469,6,-14.087822966811808,1,0.1486697524949182,0.7187938077189465,0.1821591834837777,0.4373879835652758,0.6585657279703285,60.920585079911866,4,0
track_001284,Song 1285,Artist B,16,174888,0,0.7774006273040787,0.6608180465180341,3,-10.742201683257763,0,0.36619861044851554,0.09518184070997425,0.23662138176506603,0.10373031533358379,0.3407564483288384,195.1590690532408,4,0
track_001285,Song 1286,Artist B,27,269874,0,0.5074650213777789,0.9421231162258512,0,-5.643288893627441,0,0.17570817940709624,0.6186853882999921,0.10684244010225576,0.12100245621512958,0.5568876182672384,195.85363960658555,4,0
track_001286,Song 1287,Artist C,89,193513,1,0.910181251561336,0.6858066670002597,4,-13.255396140589683,0,0.08609751985347126,0.4264144520649401,0.13368207855134412,0.08733730815300109,0.6138426943237796,136.22849447193175,4,1
track_001287,Song 1288,Artist F,12,271409,1,0.695673926456962,0.6756765676347384,6,-10.486443592799997,0,0.03270116964466559,0.15084859855863283,0.027945250703373628,0.28055417540352023,0.26718340123771517,98.88939976159685,4,0
track_001288,Song 1289,Artist E,36,130086,1,0.678185849488507,0.5919172317071193,10,-10.134988434104462,0,0.1397299117418093,0.4430427238147475,0.01031736213042002,0.19579836038995385,0.4689207526892616,78.59981682422612,4,0
track_001289,Song 1290,Artist A,84,241755,1,0.5773797210020618,0.6826395814174664,3,-13.872188538675708,0,0.06337306537006887,0.2764738662095759,0.002059278459122436,0.04607119993160937,0.7394339670939132,116.69186715959208,5,1
track_001290,Song 1291,Artist F,94,123879,0,0.860060851875515,0.6991408506383744,4,-10.657171009377494,0,0.26049186540689645,0.27876292033563754,0.20881502873552096,0.11778128696060626,0.5086880663685326,60.085805132738166,4,1
track_001291,Song 1292,Artist I,46,233369,0,0.8606680084482994,0.9607514455316468,9,-6.007841830271829,1,0.09256628600402325,0.391468642272638,0.058317088679650596,0.16695670317623784,0.6006722409955093,129.51449591079722,3,0
track_001292,Song 1293,Artist B,28,149076,0,0.8321965863399622,0.41823967709261345,3,-11.390429897369117,1,0.03924270481233519,0.03742410624535046,0.010205469557569884,0.19065200559340947,0.624000726292442,199.99610063151752,4,0
track_001293,Song 1294,Artist A,17,191035,0,0.7801008697320855,0.9206154209393295,5,-8.932057574185832,1,0.017695883722974422,0.20796820715403164,0.02628721041642087,0.36107189185769895,0.5375351068405514,163.12090583555107,4,0
track_001294,Song 1295,Artist B,17,225363,0,0.8079452891466857,0.6607600393516033,8,-7.715645405840776,1,0.15375434555359915,0.22993054686049702,0.16822961638661613,0.09581087236427464,0.6748495481080431,183.83693298358037,4,0
track_001295,Song 1296,Artist G,87,251625,0,0.7289570142827765,0.6739398411028747,5,-10.383426459481672,1,0.012628659430940714,0.39017063899343923,0.0901718500058246,0.05320535473925643,0.28124990176759684,105.61766537971656,4,1
track_001296,Song 1297,Artist D,10,218453,1,0.8562494092770714,0.3408493128354699,5,-3.8751321969784165,1,0.0932475099080849,0.19912086285476926,0.09054142727956398,0.244354983988588,0.6401738883700452,134.04764261516266,4,0
track_001297,Song 1298,Artist A,20,230884,1,0.634229725989676,0.6352743080635964,1,-5.387523237222307,0,0.11392845157692047,0.5908800648076984,0.0058153222618239535,0.16813290353470384,0.5286140617298339,199.77012182407887,4,0
track_001298,Song 1299,Artist F,7,205694,1,0.9077747343402741,0.8854239742220149,9,-12.686575265290719,0,0.0529740647653084,0.2685644541629098,0.15991221310394738,0.23384699997339214,0.21737922130143603,179.5823923168697,4,0
track_001299,Song 1300,Artist C,30,293448,0,0.6365604283887041,0.6081968429581518,10,-8.477198708457955,1,0.124773475144036,0.21340718974570397,0.23725238998859446,0.1618095439283371,0.46891505425630675,173.7842951229644,4,0
track_001300,Song 1301,Artist J,16,219039,0,0.585349909072828,0.8788081360814296,4,-12.277515972556152,1,0.12104576406088048,0.11768289886275259,0.19707492093216317,0.03979615958177385,0.7505468675328152,104.16499892980147,4,0
track_001301,Song 1302,Artist I,42,223140,0,0.7404673984555631,0.91405787982197,4,-10.407885993718326,0,0.054798255411945544,0.2706255995777727,0.019569868591175942,0.21653228354663695,0.5609524562623689,108.23111394705123,4,0
track_001302,Song 1303,Artist C,6,227318,1,0.5685538644475441,0.7475037595286512,10,-7.7655727671993775,1,0.197980624741288,0.6163508166461354,0.05396346603151805,0.22075971373354442,0.5936042896993869,63.5064131883845,4,0
track_001303,Song 1304,Artist E,29,156417,1,0.839598890964152,0.9311412570503742,9,-12.90140825707185,0,0.023649086265032183,0.29162537040457187,0.0449119834932561,0.09081368464443419,0.5298274264264609,170.87250646237484,4,0
track_001304,Song 1305,Artist J,18,172723,0,0.3897524154297638,0.6701269073091325,11,-13.353389194360028,1,8.813266918674314e-06,0.2627411878625424,0.06372142749370095,0.11550975434022002,0.26249351728919124,133.6384620014659,4,0
track_001305,Song 1306,Artist J,33,201141,1,0.26931076652201247,0.8825881452679164,1,-7.967862196083233,1,0.2668397141580145,0.13470990299815833,0.19692062160796614,0.012405581428261722,0.7677396583076799,116.9230004439581,4,0
track_001306,Song 1307,Artist A,93,180941,0,0.42935272536223523,0.7861798818102098,1,-3.6527468959391243,1,0.270892271827383,0.20104752100274215,0.2275421316689572,0.046174894602500814,0.587259182620166,146.85470463165385,4,1
track_001307,Song 1308,Artist B,11,230623,0,0.5154830868878043,0.8712449231204346,1,-9.017009322785006,1,0.1936230007384087,0.09838160489637073,0.23281956265755033,0.264703214578209,0.7789847977723752,121.14180423130006,4,0
track_001308,Song 1309,Artist F,8,184578,0,0.7249259067762477,0.6432884766592915,8,-10.269037032506802,0,0.07882446389974175,0.12211169209494073,0.006507717510792567,0.341676906401944,0.6033798910422954,174.11527318108762,4,0
track_001309,Song 1310,Artist F,81,187818,1,0.5663057020066239,0.7108420325327944,5,-14.461816218361209,0,0.06854060701647068,0.044441374079963236,0.07723335984351384,0.09757494345550485,0.6959117762437587,69.46699805612694,4,1
track_001310,Song 1311,Artist F,17,296366,1,0.7915778159430301,0.7492654131446291,0,-14.892259388919516,0,0.1324154730208355,0.42926696164956185,0.07270086305883271,0.1309015801391324,0.6203974143510835,191.29852106057217,4,0
track_001311,Song 1312,Artist A,93,273807,0,0.8936275753080218,0.824800554331766,11,-13.67856571291953,0,0.0251643069954326,0.4853214725527415,0.022321531655679606,0.18151218840244718,0.41738721561080794,73.77289966454674,4,1
track_001312,Song 1313,Artist B,11,205222,1,0.8363909299674096,0.5823333915792206,10,-7.172852092816121,0,0.07682185184758754,0.45747212270671767,0.09319186716405589,0.38058138510546263,0.37905165477473396,139.59639244216714,4,0
track_001313,Song 1314,Artist E,14,279832,1,0.9486276988046453,0.8170955536742672,8,-9.08461653377424,1,0.049742744512488904,0.20869405421619605,0.029018383652781792,0.15163327897822487,0.5236324704528955,160.6144082879761,4,0
track_001314,Song 1315,Artist D,48,122998,0,0.8486981960445004,0.6557742469167277,3,-7.691717723882608,0,0.17007576907078922,0.38611466678966455,0.0525979840395008,0.1836508301980802,0.4003494359406155,126.0563069898551,4,0
track_001315,Song 1316,Artist F,34,285720,0,0.3347354483138611,0.6421949861192051,10,-6.140370352772816,0,0.04888778707413061,0.1756556861850981,0.047502337343910066,0.14542451983698854,0.2804794176622673,127.30385718774507,4,0
track_001316,Song 1317,Artist A,85,254144,0,0.8405933260144944,0.7158785367554762,10,-4.707723998313089,1,0.16532619500602783,0.12284564212748635,0.034803081877137224,0.2471867330858322,0.4522984155716841,73.48144168227809,4,1
track_001317,Song 1318,Artist I,22,278554,0,0.6733386263321633,0.677964611413793,11,-14.913306423665667,0,0.08212103870506636,0.09739044509499076,0.1811154747982757,0.3133036365062247,0.49806388750332753,106.69165825777732,4,0
track_001318,Song 1319,Artist A,93,276192,0,0.7879755113780962,0.8769850923631994,11,-12.403355920295398,0,0.12009485832160864,0.4951934103229583,0.0636106242912565,0.16880459133233447,0.69808164234767,162.5143436012163,4,1
track_001319,Song 1320,Artist B,38,252156,0,0.651962909941465,0.43425712416350154,11,-4.632217760348933,0,0.24027469809667917,0.3460031717393052,0.14942753836945746,0.0898285753194446,0.4364977781810033,64.25304716818194,4,0
track_001320,Song 1321,Artist B,6,249822,1,0.5710583099308869,0.7449693687136104,0,-7.2783804593956765,1,0.14769001000207194,0.3785988631582877,0.1536660613728802,0.12995589699252594,0.4549133629356781,167.51866556514244,4,0
track_001321,Song 1322,Artist C,98,207755,0,0.9484568468131909,0.5889260803167566,5,-9.16723150183198,0,0.27954341320228354,0.16188123867572018,0.08017405263543756,0.14236019236531613,0.5273572471698643,99.10425336009482,4,1
track_001322,Song 1323,Artist E,43,298874,0,0.5173989532790048,0.6195487838016946,8,-14.91044377160431,0,0.01952562789972297,0.08802494169752623,0.3027466444694921,0.16272428861458,0.695027163144416,122.60985390508951,4,0
track_001323,Song 1324,Artist I,44,231466,0,0.9117827785942524,0.6567606355761264,7,-7.487302292403328,0,0.021617646926649827,0.36270076103170484,0.02584134798831052,0.35371272332615394,0.4511049632848438,64.4773285523552,4,0
track_001324,Song 1325,Artist J,5,285050,1,0.810509685567571,0.7020444310754725,11,-10.607913733926946,0,0.02924278100119993,0.10229407649447288,0.031744068064726946,0.10575019601643107,0.3331143471799783,184.35698187906314,4,0
track_001325,Song 1326,Artist E,21,215516,0,0.8967964865676721,0.8154350410234638,4,-6.027805055385851,0,0.29777182797862095,0.1685107797253031,0.018830604966299028,0.3291919846516865,0.6409865361891146,136.59371271671233,4,0
track_001326,Song 1327,Artist B,63,148831,0,0.8451686073855522,0.6076268412036419,4,-10.645325328277542,0,0.20708420373003553,0.15926822657324324,0.07025284241675195,0.27257057437213933,0.8198694712361996,91.19304021008055,4,0
track_001327,Song 1328,Artist F,17,140121,0,0.7595685584205617,0.7101591694162566,2,-12.178277881216225,1,0.18156876852164197,0.10517742199084285,0.18738518803780288,0.22353348794839326,0.6107099201967441,96.55129472814332,4,0
track_001328,Song 1329,Artist D,29,182607,0,0.8371536161146672,0.856618113495882,1,-9.764593305982045,0,0.014913833367643991,0.5853974337682014,0.11904636264984103,0.24735305358769963,0.6484686005164575,198.93929276195,4,0
track_001329,Song 1330,Artist G,35,236720,1,0.9242284141399817,0.7531075410282804,5,-5.376249131093308,0,0.03291384226564293,0.16059342430803303,0.05864699626979677,0.16760069379818107,0.6153157220721536,127.38018525463545,4,0
track_001330,Song 1331,Artist J,56,124570,0,0.8342823124900296,0.7950681733527978,3,-3.5469657436401647,1,0.04505326041176062,0.19421112582030237,0.13899959480396334,0.04030868259767793,0.7898728828268222,83.4673244994028,4,0
track_001331,Song 1332,Artist J,32,144630,1,0.7160195086505121,0.429391085935805,8,-12.261648298503587,1,0.07205912486514213,0.028234409451297356,0.07448208229877148,0.41194979327532333,0.5458738661284668,98.98111846111179,5,0
track_001332,Song 1333,Artist I,26,168339,0,0.8720223999454733,0.9367067299654585,2,-13.141213058900416,0,0.11457329791796467,0.13513014523286734,0.07189401453884095,0.29263971408709455,0.503424161824196,135.26667486122824,3,0
track_001333,Song 1334,Artist A,93,200982,0,0.5490052594039276,0.6821157838166938,10,-7.927140782249381,1,0.016220988825457115,0.33693213586819437,0.0016917784746253747,0.19853771411775545,0.5152756639525441,168.4173704975217,4,1
track_001334,Song 1335,Artist A,13,235781,0,0.5929297069249326,0.7083767460905516,9,-13.435901840925965,0,0.1396714582204981,0.19312391954715427,0.011932035850446894,0.1052852584076014,0.6769937453432973,64.68061640953597,4,0
track_001335,Song 1336,Artist D,16,264103,0,0.6964993254790471,0.5645688384196851,0,-6.548912793674193,1,0.015245807934401527,0.2607240821297755,0.033425228615703226,0.3671617727884459,0.7663188473468793,144.86991658204005,4,0
track_001336,Song 1337,Artist J,91,215969,1,0.6767009598061289,0.5652738653902099,11,-5.90794789058134,0,0.04210488397197866,0.025422388778429825,0.05342329832282421,0.05161620636171882,0.5289503012454355,136.1598686447262,4,1
track_001337,Song 1338,Artist A,4,172492,1,0.7690239432773139,0.5425572251988691,7,-8.427365144140754,0,0.04706626315635574,0.19726831984283758,0.1375129743779705,0.46409373012727273,0.5684750594014042,171.2255311558861,4,0
track_001338,Song 1339,Artist J,27,149854,0,0.766143503347099,0.7221968872751188,7,-8.919065041945348,1,0.06397188919476136,0.3152375324319938,0.20944577316682134,0.45676473104003174,0.42354869041952453,116.23854113067759,4,0
track_001339,Song 1340,Artist C,12,186156,0,0.8446590643370534,0.8853104268126081,9,-10.032725832570486,1,0.03431421931666069,0.30712923348136656,0.19337018272095208,0.48457145309661925,0.33470542016487104,197.16977582959274,4,0
track_001340,Song 1341,Artist J,16,252046,0,0.5353532855569408,0.7696168442930416,8,-8.643603202080042,1,0.11698039320160578,0.1133430969697952,0.042935113172516526,0.31682602593378817,0.6530283332127796,151.5912745086346,4,0
track_001341,Song 1342,Artist I,24,194453,0,0.6816764247684564,0.5244533744925852,2,-6.2753284096159945,0,0.1212692477451323,0.47353285660264705,0.16714426021192663,0.3539661513769745,0.407312487155792,98.50333621133741,4,0
track_001342,Song 1343,Artist F,18,240913,0,0.8828813377962328,0.9152315373338434,1,-6.750981715265752,0,0.017442484705235736,0.23489872924983712,0.12362608614513754,0.42675619993520614,0.49728716000807627,147.43395635435166,4,0
track_001343,Song 1344,Artist C,34,215830,0,0.8109638802028636,0.7722647859849726,8,-9.496649097316174,0,0.09744341787653256,0.23013794577116942,0.012966518233239901,0.14654053839870607,0.41476563705983555,73.57273723518196,4,0
track_001344,Song 1345,Artist D,83,282806,0,0.6600931583631298,0.9326348925665421,0,-9.016534949420139,0,0.05371039014287119,0.24305280299192328,0.02943858988079775,0.354242887812387,0.6284350611442711,85.4025463080227,4,1
track_001345,Song 1346,Artist I,7,276865,1,0.9254538490614646,0.3745284762927073,3,-9.108344428445639,0,0.0050290220248330715,0.11486831520104294,0.06478455712813928,0.5977127578614267,0.6457476770428355,114.01702946612959,4,0
track_001346,Song 1347,Artist J,35,136767,1,0.6737181221395092,0.7120153507678492,8,-14.636479713760746,0,0.1313997006792358,0.4341084102935213,0.025264181275954253,0.24561967782181834,0.5635937351816352,135.50925223495267,3,0
track_001347,Song 1348,Artist A,14,221733,0,0.6994714187165592,0.8127323489872115,11,-9.908294374750037,0,0.016167269835480388,0.349014256704808,0.11435382179812145,0.02058323795453076,0.4568348448360365,106.31087576026806,4,0
track_001348,Song 1349,Artist F,18,175919,0,0.760215131637473,0.6141516481991458,5,-8.665691113197084,0,0.06835918671027415,0.36736158768197064,0.006978865942155772,0.2303919774729177,0.7392696924053925,85.92956387880537,4,0
track_001349,Song 1350,Artist I,18,160533,0,0.6902686813255102,0.9591895507462205,7,-13.458665493783077,1,0.10129470036348878,0.29670087161490966,0.04350639025378557,0.14432677671603023,0.3929991315690903,170.91736215315655,4,0
track_001350,Song 1351,Artist F,24,267525,0,0.9100007892142017,0.5916742857776357,10,-8.039532987418154,0,0.1379903270623025,0.5534218219463622,0.07963935050066812,0.16512848021317775,0.6600277902327973,63.14900857331751,4,0
track_001351,Song 1352,Artist E,20,278978,1,0.4438060645831418,0.6348874580055299,4,-7.034293988359009,0,0.01741760278332526,0.5743689022296882,0.26661564093739565,0.38150186095259636,0.2092179293811971,132.57969709358804,4,0
track_001352,Song 1353,Artist J,18,184042,1,0.31696838779912295,0.7050053939051828,2,-12.701689985914129,0,0.06440129897102323,0.39270977181542194,0.1938888610559171,0.0361994074697755,0.3321997270109057,116.11330036777957,4,0
track_001353,Song 1354,Artist I,10,261791,0,0.5369565708578898,0.7799539524091752,10,-6.408576240549149,0,0.03205129263862939,0.5751217024152233,0.35270186693150585,0.06712400571337204,0.2812830802181381,163.56529553837953,4,0
track_001354,Song 1355,Artist E,40,260288,1,0.8230225665617356,0.8859676843016675,9,-5.122623338921594,0,0.04809440832218479,0.2666892734238965,0.09523511078563332,0.35032317754447195,0.7150841963969862,89.24456167730371,4,0
track_001355,Song 1356,Artist G,23,228686,1,0.8436205293570883,0.9103527621015227,8,-10.061910434057395,1,0.11226617152328058,0.329062464765112,0.09903452757275585,0.05388664756802588,0.5137822950872303,169.61696854558704,4,0
track_001356,Song 1357,Artist J,28,163815,0,0.669470608093564,0.7653461748402227,10,-6.236020261466782,0,0.007232755180652616,0.4619205145485832,0.10911996678069752,0.12999658489263458,0.5227305961476197,182.28057423216256,4,0
track_001357,Song 1358,Artist D,19,166573,0,0.48612366447362687,0.7724431816491707,8,-4.263422066212762,0,0.12210297860026136,0.583536677081111,0.2144374836903246,0.2432097610543244,0.7005436510045917,71.2829817586398,3,0
track_001358,Song 1359,Artist I,86,141959,0,0.8799572420079756,0.9889338256085689,0,-6.731020941160571,0,0.009395879470323498,0.14294163967975293,0.07315789849198502,0.2814399809174102,0.4576356834874655,85.34445365434071,4,1
track_001359,Song 1360,Artist J,83,232446,0,0.49531159920725115,0.9028888552844426,10,-5.656998337783854,1,0.046994568091032765,0.41372586994053523,0.21158217514596744,0.20985899182635423,0.4293498884599016,102.51041751354579,4,1
track_001360,Song 1361,Artist I,90,261316,0,0.8619346016779724,0.8225314267283077,11,-7.391162160160459,1,0.15514403177898878,0.15428558194954936,0.011751898818409112,0.33786654537762556,0.5059677086086808,197.66952935873013,4,1
track_001361,Song 1362,Artist A,31,269720,0,0.4953260179835584,0.9275905574632299,5,-8.95397355119545,0,0.16758558060636905,0.20455903651068227,0.051262898409774424,0.06714103638249697,0.3901912739293236,66.52620707839448,4,0
track_001362,Song 1363,Artist B,20,165785,0,0.7216940242549965,0.46772460176941943,1,-3.681097635132419,1,0.014198822350793925,0.36324720404969,0.013197699061208441,0.27516584757643475,0.5062393038846486,191.7494423484686,4,0
track_001363,Song 1364,Artist B,35,281941,1,0.6978029635411224,0.575216302203195,6,-12.97551626310603,1,0.023171494250875363,0.09183290415860808,0.05808223421368513,0.40668833612680094,0.35880133243932927,114.3637500666207,4,0
track_001364,Song 1365,Artist G,37,199941,1,0.7558827938026387,0.8174835981274492,11,-12.287061897251641,0,0.09220367644516395,0.24386386153198095,0.011778042305597498,0.1255628373574917,0.7203217607476431,81.26073752857982,4,0
track_001365,Song 1366,Artist D,95,168260,0,0.9029088949157447,0.739238714607559,1,-11.03502634856903,0,0.07170730624283442,0.10603426641110796,0.14992116275792233,0.21029014477267458,0.4525812295830344,185.8278927919754,4,1
track_001366,Song 1367,Artist A,87,134628,0,0.6012369452851112,0.8805701249824149,2,-11.70073530422505,1,0.07352780408460262,0.5373841727438612,0.2967806230041093,0.27047570228909945,0.4112893374386264,132.2850166558024,4,1
track_001367,Song 1368,Artist D,10,209102,0,0.8425218616365112,0.4788483889481035,9,-9.697913333135052,1,0.30740253949136015,0.1611707916388594,0.12974923525366203,0.19756491280759655,0.45046956866252164,94.46800738950863,4,0
track_001368,Song 1369,Artist F,85,246121,0,0.6166515214457821,0.778161441057056,9,-10.012386876571576,0,0.11823181657533417,0.1584613337300307,0.33192311547488484,0.2881338819455558,0.2325433632963523,174.87506341801782,4,1
track_001369,Song 1370,Artist D,45,232885,1,0.8622377261883787,0.8561764141840189,9,-8.001152353653575,0,0.08899725190621458,0.33254204339835114,0.2898350715622165,0.13261902888748509,0.28100125853506996,103.96365535838062,4,0
track_001370,Song 1371,Artist H,31,233174,0,0.65362537694892,0.8254465431597211,4,-6.707635956815006,1,0.30979429715897827,0.3379063805677481,0.04335969599106857,0.2670740050135571,0.3401655005536327,60.76639079771912,4,0
track_001371,Song 1372,Artist G,52,242453,0,0.8223559707659609,0.9237004972538188,5,-10.384284819430807,0,0.06427120211123456,0.4012250720542283,0.01039015245767468,0.010481134059299594,0.3586360916155519,138.78270946181902,4,0
track_001372,Song 1373,Artist H,91,233316,0,0.6880991243033391,0.964130953060439,6,-5.61893663701397,0,0.059820635119565584,0.18553110160203184,0.2492607749445037,0.26973345959884343,0.5158667759381333,123.14335044695306,4,1
track_001373,Song 1374,Artist H,30,277720,0,0.685678474381778,0.573811119190753,9,-3.963907891996259,0,0.012148372536996068,0.12933369637694184,0.04021376775220295,0.034435186726906444,0.4479570335936465,194.68223677815112,3,0
track_001374,Song 1375,Artist B,86,245305,1,0.7883624835339299,0.5521000016430541,4,-4.051162515903654,1,0.16271294108935672,0.060466131956537765,0.004641814195078534,0.3067830880848775,0.427416650345687,118.95756623659538,4,1
track_001375,Song 1376,Artist H,93,173709,0,0.8372252116375648,0.6629862175170765,10,-8.236026231650722,1,0.02717771528797697,0.17644995220465878,0.07929772015098112,0.20618487006619723,0.6205469429043976,145.01802222239326,4,1
track_001376,Song 1377,Artist C,32,140948,0,0.572497079049021,0.6189372425773512,0,-11.549266931991287,1,0.024459863463972643,0.802501507702178,0.07840000252889835,0.21106094549606638,0.5378069144179123,133.41697261963662,4,0
track_001377,Song 1378,Artist H,29,258721,0,0.5457948082647726,0.7451920097120315,6,-4.89114686370057,0,0.04246760053807248,0.07293982936829947,0.07377782040301094,0.14162618636520705,0.681356317518077,190.5633917743473,4,0
track_001378,Song 1379,Artist F,10,131809,1,0.811125372557312,0.8482774956061929,11,-12.250329534798247,1,0.04600359401409178,0.46102193519571044,0.06022080228670388,0.32606065580400084,0.5431839936368008,148.27440595890255,4,0
track_001379,Song 1380,Artist A,36,295721,1,0.9003520077096541,0.9170945722129875,0,-7.454332778478902,1,0.12371676867231293,0.33469718117887565,0.05898009464529205,0.32373336758560456,0.4396130403405079,73.88415749750112,4,0
track_001380,Song 1381,Artist B,8,253606,0,0.7614553015390199,0.6503480346239003,5,-4.285208488196652,0,0.19787782793942127,0.10074863366249999,0.02351039500432473,0.226469407888611,0.3795024870919705,143.63340886403475,4,0
track_001381,Song 1382,Artist G,6,196438,1,0.862348305005307,0.8162157991250325,4,-3.6866258816358286,1,0.11887459588743957,0.045583286139946055,0.018302535598371212,0.2087780196576594,0.493473227018656,135.55641619548223,5,0
track_001382,Song 1383,Artist G,39,162485,1,0.8264019516259242,0.7515536517296207,3,-12.626033939510654,1,0.24583659535059776,0.20666032856490185,0.18038141806091182,0.1415537885224843,0.3153394817285373,104.2121865920733,4,0
track_001383,Song 1384,Artist J,22,276772,0,0.7932118174177807,0.6561284742809255,9,-10.91690400482948,1,0.06441397572660437,0.4320443964921337,0.058613859567842326,0.057045255530907314,0.7197509187837434,110.7217067701771,4,0
track_001384,Song 1385,Artist C,18,157232,0,0.5019257909173958,0.8697070204959862,0,-11.126957403000981,0,0.19254890314097173,0.4964987884634397,0.0018133900609655553,0.0993068598862065,0.25476121393557644,170.18307348381632,4,0
track_001385,Song 1386,Artist H,11,177172,1,0.8156634408828123,0.7521635466603231,7,-7.744524240474679,0,0.23256731392551894,0.4804475850161382,0.062193435802601435,0.3371276661521439,0.8567511115355557,132.2552926179826,4,0
track_001386,Song 1387,Artist C,54,219067,0,0.7503711437861622,0.8870680464754817,5,-9.98565242588369,0,0.046957405004355725,0.12621201971975388,0.05934347189029611,0.0036614192819049134,0.45550192052174276,147.47797974734607,4,0
track_001387,Song 1388,Artist D,24,270851,0,0.9438690926013921,0.7856204674854291,10,-6.153535434831332,0,0.007430119386003484,0.45884456661408946,0.06251214558516033,0.08969728813835356,0.556185863815485,170.67301138488455,4,0
track_001388,Song 1389,Artist F,77,163574,0,0.7657088463971766,0.35319349203494327,2,-11.260682351677392,0,0.10979786811902399,0.23038868736394572,0.031480981397033106,0.35519995477873584,0.374577769862096,95.5194176652987,4,1
track_001389,Song 1390,Artist F,10,213960,1,0.6624315747230289,0.8788687836696558,1,-12.885963007104005,0,0.04704786396364818,0.410003673221782,0.05125989676869162,0.4576977356848904,0.6631417580950809,87.86457163583917,4,0
track_001390,Song 1391,Artist A,83,234147,0,0.8773464770510677,0.8469827661167448,10,-4.792399213816097,1,0.24978531137093568,0.035456396727627015,0.09652445626411353,0.09967787676722574,0.7433098299557462,81.27255347660363,4,1
track_001391,Song 1392,Artist D,27,152687,0,0.39859985751162247,0.8830999170243009,2,-4.188980648180207,1,0.05788178235393778,0.5846817104266723,0.0034284974718310876,0.17638951781215187,0.2258842502994481,167.4875803414012,4,0
track_001392,Song 1393,Artist H,23,214165,1,0.6095508968187121,0.8665063046445409,9,-7.766693761283669,0,0.2356588207429128,0.1090953091099988,0.0809689579203242,0.31727249323839835,0.33062273526833297,170.6186997181242,4,0
track_001393,Song 1394,Artist B,91,170000,0,0.4763113257973636,0.8261590651542086,9,-8.3571308246449,0,0.017483527329211167,0.3042180976927117,0.0020806508322532605,0.15833013180929942,0.780642119608457,146.40952016087027,4,1
track_001394,Song 1395,Artist D,48,162876,1,0.5679386582630384,0.8235843878326828,0,-11.865230153733457,1,0.08082809113001045,0.3369486912780859,0.002841026355530007,0.10397688082337571,0.7686330246539373,134.96605609766834,4,0
track_001395,Song 1396,Artist A,43,145365,0,0.5243934773859017,0.8788124428392334,9,-10.634761509274218,1,0.27476090565283673,0.40189350771705856,0.1675574858886399,0.07158562532683031,0.26033384147643296,144.01159280997075,4,0
track_001396,Song 1397,Artist H,26,243229,0,0.6998251953429874,0.8892849853914475,8,-10.419615351921529,0,0.036653231471961555,0.22724722391160654,0.10139124327637464,0.055698478462621125,0.3102333031471006,101.6480751544405,4,0
track_001397,Song 1398,Artist G,13,218097,1,0.7601026332395631,0.5329117549126698,7,-14.828626024832054,0,0.348141624736348,0.06576948681539847,0.06062012279574577,0.10036818932025243,0.7099759936181379,164.7074388462898,4,0
track_001398,Song 1399,Artist A,84,264413,0,0.685861305663431,0.9326709093815528,11,-10.609702964969424,1,0.06093170121708428,0.18445821350963967,0.008269154141960316,0.11594043176925592,0.4182562423613635,137.8125612860463,4,1
track_001399,Song 1400,Artist B,27,165812,0,0.746146966475689,0.9085632012608112,1,-6.535756986277866,0,0.04298490743613742,0.4438376648124735,0.009965579964163187,0.2791889347970015,0.3564819054096108,138.12708055597454,4,0
track_001400,Song 1401,Artist C,63,177907,1,0.9254279270572939,0.8940032811240652,2,-9.958857794429749,0,0.1735487264778765,0.14381340519084526,0.059287156103267645,0.21755283332537087,0.8394674561453133,179.9676305828413,4,0
track_001401,Song 1402,Artist C,4,143997,1,0.8818326909827423,0.908681256344377,2,-8.882373517875095,1,0.09736390658297618,0.38119439303862424,0.17031238553525577,0.16143900718947413,0.564103353382199,177.8503549755518,4,0
track_001402,Song 1403,Artist E,2,296680,0,0.44483470892266463,0.6463279988595246,6,-9.877298688726944,1,0.07050256235159276,0.1785050009795832,0.00760536766487648,0.19906963810471487,0.4234342372590568,163.6515714915771,4,0
track_001403,Song 1404,Artist J,94,182104,0,0.6689561921717844,0.7962239773808454,2,-12.232291555396968,1,0.09269331083769818,0.4495323848578794,0.17912194430954692,0.07997357146252225,0.7682838847429754,198.7701412475167,4,1
track_001404,Song 1405,Artist H,16,132467,1,0.8004900496768925,0.7717183774787334,4,-9.728829673872529,1,0.21818717132799934,0.17244750636866346,0.06297355728844517,0.1466438054282158,0.42196876958900786,128.61447202743165,4,0
track_001405,Song 1406,Artist D,50,275562,0,0.7938704887635493,0.8321874839930672,8,-5.96385364762831,1,0.2574643847784817,0.1249614333970986,0.04039681993257424,0.16625355067071232,0.5100134849295532,99.39480686907217,4,0
track_001406,Song 1407,Artist J,39,122590,0,0.7187797889302312,0.8268326909215241,10,-12.90379091244613,1,0.008333043952624348,0.13635812525975907,0.16585211677161835,0.19517139900668015,0.780000593441977,175.23545217334743,4,0
track_001407,Song 1408,Artist E,7,222267,0,0.9235705810835152,0.8053473000128907,8,-9.022422538567898,0,0.005813403105000007,0.6843269486647071,0.14092516576568795,0.18498686827809718,0.35310759205539904,85.66279295797727,4,0
track_001408,Song 1409,Artist D,50,127734,0,0.701558630098221,0.7867011651752664,6,-4.22440209266321,1,0.027777428371026886,0.43927509814927257,0.10541348089219518,0.3862281109449443,0.5509546536419614,186.89771090853802,4,0
track_001409,Song 1410,Artist F,39,264892,0,0.6975665215527463,0.5408724153100848,2,-12.491788861953363,0,0.04553325891234388,0.12384312908872848,0.2929350621008708,0.17603477192507622,0.3504464339276918,65.05026397347508,4,0
track_001410,Song 1411,Artist C,12,297895,0,0.841150854851794,0.9703978139864193,4,-11.423045341007175,0,0.07680016287711541,0.3106521335703925,0.042777416872011545,0.061631118158499296,0.4386311125066081,102.49314457801333,3,0
track_001411,Song 1412,Artist A,36,156389,1,0.22622011409679452,0.8272093055426067,5,-14.404308940604174,0,0.008044827056144805,0.26806021117909784,0.03472018084573977,0.09260890724339066,0.17505064621637012,181.64016490583526,4,0
track_001412,Song 1413,Artist J,5,227276,0,0.6774259982769156,0.7165477647525581,7,-9.34761422801583,0,0.024178759489877747,0.38645749830612025,0.21159986994087873,0.15510868172193562,0.4947888058718765,165.10776498769144,4,0
track_001413,Song 1414,Artist A,78,265190,0,0.5841984046491362,0.8795871211638073,5,-3.448876541378434,0,0.010775587811751208,0.3680595948151742,0.04535003306042879,0.11657515353610182,0.6929921320617151,132.8735193219743,4,1
track_001414,Song 1415,Artist I,7,295088,0,0.7070123255715843,0.6783054077431573,8,-13.152214897432456,0,0.06569551109794233,0.6230619037188222,0.023320198976680345,0.03285456644114224,0.5056479432376272,124.52534995594117,4,0
track_001415,Song 1416,Artist I,18,271853,1,0.8129645488664718,0.5842509658797823,2,-6.128705962138042,0,0.11656485814892598,0.40184811990792635,0.047710178623097246,0.14569359471465274,0.46577681851215935,195.00280172368775,4,0
track_001416,Song 1417,Artist A,16,276587,0,0.530217146398349,0.4266997010429248,9,-3.21726387485608,1,0.006883579160885725,0.22296099338524125,0.022615138210085515,0.3182654935293664,0.41518251354419217,76.98261311209991,4,0
track_001417,Song 1418,Artist I,30,243611,0,0.9533329646987596,0.8875013172383251,0,-9.876142778779872,0,0.06625546200834936,0.20855873281883894,0.1368327270379875,0.03886166989181805,0.5823769529557955,140.59309585378716,5,0
track_001418,Song 1419,Artist J,23,242537,0,0.6483123523379349,0.8901242187518965,5,-6.026241219014599,1,0.04387308886741832,0.25090171486035606,0.15353041610368928,0.1698207011108975,0.24810335435232903,157.6175913849103,5,0
track_001419,Song 1420,Artist E,88,194099,1,0.7941969282114307,0.7826322745166243,2,-4.327666138240435,1,0.008087495947237438,0.3439842004733438,0.015333610733612366,0.289377142032554,0.32494074945770285,124.88504940669924,5,1
track_001420,Song 1421,Artist J,22,169240,0,0.9340337165451674,0.5639384401038675,9,-9.62763553119104,1,0.004116809731245955,0.21875351863954873,0.00017689644118451127,0.12047702361203073,0.486714913188294,81.75639897607245,4,0
track_001421,Song 1422,Artist F,23,207091,0,0.7689301214805249,0.5640276799802957,0,-10.971060071941196,1,0.021972014828887103,0.35353171405631545,0.19662397650380814,0.14901300465643189,0.30937710724751927,124.67534710621058,4,0
track_001422,Song 1423,Artist A,11,297281,0,0.6242158293873794,0.6187720931774636,6,-5.205540056606832,1,0.16124156803869907,0.2736705391693573,0.02176622241518319,0.12510353880597436,0.5296519939064465,82.11207427493787,4,0
track_001423,Song 1424,Artist J,3,252624,0,0.6521882008125703,0.6675387243219516,10,-14.525174597738326,1,0.15290190652324998,0.2601883584833594,0.09590453229473059,0.04171763904341488,0.6953981800218655,83.18992338145134,4,0
track_001424,Song 1425,Artist D,10,221917,0,0.607028615425731,0.8679991202627135,11,-8.130565138242,0,0.09154073262212234,0.13193393383593668,0.019280223389563506,0.09651412167306705,0.4139693830308044,173.5184325602175,4,0
track_001425,Song 1426,Artist C,31,276007,1,0.5756757299726524,0.6148854220287461,0,-8.584364621869973,0,0.027997994715740042,0.34381913976918627,0.08548766221940056,0.15202291003322085,0.5351554504881778,126.34502552381585,4,0
track_001426,Song 1427,Artist G,47,260682,0,0.6770598152142565,0.8994927731177625,4,-10.534000649349029,0,0.0356167436248493,0.20821357650385972,0.01888938088986005,0.32240874084527815,0.4632186895186943,178.15473942274767,4,0
track_001427,Song 1428,Artist C,28,299503,1,0.5917405824672833,0.6979619907283553,4,-11.21825616994894,0,0.06943710453226307,0.16003584688653819,0.16043700850333087,0.06088105817062181,0.46182344002401404,97.70498482983457,4,0
track_001428,Song 1429,Artist H,78,274822,1,0.834058501937022,0.9528263288298372,7,-11.166110341023167,1,0.04082493833112286,0.45312470782161435,0.05590837277875457,0.10657249550950595,0.49926213114443446,72.32518396818479,5,1
track_001429,Song 1430,Artist J,11,203698,1,0.6501992522174446,0.5416824582106317,7,-9.959984255887791,1,0.002522611759499368,0.48632333892360524,0.14205220988267223,0.39990085097766304,0.4393400235890273,110.29103430593196,4,0
track_001430,Song 1431,Artist F,3,134770,0,0.5166789115595896,0.8501988655640725,10,-10.24071867135278,1,0.015841941533538233,0.10443441767715443,0.014538063934777513,0.17636898790628402,0.36639567792959,77.50879476097498,4,0
track_001431,Song 1432,Artist J,39,244011,0,0.7369655233747596,0.7035410618745165,6,-10.452267509278858,0,0.002353874344160949,0.4072022831299203,0.1366261466272784,0.031040645551762072,0.5479259611686638,116.49834622503384,4,0
track_001432,Song 1433,Artist D,44,264218,0,0.8429156374149186,0.6291837441871293,1,-9.143831543125415,0,0.23828208454063124,0.10544045413490681,0.1074788616629525,0.24657755826563144,0.49616943096234434,145.85120296275704,4,0
track_001433,Song 1434,Artist D,38,134202,1,0.7800705874703034,0.8467453200416339,6,-4.556411262330956,0,0.037273561250958216,0.38735430774270335,0.10032855038079375,0.31114101474803363,0.30308781171724053,87.94901990491107,4,0
track_001434,Song 1435,Artist J,25,271511,0,0.715283565865618,0.7780536652982317,4,-6.613021498013296,0,0.1845314853707506,0.41557935318705,0.10239418273902381,0.11258194334984824,0.35697083011108355,69.75099875008019,4,0
track_001435,Song 1436,Artist C,22,195604,1,0.6743651354021312,0.7548822652120234,9,-4.480710789136214,0,0.10616134384828427,0.18775209812403926,0.028926173180637657,0.025036987071778535,0.6886080724556982,107.4560544607685,4,0
track_001436,Song 1437,Artist G,20,194383,0,0.7465183627616551,0.9171831225499396,5,-9.172704531437642,1,0.0770382794896457,0.21512286135920358,0.16364612018018748,0.07290761807870469,0.6195063195118098,80.09225868609008,4,0
track_001437,Song 1438,Artist D,97,144180,0,0.8025759429113994,0.5191249960488421,2,-6.299295224713873,0,0.25677345526674344,0.09527741903271077,0.0035900181730537735,0.35141842701418785,0.5226289749392868,166.63595858613147,4,1
track_001438,Song 1439,Artist D,29,189086,0,0.8012388047831311,0.7921217659022471,6,-10.821115479246572,0,0.05728763288573982,0.17007632004303086,0.03550095134977623,0.12768311131457794,0.5507483385348818,84.29073394460588,4,0
track_001439,Song 1440,Artist B,13,152934,0,0.715621271265899,0.8363274929362292,8,-11.25760800440162,1,0.00813395763635027,0.47452797045664796,0.12659291538978126,0.2910492544672752,0.5617271212247459,122.60336796129536,4,0
track_001440,Song 1441,Artist B,84,209262,0,0.7622303502708432,0.8369390362639817,7,-3.123632998334193,0,0.2721656700548116,0.2855177799448824,0.00028725697000365206,0.23470105888276302,0.7771201012601237,198.5729122141258,4,1
track_001441,Song 1442,Artist F,82,255630,0,0.8634184798215124,0.8741975789327368,3,-4.2259731693242895,0,0.025215764506050092,0.19419820574851426,0.008732267867896099,0.0170734433178966,0.7112005530423227,122.67285506696368,4,1
track_001442,Song 1443,Artist F,47,266624,1,0.5713574584232071,0.7194722308661976,6,-6.026935825650995,0,0.18949865162952803,0.2717875490174839,0.045383367549083356,0.4071535362960764,0.6388584583574282,144.3909270943471,4,0
track_001443,Song 1444,Artist E,20,251692,0,0.9241587787152613,0.7498242288829666,9,-5.811199499802576,1,0.33701183663840784,0.235865812083786,0.14001469920962692,0.07963596176238341,0.6130326506212214,186.96256388801186,4,0
track_001444,Song 1445,Artist F,13,243947,0,0.7592825109117904,0.7002549638660119,9,-3.560056760294465,0,0.04916381023486686,0.20276993076252003,0.09310377620466408,0.09160369965419099,0.42979027923423907,146.08430361722725,4,0
track_001445,Song 1446,Artist J,14,260702,1,0.5110772875795424,0.9612978138555459,3,-7.833323809802186,0,0.03295838248580873,0.23356077804378636,0.0025191513827329836,0.1642862063427771,0.3022654443249373,118.73917349424624,4,0
track_001446,Song 1447,Artist C,14,144821,0,0.8364823592669799,0.2415131941005645,2,-13.821475161546584,0,0.0884188704812345,0.11701226352280393,0.022033853859500286,0.12752052993623453,0.17160566667757549,134.7230364005656,4,0
track_001447,Song 1448,Artist G,12,170502,0,0.7684362828594842,0.9005749848736372,7,-11.155923336499805,0,0.11877581122615673,0.31691446897785136,0.024447785582784442,0.1368465794732645,0.5391050720762153,115.2812772715511,4,0
track_001448,Song 1449,Artist F,38,195516,0,0.6470633693599885,0.6162462043292058,5,-13.394266300637218,0,0.008665436062275716,0.3706134488657207,0.14378852397403152,0.18550351274017743,0.6939883749083516,96.57764193958099,4,0
track_001449,Song 1450,Artist F,96,145979,0,0.43642967778895225,0.7730586320378348,1,-8.896524044900461,1,0.1345544678163569,0.035954828784324266,0.2618868371537498,0.03773581714738826,0.37114000770293665,74.52838060417119,4,1
track_001450,Song 1451,Artist I,82,218902,0,0.8823187804940194,0.6680793249629912,9,-4.143468953230016,1,0.03498744679794389,0.4629351493332804,0.07170071071882764,0.18571905386636756,0.45905142074461086,149.56758328965654,4,1
track_001451,Song 1452,Artist I,20,128922,1,0.6443142387542199,0.8588794948534905,10,-12.583846736895998,1,0.0776594147777269,0.24427021699725332,0.17557797158663604,0.13848789181087898,0.4819126965872035,109.86387678561266,4,0
track_001452,Song 1453,Artist E,15,253838,0,0.5097101318664392,0.822826063702548,0,-9.507245607454148,0,0.037768670829445905,0.15455542054672744,0.0615766573868113,0.14077229187145612,0.3439771822567676,194.80182827905955,4,0
track_001453,Song 1454,Artist I,22,271293,0,0.7988700981511264,0.5764871007654688,11,-13.229973659057208,1,0.04139864933050823,0.35016560956357556,0.028330940085855863,0.31678921790228237,0.4899171084184977,78.15125409211038,4,0
track_001454,Song 1455,Artist J,85,197818,0,0.7251174375313263,0.992785367415951,4,-5.046547159193274,0,0.08395274752886639,0.10786002382218461,0.15239334380312555,0.296406539217318,0.4236676920262277,150.48856464157132,3,1
track_001455,Song 1456,Artist H,34,175210,0,0.7753965203581566,0.6959440769146518,9,-10.814269396507877,1,0.35996009280606595,0.39720496760851887,0.018510149766792983,0.3195576890618403,0.2684888953288136,69.45214391970089,4,0
track_001456,Song 1457,Artist F,32,126880,0,0.46140240925053144,0.7623712841013989,9,-5.0345199223742725,0,0.08945021334910433,0.24565604219728876,0.35571722022171115,0.18963020420756457,0.4297549054991522,75.98244050948497,4,0
track_001457,Song 1458,Artist G,86,232024,0,0.9713992347988448,0.7055141656900609,7,-3.8651100766237185,1,0.06558915930147913,0.06607932227542301,0.109042043628818,0.29391882716549084,0.7013722538680978,101.3778288779065,4,1
track_001458,Song 1459,Artist I,16,247430,1,0.8881185176501565,0.2471582472108228,0,-4.352467713933519,1,0.028978389187069204,0.33398854817261014,0.036506746512929115,0.14914001490355422,0.5283560077594565,152.0160838920969,4,0
track_001459,Song 1460,Artist G,55,212297,1,0.391340210756446,0.7087392174703304,3,-9.86731650932262,0,0.16957683904535775,0.23105642804439952,0.056973689383740096,0.1437537924454044,0.7079688013357307,133.89214720520505,4,0
track_001460,Song 1461,Artist B,23,274042,0,0.876043606161742,0.7725785994892252,10,-5.781728254710197,0,0.13295873765731897,0.1595321759408066,0.14688661009896833,0.43627160463679443,0.5856820041063974,67.3267594333144,4,0
track_001461,Song 1462,Artist G,78,165765,0,0.7643331093274713,0.7676407174981804,10,-10.789898610195252,1,0.11265039125992489,0.038185613920702556,0.14515316549111493,0.29006917764663676,0.4435000246364322,127.5295960608937,4,1
track_001462,Song 1463,Artist D,15,177498,0,0.4985326574007804,0.8323485502708196,7,-11.031738871989225,0,0.006464703138629419,0.33148215350465116,0.02086057086563452,0.3878768803630456,0.4334271534126883,188.0340869836536,4,0
track_001463,Song 1464,Artist H,98,269090,0,0.5358193022187904,0.757952838472035,7,-12.61286308718214,1,0.042507981439330184,0.1264285110472094,0.0033480072692685194,0.004432903602374784,0.6892053628188626,169.98306725606932,4,1
track_001464,Song 1465,Artist E,17,230713,1,0.6565096102375112,0.9264084265868874,7,-6.608371738312767,1,0.02775979150254006,0.2029850567386727,0.07989636792512031,0.029127456243785124,0.5449559437415146,122.10502951856289,5,0
track_001465,Song 1466,Artist F,96,182146,0,0.9017381849051785,0.8292896297247186,2,-10.75528543081269,0,0.29617607443601524,0.2923113638757467,0.01644103575805511,0.05003211670057452,0.299378336766192,192.73676296745774,4,1
track_001466,Song 1467,Artist I,18,200912,1,0.6546602008329236,0.9103471534146084,10,-13.38828004232712,0,0.03200553609207899,0.5677554072310728,0.04909853489737318,0.41845679528709695,0.33198081259547346,111.02259695094222,4,0
track_001467,Song 1468,Artist J,14,225894,0,0.752902612974995,0.6090555047098686,9,-3.948825886793985,1,0.08996544227242864,0.21621878951554477,0.05358887434488813,0.19424506566860872,0.40633952457004735,180.0357112698717,4,0
track_001468,Song 1469,Artist A,23,171128,0,0.9652345122627145,0.9239174426335156,1,-11.640917367827399,1,0.032221616280784945,0.23157610577678545,0.16786080251128863,0.1540902080037711,0.4324151837910632,189.92743142965264,4,0
track_001469,Song 1470,Artist J,17,287035,1,0.7888763322300211,0.6694569898461594,11,-13.516605098238868,1,0.13447365844461576,0.3035633499096847,0.04825992659951974,0.41444704149712763,0.6079406401086256,166.38302224192557,4,0
track_001470,Song 1471,Artist J,16,131955,1,0.8511180139977661,0.9519040528879917,1,-7.148137551375353,0,0.07775751985194355,0.5199093110867067,0.05445315025579183,0.017733375445668248,0.5764787915676227,126.46368968126181,4,0
track_001471,Song 1472,Artist C,21,189874,0,0.5746291268969107,0.647781887906309,0,-5.167445423210918,0,0.1413441575851481,0.19847918638373496,0.03982475382032931,0.2789559316252386,0.7089827271635359,134.1306519140999,4,0
track_001472,Song 1473,Artist I,92,187959,0,0.4880510299803094,0.9140094311575659,10,-11.437411882120184,0,0.011575574823205825,0.23755969032117985,0.17310084931812594,0.26469275017876975,0.4195070020629634,156.8927454618406,4,1
track_001473,Song 1474,Artist C,30,168555,1,0.7178681871669608,0.8015948653660184,9,-4.065677652633767,0,0.06935806736337906,0.3201607261726295,0.09034854926536583,0.040901249813725137,0.34267839797469624,195.91605630358882,4,0
track_001474,Song 1475,Artist C,14,266236,0,0.9212931378401096,0.8879674843405561,8,-5.489426533760669,0,0.04990088450247058,0.07996499560143197,0.007018607208362318,0.12327570536229214,0.8285923922870873,163.64143630698788,4,0
track_001475,Song 1476,Artist A,48,138368,1,0.8923653259404655,0.6511162811492192,7,-13.02961196369694,1,0.24278651327396913,0.1659444244663089,0.1050881559147966,0.07822766365900707,0.636169944438076,188.57616715854516,4,0
track_001476,Song 1477,Artist I,90,163327,1,0.5711629878092129,0.7051946225144942,11,-7.00710577116492,0,0.1480664894996781,0.33624164414642743,0.07954768881378456,0.18285915569179811,0.6014747177448366,174.9290622023048,4,1
track_001477,Song 1478,Artist J,23,126714,0,0.31504196554583397,0.7876608530380534,1,-5.250804177051668,1,0.008747432218746987,0.34322278178014104,0.08969529032799847,0.044157700267591034,0.1624589990054932,138.27241784142925,4,0
track_001478,Song 1479,Artist E,49,213052,0,0.719525801330113,0.7322144594441632,7,-8.79686425110981,0,0.002747451407953746,0.14797325457885652,0.024560536730623684,0.0705749356043028,0.48338901367174275,171.39578028449,3,0
track_001479,Song 1480,Artist E,16,203521,0,0.8726450286379728,0.6208714466779924,0,-8.977623808261708,0,0.05886167976772865,0.08031970517361282,0.06641406718130077,0.41150312608882006,0.5886968708674778,134.59295439525064,4,0
track_001480,Song 1481,Artist I,81,176195,0,0.5776558875834066,0.6355907180435794,3,-11.352503999225789,0,0.07294148273666694,0.2939465654502572,0.19810355887894804,0.5891407021054882,0.3572904125237893,93.77177362346688,4,1
track_001481,Song 1482,Artist C,91,188345,0,0.4834681617649145,0.5779963070870209,4,-4.975778719133263,0,0.16690129656510416,0.07425014192511102,0.09091929140714107,0.1654995692652533,0.3703935934730756,170.1767341119786,4,1
track_001482,Song 1483,Artist H,42,143519,0,0.5947788663156526,0.8301666563788166,10,-14.5921782885039,1,0.18934808898503547,0.035057110391773984,0.08763639963733118,0.10669363305302527,0.5399972054583732,194.78278120459376,4,0
track_001483,Song 1484,Artist J,24,280918,0,0.7348192456759798,0.7898070491302985,8,-3.241516177781504,0,0.11802101050732103,0.498611963271877,0.04042420650571858,0.182907093050552,0.32682568453909955,60.977310794878015,4,0
track_001484,Song 1485,Artist A,8,137421,0,0.48012242001932415,0.5392086962806996,3,-14.208602407920377,1,0.04197649917325364,0.26536029941617306,0.19222375024934588,0.015241168770983237,0.22179343126500273,126.83200012391052,4,0
track_001485,Song 1486,Artist G,89,250209,0,0.8779815165636453,0.45580723783739213,0,-14.164336308452372,1,0.2500729203231982,0.29221912479676493,0.06677293077657612,0.015857578103189683,0.2865776368879382,197.76185291714506,5,1
track_001486,Song 1487,Artist G,23,175619,0,0.7114905790921242,0.645835730661739,9,-9.86121410920396,1,0.08435164696302828,0.1583313032412006,0.007603429614173182,0.0890912918404417,0.5447117977536571,170.19326925370711,3,0
track_001487,Song 1488,Artist B,94,292483,1,0.7589517527282431,0.7488562855226402,5,-11.92895721592574,1,0.2579059943923397,0.15842546010442637,0.039177938244709117,0.13594301418786753,0.4532904483374836,198.24769132941975,4,1
track_001488,Song 1489,Artist D,13,276554,0,0.7756024876388823,0.7790612396970468,3,-4.08178092673457,1,0.03720997868741962,0.07221162592821188,0.21014201800000132,0.19227682684520064,0.39898060098845867,148.781447088383,5,0
track_001489,Song 1490,Artist B,58,160431,1,0.793266819165067,0.9298801683185349,7,-11.33737195386625,0,0.09920420022645193,0.6052297718275015,0.14221084569684825,0.16407132901203197,0.4360344364313265,183.724714565129,4,0
track_001490,Song 1491,Artist H,83,299576,1,0.7734981308835515,0.8063842136040437,7,-6.1106279936226855,1,0.022197619649835697,0.34160810072737885,0.02940775185134443,0.06597565731606038,0.5907732034910014,141.6319115012646,4,1
track_001491,Song 1492,Artist I,7,142499,0,0.4826428804478141,0.593130829019776,8,-8.316516102937367,0,0.1971933544844143,0.28228925605298877,0.006340478137033329,0.06910140207647206,0.5606291938839256,63.570354201323326,4,0
track_001492,Song 1493,Artist A,86,255605,0,0.48962962860895787,0.7408252379999801,11,-4.960990637997458,0,0.16194830053330528,0.08498136876081722,0.24209073931019082,0.05032998964342888,0.5681965524912684,180.76794291520116,4,1
track_001493,Song 1494,Artist J,15,123996,0,0.8622381574187203,0.9299327869737201,8,-7.582379859260667,1,0.07817318563500614,0.4170793294538589,0.2514629759344929,0.2365654273243076,0.5221543820905349,72.7256216162509,3,0
track_001494,Song 1495,Artist B,27,177251,0,0.7177465886318738,0.7003397118552711,1,-5.964156004748331,1,0.05656228335341747,0.12257241945696144,0.34940133115519645,0.25899458493771027,0.47642112020538974,149.3825518980069,5,0
track_001495,Song 1496,Artist C,14,160131,1,0.7547764053378643,0.7440432556812101,4,-9.598220336587843,1,0.05640801671386982,0.2843995980149104,0.07118189658445799,0.10912128947859111,0.3430359245552631,126.75142050515353,3,0
track_001496,Song 1497,Artist F,10,154851,0,0.5369708194801965,0.9445778096921477,3,-6.612281053197131,1,0.07413347235608979,0.033040356655293875,0.10646282920254141,0.020271412343288036,0.5428233979999381,81.70861123091647,4,0
track_001497,Song 1498,Artist E,39,295541,1,0.7051300911746118,0.8005183666114546,11,-8.730150672614986,1,0.14532911019658473,0.24292300453609156,0.13120340740395714,0.17692929224101922,0.4167672525289098,85.37943848164657,4,0
track_001498,Song 1499,Artist B,29,156232,0,0.8809976841366999,0.8646811114985375,10,-12.963554501860681,1,0.10503559389112718,0.29355430736473787,0.00463239040622568,0.4218380246742796,0.723157621978717,92.99494015206429,4,0
track_001499,Song 1500,Artist F,84,251024,0,0.6467554231739967,0.7565618882753298,2,-3.155355754383681,1,0.23197332656579428,0.30945623399763783,0.12453300176245373,0.12833541939487633,0.5300247527632548,160.79812133082746,5,1
track_001500,Song 1501,Artist B,17,196593,0,0.896023058499677,0.5065963509573257,0,-7.001214511686334,0,0.04741658556273069,0.14833344928471873,0.06950183030381325,0.26220941994797425,0.35748380014777437,186.99290432791776,4,0
track_001501,Song 1502,Artist D,44,184046,1,0.5362829506757141,0.7833027190538374,8,-10.502079602673824,0,0.18303665118771495,0.43234521581735047,0.1756659970893237,0.09386942263346068,0.2790953902753121,143.1182436791672,4,0
track_001502,Song 1503,Artist B,14,136623,1,0.7751644147135204,0.6305914996193555,11,-8.1570685048631,1,0.048173186751904774,0.2832176598512952,0.0316917545726973,0.17560547565859638,0.5383780109917241,73.54613670398115,4,0
track_001503,Song 1504,Artist E,21,206700,0,0.6747840161253487,0.9128525709963653,1,-3.3795394821569165,0,0.09997140759831884,0.38229954564009005,0.04041051151942488,0.18468865954719788,0.6686663162644751,194.38281302514648,4,0
track_001504,Song 1505,Artist J,16,267222,0,0.5362954985432067,0.5724690452567787,4,-3.146872509001394,1,0.029745275053750537,0.18306795824781102,0.017304346430811524,0.09751870391742459,0.5443822459444972,138.26006283847946,4,0
track_001505,Song 1506,Artist E,15,177999,1,0.558449456945379,0.6235976091749617,4,-12.771138313494268,0,0.03180031325806006,0.24324841696469882,0.025986291113223484,0.21699165349424712,0.37041661749983623,116.95038540845418,4,0
track_001506,Song 1507,Artist F,11,125351,0,0.6708007795305554,0.6717386473775864,6,-6.405063233466413,1,0.08497188813310182,0.5260230723702986,0.05424447131222611,0.11375000635589172,0.45589044519670413,141.9079052173152,4,0
track_001507,Song 1508,Artist F,14,290790,0,0.7604543117403885,0.7497431350872173,1,-13.09924926729442,0,0.04815191730921889,0.3786381023225511,0.07318857002665392,0.2160483543072364,0.5022233120102878,134.15324364833336,5,0
track_001508,Song 1509,Artist B,79,263849,0,0.8858318537886372,0.5376868663992201,2,-6.885578092452604,1,0.005623631509877929,0.2286266716487391,0.032859509656899585,0.028493015642162747,0.551272444464112,119.29922826508589,5,1
track_001509,Song 1510,Artist B,87,133882,0,0.3504873929327205,0.8284768629186382,8,-11.643488068787835,1,0.18193050164116056,0.07463277006449143,0.031268621532196124,0.06917628765459242,0.31292451809899374,115.13319230371188,4,1
track_001510,Song 1511,Artist J,24,215515,0,0.8418107766287707,0.7848793529036071,9,-5.042208231970154,0,0.10990492167705292,0.1553970234004839,0.10392993033461172,0.07307338630146622,0.5158627425607363,177.81126431273134,3,0
track_001511,Song 1512,Artist J,86,197027,0,0.6864735231789355,0.8476621118253888,3,-13.055155767487197,0,0.06626858072367993,0.5958644272836959,0.2517926560802415,0.4710361844019748,0.447286393911869,190.79782484209568,4,1
track_001512,Song 1513,Artist A,23,178694,1,0.9327092757235332,0.771171413438079,4,-14.640713835475488,1,0.12504656176188814,0.2778632869531812,0.01198371028400203,0.05145038723470958,0.5202383594484633,193.78002497553257,4,0
track_001513,Song 1514,Artist F,13,236254,1,0.8610285413110075,0.5471292034482385,11,-9.594669168290558,1,0.14950555779369384,0.20187962666091155,0.006759587453737697,0.19413534886348469,0.12521443564233334,161.44835832076723,4,0
track_001514,Song 1515,Artist A,29,234491,0,0.813672438584928,0.9444744674848868,0,-7.411171324519001,1,0.0016388334000014052,0.12657952346819254,0.018331804995172455,0.2638737644803433,0.511456512829636,94.11647927399969,4,0
track_001515,Song 1516,Artist H,23,232319,0,0.7928288824079206,0.6267738892171977,6,-3.1797555336862846,0,0.11888274543247367,0.2972422889717629,0.23627432941670207,0.3119897769974582,0.2937344362630876,109.85217623685455,4,0
track_001516,Song 1517,Artist G,28,293083,0,0.8324944203350939,0.9701625001644841,9,-12.723840606484082,0,0.1583860805743743,0.30147781330553347,0.12715714320418098,0.09332262378037069,0.7339296185316144,117.09128631716217,4,0
track_001517,Song 1518,Artist A,15,155402,1,0.7991080422859163,0.9509576163689709,1,-7.968215831716613,1,0.053852437483343715,0.5027224666897407,0.2201785739646683,0.27040384703989295,0.4679905224777744,110.07496665294306,4,0
track_001518,Song 1519,Artist I,20,250988,0,0.8865006710992916,0.9317101832356686,8,-7.515979486921729,0,0.018441394578702638,0.053613186322050574,0.16013389386129864,0.1627336596093957,0.7228443494857858,97.73073714194996,4,0
track_001519,Song 1520,Artist C,29,182661,0,0.6485144807522439,0.8951881706465984,0,-3.2270377316223158,0,0.1247235501178206,0.5517618346463217,0.08191462455673845,0.09988410620245944,0.8618240790490863,146.7120521042676,4,0
track_001520,Song 1521,Artist F,24,175900,0,0.9319757664035249,0.5468470963605452,0,-11.68544908014925,1,0.11406673453107553,0.3849377580043871,0.11294009653390943,0.2564384324608996,0.5173494806713518,117.88037690006973,4,0
track_001521,Song 1522,Artist A,99,132626,0,0.6102794062912265,0.8987884191595613,2,-5.467802389263541,0,0.02237985343452129,0.6667635513279757,0.1979603363565433,0.24872211584746748,0.7203639524802695,78.1354387074808,4,1
track_001522,Song 1523,Artist A,32,213621,1,0.8142289705166436,0.6746788835212285,9,-9.415668266746293,1,0.11991077687189595,0.7503716026610588,0.16136462417951808,0.22728916728902657,0.3450111733781965,151.97896317653357,4,0
track_001523,Song 1524,Artist H,22,214333,0,0.8107937779018356,0.8250214637017996,7,-7.535486478401112,1,0.2815077876162544,0.4264358567639778,0.02607666715815992,0.2959445792128541,0.4523118799906223,83.36244885221267,4,0
track_001524,Song 1525,Artist H,27,278747,1,0.8926312274217657,0.6233995168020053,8,-13.52697767073927,0,0.054977091431753056,0.15698713175325157,0.06759631593849258,0.07113687797738759,0.49109532938679323,183.7454441047432,4,0
track_001525,Song 1526,Artist J,4,282302,1,0.6226277500945353,0.9292733415212451,7,-3.190943093045048,0,0.16288566731318455,0.44431078767362703,0.01091169673591207,0.5966144733730313,0.323464058185129,155.19288428296505,4,0
track_001526,Song 1527,Artist F,13,232259,1,0.8054318707977228,0.7232847909787565,5,-4.395972692256155,1,0.0115466133011698,0.3180961686413223,0.24517565408572867,0.20190449482611733,0.17371977107162925,60.50373423459151,4,0
track_001527,Song 1528,Artist E,23,164078,1,0.5472329988982085,0.8086848130754009,11,-7.526458162923133,1,0.4651197293451747,0.2451785872907129,0.032582206590814455,0.19620239621629754,0.6252450304319891,93.84516586832567,3,0
track_001528,Song 1529,Artist J,38,296559,0,0.9489549490284525,0.6339592492644209,6,-14.249342282536528,1,0.02857101047967346,0.48924325224511567,0.0888617231724391,0.16495572336836312,0.5876807329945779,133.38507546173463,4,0
track_001529,Song 1530,Artist H,21,245437,0,0.4384794212728997,0.8688057473618661,9,-12.019269849572199,1,0.08285458897556995,0.055876839939654074,0.16149648515695084,0.11865101967610568,0.6960628438691449,137.948199225141,4,0
track_001530,Song 1531,Artist A,75,258480,0,0.7478222138538402,0.6593240901119571,0,-14.039342392119462,0,0.17584292137927918,0.23511843834101342,0.12407892319716526,0.2543325591500787,0.1682694092747154,183.904476665148,4,1
track_001531,Song 1532,Artist B,21,254872,0,0.7026261843947922,0.46645896094182804,8,-3.870500114253277,1,0.020602066526983945,0.3709181620917199,0.04749259546420408,0.2776113293399454,0.5825005793934241,69.212637839649,4,0
track_001532,Song 1533,Artist A,49,143696,0,0.871685266952186,0.885918284777322,9,-14.803582440449324,0,0.0048832671014095224,0.4459593375918662,0.029348304733705515,0.21290885347917862,0.49242823681687875,153.2182955568968,4,0
track_001533,Song 1534,Artist G,91,149400,0,0.8269972335909068,0.8893424977720127,0,-5.691160483820646,1,0.06626009770252902,0.2747488303234617,0.013523356084126708,0.440820576850927,0.6324728143162558,84.25134781186138,4,1
track_001534,Song 1535,Artist B,17,241559,0,0.782423102705006,0.8844108360171296,1,-11.37838676592684,0,0.3295924494385683,0.2507398694225808,0.1673935604129088,0.08566121580289507,0.6268720852449358,106.9261942050768,4,0
track_001535,Song 1536,Artist J,95,251226,1,0.8645977481697862,0.8239271248702407,5,-13.752511116236743,0,0.02380602483880429,0.17190988324270107,0.016006810159819376,0.28062626008844155,0.46205798059589887,135.85758479306384,4,1
track_001536,Song 1537,Artist G,42,257366,1,0.82828194249333,0.9440053077003974,8,-10.884641262191616,1,0.06675240801508887,0.06312741265178273,0.03800371681473812,0.11318856780465548,0.4827215921748429,173.64423310559835,4,0
track_001537,Song 1538,Artist B,23,146082,0,0.6956394198011839,0.5846421226967268,7,-10.394415875426263,0,0.008854927266915976,0.24390779250066552,0.08122929618992134,0.07381150715784482,0.2687579831886262,113.13893828315159,4,0
track_001538,Song 1539,Artist J,32,152143,0,0.7559834353930253,0.3480566462178734,7,-3.56986553832993,0,0.1518739639228243,0.01634944322622766,0.09157377657612574,0.12042777737764103,0.7470886067817897,92.93376822695464,4,0
track_001539,Song 1540,Artist G,51,132202,0,0.9096428997070893,0.7513172631854793,11,-5.0466398777328845,0,0.013820136890495962,0.06703705073702196,0.05620683285169473,0.09754162601576735,0.6279824404764125,109.51565330792043,4,0
track_001540,Song 1541,Artist C,10,264699,0,0.7519025651048291,0.8068578629229589,10,-3.627553146926317,1,0.14614472716927587,0.18222137425168758,0.06675868879881346,0.2838856062190888,0.5345657700880143,197.7686892618025,4,0
track_001541,Song 1542,Artist J,34,214022,1,0.5720810286712857,0.8317899419505556,5,-13.315182119376454,1,0.09282362725170795,0.17489664008516334,0.06227375936343128,0.0669723924867138,0.1386335072687992,162.5811442975801,4,0
track_001542,Song 1543,Artist J,26,138462,0,0.1375876957329436,0.6076284555929298,8,-8.75226546893651,0,0.0019011580198131186,0.04380461035575763,0.12112823739139039,0.07667799409649301,0.3341291886061097,110.63631765679128,4,0
track_001543,Song 1544,Artist H,46,202273,0,0.812330763880298,0.7765422390009158,1,-11.181257720565988,0,0.14648951114477737,0.39530457351875464,0.01827693834025685,0.4199847460430148,0.4641504831478368,187.8754766892227,4,0
track_001544,Song 1545,Artist H,39,133706,0,0.8220796604955101,0.7456810257232418,2,-5.559220579061549,1,0.0012433323682518678,0.3661500779982434,0.15595855495308625,0.16188846594192802,0.29444101521699745,105.74208322776533,4,0
track_001545,Song 1546,Artist I,21,238960,0,0.6185179835548055,0.6937658692205564,5,-12.517593895388393,0,0.10197017044521278,0.2791023281725159,0.01869486501128795,0.07502209099955456,0.5573000203066172,116.76518133781435,4,0
track_001546,Song 1547,Artist E,6,159927,1,0.7636735934185148,0.5887841742759301,8,-4.222953259910955,0,0.06983895195300656,0.29068888929510805,0.10393026891316283,0.0887128506132779,0.25765039694739766,138.77610832466223,4,0
track_001547,Song 1548,Artist H,91,205151,0,0.8011543455494711,0.9514849994399892,3,-4.113420722190849,0,0.008446878335742742,0.4407689612065402,0.21466885405233274,0.103006367846427,0.37920619251089543,153.02026947152137,4,1
track_001548,Song 1549,Artist B,28,164390,0,0.9764535661275181,0.744525039391089,11,-3.0399907916303412,1,0.030863526080315753,0.3991718924021013,0.3622406694815297,0.31588771733116566,0.4844830356976772,111.607223693703,4,0
track_001549,Song 1550,Artist C,88,214319,0,0.6007005327104333,0.8950881868774702,5,-3.8462388906464184,0,0.11635949044235411,0.3748426929851468,0.03733619801731194,0.38127000992712673,0.37634219053260765,174.93039205188444,4,1
track_001550,Song 1551,Artist B,88,217519,0,0.6466733407281772,0.9053500231122407,7,-14.346078612244266,1,0.3617785005222758,0.12517392059229515,0.23686867047202334,0.33759148226638364,0.3120547501360628,140.67256927154295,4,1
track_001551,Song 1552,Artist H,37,229337,1,0.9060375108961797,0.5605426354383657,7,-4.543619465313821,1,0.06758728345227548,0.26891954632274057,0.08272877678077922,0.25438636603074,0.5386389212598633,62.76975619353841,4,0
track_001552,Song 1553,Artist C,86,286821,0,0.4504280498500174,0.9238589825656237,10,-6.288481197314159,0,0.24059283389278052,0.15894485270843,0.2059304021377768,0.14192918232495474,0.7289165174483074,187.13275094651016,4,1
track_001553,Song 1554,Artist D,11,138773,1,0.7852614786409227,0.7349806838524648,1,-10.276660682696473,0,0.018664149462295884,0.4104580192023978,0.3428581053863324,0.3604820444334373,0.6669061126840407,196.4547506167341,5,0
track_001554,Song 1555,Artist I,5,166969,1,0.8972224367799136,0.8003357461985012,1,-5.356608863892454,0,0.18291153495789197,0.10293234613016382,0.08693336215437221,0.29193125789035645,0.22455070072466862,86.61914583895353,4,0
track_001555,Song 1556,Artist E,15,136838,0,0.49548385008078705,0.4768354325240328,7,-13.25880359394019,1,0.04480300597872652,0.18870934031608524,0.0014626189955515025,0.2144651408301961,0.5019482642125537,106.02554986238748,4,0
track_001556,Song 1557,Artist G,18,186025,1,0.7435488534559535,0.9088426121282889,3,-6.043409926379887,0,0.22881871025056338,0.4000914251691311,0.012636746430289737,0.15742286180849563,0.36457857151049033,195.28817507273212,4,0
track_001557,Song 1558,Artist I,94,150268,0,0.7104868694437189,0.9008827486054413,2,-7.882742369032714,1,0.0008917296253627942,0.23054373662447392,0.000387553254129677,0.13846200059449185,0.510720216358105,193.77975643681268,4,1
track_001558,Song 1559,Artist D,16,230164,0,0.8640576397751725,0.7744198825185078,10,-12.637404000113854,0,0.11724987628021974,0.3695025936174225,0.11713831003100512,0.1552010837790484,0.7006070386268668,186.95074473661316,4,0
track_001559,Song 1560,Artist B,30,246187,0,0.8386922045890326,0.8987591530146388,0,-6.486625157713256,0,0.09865199135709576,0.4916620058474398,0.285658042265966,0.2527544908684658,0.49462910349737294,66.69857982383904,3,0
track_001560,Song 1561,Artist E,38,251101,0,0.35127886921760015,0.7318876128936471,8,-7.709731895539225,1,0.17656393394733821,0.14678528505618074,0.30644944706433747,0.0333352777588915,0.5182376050587052,168.66382895604872,4,0
track_001561,Song 1562,Artist J,9,147702,0,0.7011980720626768,0.6821406415667193,6,-9.426595296484244,0,0.05675466992376785,0.05099499207180904,0.030281844090279994,0.06096925113617355,0.6691487728929448,77.35332567617348,4,0
track_001562,Song 1563,Artist F,29,216683,0,0.79631115588717,0.679693695108124,11,-14.651457791802846,1,0.031582552880299715,0.05884979848279366,0.18696525378770057,0.1252652023188191,0.5285188088310336,142.64992219753202,4,0
track_001563,Song 1564,Artist E,8,143039,1,0.49312217147966847,0.6229660291027932,4,-10.141040838226523,0,0.03200791006954357,0.5258038729224475,0.0075144664371229585,0.12031971476721909,0.35796155068733165,131.78601951580956,4,0
track_001564,Song 1565,Artist I,80,282380,0,0.9075998173847675,0.8819643042549804,7,-8.887926778835197,0,0.07067749880227658,0.1478006069890611,0.072495126131791,0.08951825839121709,0.5876814334074714,166.44888748290893,4,1
track_001565,Song 1566,Artist J,31,191123,0,0.4456033674697172,0.7894214918932365,5,-14.695537278164405,1,0.2974685229976835,0.22570575576267624,0.15453899070693466,0.11485273292338415,0.26093682369896576,88.87743404967571,5,0
track_001566,Song 1567,Artist I,88,216847,1,0.9532867000802092,0.9383143769583132,10,-13.509866712372643,0,0.04038106908597325,0.2427998211180501,0.18935533878920063,0.10368291301367531,0.4502287146065594,93.48471975041542,4,1
track_001567,Song 1568,Artist J,29,120357,1,0.7770785636423548,0.517541489647607,7,-8.024995969148858,1,0.046409840752609094,0.33486292364479686,0.2431544361568276,0.17052501632441588,0.6735046503479395,133.5359412847987,4,0
track_001568,Song 1569,Artist G,90,214176,0,0.9047957180844053,0.6040443946933286,11,-14.98176298524033,0,0.025975577571008157,0.13772822161719678,0.11724019079252491,0.32830847152133746,0.6816424961879498,119.99192828519156,4,1
track_001569,Song 1570,Artist E,20,124447,0,0.692970752997257,0.6737512686281921,7,-4.445129841289107,0,0.03610543098609943,0.42540442620601615,0.08610094942056243,0.12861586733686944,0.5324290879309814,123.08467928174508,4,0
track_001570,Song 1571,Artist G,20,255921,1,0.6054862622562982,0.8689687985263507,8,-6.052883303155728,0,0.021376490921027533,0.13295021103408888,0.16514313224289837,0.13541648823472874,0.5974481972091745,74.36843444329205,4,0
track_001571,Song 1572,Artist B,33,208325,0,0.45643983576680686,0.8724077369302355,9,-13.729374189362122,0,0.034498483566229365,0.4707335675764434,0.09077250337451452,0.2066667554698419,0.5832892836494868,178.28809138321782,4,0
track_001572,Song 1573,Artist G,27,154787,0,0.3482074442290473,0.5289637017406077,8,-11.29964107339866,0,0.029444020366534828,0.256684523896445,0.06815835973890014,0.02854610674661005,0.3647219055298293,191.68168336980582,4,0
track_001573,Song 1574,Artist I,25,187891,0,0.8040982658498355,0.8995551153660495,1,-12.107237776416289,0,0.02093239207314754,0.43741012957178854,0.25577684675326,0.666998551955543,0.7030617573003846,162.8610338495102,4,0
track_001574,Song 1575,Artist I,19,147014,1,0.6759388971805202,0.7720000725410401,4,-3.5339642107684774,0,0.46372001539006136,0.3024535667532689,0.005276784598538051,0.30462858203372895,0.6100063587745339,94.7816927748074,4,0
track_001575,Song 1576,Artist F,24,252099,0,0.6391498610790448,0.8689051555678042,7,-5.807333133434788,0,0.1350485331450546,0.3659472970041016,0.05006236541178938,0.09122497356230545,0.5257385158778636,63.740231721166346,4,0
track_001576,Song 1577,Artist F,35,199317,1,0.655743251817696,0.4839257947582855,11,-10.855306026051814,1,0.114561962929678,0.418833112544204,0.07055240162916084,0.33062161766935966,0.40350117452849865,99.6211000113031,4,0
track_001577,Song 1578,Artist F,7,190325,1,0.4005637679914067,0.46676458823636235,11,-5.370544856643793,0,0.11440184518351813,0.054553479612714485,0.10651347137496213,0.14403695075760353,0.5220784738833747,80.68215335435481,4,0
track_001578,Song 1579,Artist D,56,227716,1,0.6762518135252041,0.9426503008774618,0,-14.693708369043929,1,0.07026156487147384,0.13082348479912573,0.2098340188810654,0.32853248708451266,0.6469384224148246,126.57328301343792,4,0
track_001579,Song 1580,Artist G,10,141643,0,0.8689219198549112,0.7780964622008489,7,-13.562179873177971,0,0.023661785744209955,0.059151072779468926,0.20487514214176752,0.030318182339590983,0.6711315605057908,141.35133664412243,4,0
track_001580,Song 1581,Artist A,24,207893,1,0.6352784816457908,0.9745013664417804,10,-9.403230682734788,0,0.10850143285355139,0.29970773749656515,0.1337712349644911,0.2120958527164639,0.5268740124579767,184.08767183354675,4,0
track_001581,Song 1582,Artist F,32,229002,0,0.8920921205118749,0.7680397860479966,1,-5.478038902353486,0,0.09797844230915251,0.25549917877439793,0.21974628175655542,0.13127842927483188,0.14354695353454977,87.10713994327322,4,0
track_001582,Song 1583,Artist E,3,221958,1,0.2322875546641518,0.23920082421302666,6,-9.639874575356316,1,0.00019914184768181798,0.18846203899902508,0.10166179817589603,0.11172183556869045,0.38833988021163235,150.16696101360895,4,0
track_001583,Song 1584,Artist D,88,208018,1,0.7787857421434351,0.6967120318616545,7,-12.550473446957014,0,0.06072729237205705,0.11984160540885648,0.13017583617766293,0.3521228060532024,0.7094526508896538,62.58942704027553,3,1
track_001584,Song 1585,Artist I,33,196023,1,0.714620968287238,0.9051593968244548,11,-7.265690576918855,1,0.06821258570086007,0.05745197559016768,0.18792084586384902,0.21811576294266155,0.5701869523617845,183.99628490065172,4,0
track_001585,Song 1586,Artist I,38,231539,0,0.685902938324029,0.5243227952596663,2,-6.654950881100447,0,0.1593814629455837,0.3144824903016797,0.10094372105713943,0.1627732274303226,0.5617701382089046,135.95571891208166,4,0
track_001586,Song 1587,Artist I,92,270761,0,0.7325422926967756,0.4958956255991226,0,-5.652449929508551,1,0.06788610036682453,0.36939797554437676,0.053033199885906025,0.44029571223446096,0.3572324415891481,110.05961673557866,4,1
track_001587,Song 1588,Artist A,41,145789,0,0.6759930140813447,0.6181280115334864,8,-8.466390164249491,1,0.03908985578209776,0.6072984633628663,0.1980862773163131,0.1958522133635312,0.7531404265310464,157.13240796025443,3,0
track_001588,Song 1589,Artist I,8,161994,0,0.7174020106205687,0.9467308018795856,10,-10.061322189179016,0,0.02083670653254083,0.30477797143633445,0.08045224564986087,0.21839040594849066,0.5948038382226866,137.62776147196158,4,0
track_001589,Song 1590,Artist D,12,145594,0,0.5045720226989924,0.8523457040351827,5,-7.774030609775484,1,0.4880346465016214,0.2861012784709355,0.05362818480954998,0.09012269222958594,0.6036294640769541,160.48178386994948,4,0
track_001590,Song 1591,Artist C,58,186652,1,0.6395041453937207,0.47823914804691675,5,-7.235407083943215,1,0.06264602694667715,0.18445942627751313,0.163015453098519,0.10937958231898813,0.7544671081134672,157.4049189889365,4,0
track_001591,Song 1592,Artist C,26,256659,0,0.30925633335513775,0.8736573308640339,4,-9.972241008127279,1,0.17022317386095137,0.045772699900053525,0.04513624523326262,0.024296058114813134,0.27725407310513067,108.53063762305615,4,0
track_001592,Song 1593,Artist J,24,162044,0,0.8348381671839151,0.7932208999726066,1,-8.17009561032119,1,0.05031799505070392,0.16787311384524028,0.04166875392908556,0.37618387389385105,0.7234945090318636,112.42359952380949,4,0
track_001593,Song 1594,Artist I,6,166381,0,0.9205579695323214,0.5779148414730357,0,-11.25728968317395,0,0.12365120948382753,0.13727257385190322,0.08429824432088556,0.16217747995747145,0.677124276490957,118.1794179806373,4,0
track_001594,Song 1595,Artist C,44,143471,0,0.6700641823346899,0.5046044061126811,1,-4.037412718726513,0,0.04192823329545319,0.17553765242644181,0.004447764066729021,0.15853628651423923,0.6973532248132394,168.4081716295491,4,0
track_001595,Song 1596,Artist B,14,144440,0,0.6329035520488817,0.9226541522752715,10,-10.830203346773995,0,0.02207274372213493,0.4849522358044606,0.053730685794144396,0.3569597769674128,0.5752283208662705,93.65909922868892,4,0
track_001596,Song 1597,Artist C,16,190185,0,0.46475076930906234,0.8957361439253005,1,-9.279463036344685,1,0.0016423168800220795,0.4204710523980736,0.05319279387015952,0.3080053320161083,0.5845997924826417,105.4851742922337,4,0
track_001597,Song 1598,Artist I,35,127799,1,0.7769183942020095,0.686243699747723,3,-9.317901223937215,1,0.06607003089682095,0.3906198224630912,0.04988293811338387,0.09645948794312097,0.15679175125219078,100.4204812154116,4,0
track_001598,Song 1599,Artist D,1,128614,0,0.5271426102112635,0.6125370247009421,7,-7.922667249340331,0,0.1686638959273632,0.13131439731637035,0.09409327143616937,0.20944424488798524,0.34248253909435544,189.5819221606795,4,0
track_001599,Song 1600,Artist D,3,129615,1,0.9189838790261257,0.96951008318997,10,-4.131728398426935,0,0.08926111683672118,0.4104575953039339,0.06784864833327313,0.0865680904275321,0.5134774643353558,123.28356193583195,4,0
track_001600,Song 1601,Artist J,13,166898,0,0.5517937728419232,0.7303491604913169,2,-14.991963980391418,0,0.010622414989611695,0.6281891359820411,0.01834686608743323,0.24271002222634308,0.5566516935251139,91.20632331134539,4,0
track_001601,Song 1602,Artist I,11,120146,0,0.608803579040005,0.8444393513386856,4,-9.062038599989107,1,0.06386975207844947,0.2766837897430718,0.08315598438669816,0.05728402152897562,0.4343812954645167,193.31339401134292,4,0
track_001602,Song 1603,Artist C,16,196610,1,0.7076608999798117,0.7157847085451436,6,-11.031905632285147,1,0.05191605278633307,0.06654667342387656,0.0281207873425914,0.22799785571275089,0.6502077162569664,193.9720242634688,4,0
track_001603,Song 1604,Artist D,76,181797,0,0.8712648563726066,0.427195856848249,9,-8.330154214562814,0,0.0034370149161195044,0.3318851989493775,0.00948120225407802,0.1918942237328576,0.32951725461155773,114.20646609433612,4,1
track_001604,Song 1605,Artist D,25,180051,0,0.6082028304595734,0.7061408468585276,1,-3.442509666952933,1,0.14532011972367606,0.23936529959997663,0.04415026703556865,0.06370233533612613,0.6171658463861822,193.13439030413699,4,0
track_001605,Song 1606,Artist G,36,280111,0,0.5364687910020947,0.7102332467853124,0,-7.241016985946908,1,0.16476377213650586,0.5104374854012411,0.1652066995566237,0.3115318943886453,0.34279379588709685,136.74848397733928,4,0
track_001606,Song 1607,Artist F,46,204985,0,0.727270788560641,0.5608916207945588,0,-4.161160698157964,1,0.01558318517418611,0.4038708248830091,0.01903929750356519,0.11884466245081082,0.5920789489725572,94.5104213313729,3,0
track_001607,Song 1608,Artist F,8,274405,0,0.88078154900541,0.28767615795420776,4,-8.368591207462561,0,0.03246122941022531,0.253759329205202,0.30247015732886,0.126331588904957,0.34001618393834315,188.55800066829246,3,0
track_001608,Song 1609,Artist E,76,181826,1,0.6702855630017387,0.9623968518395009,4,-6.155190523805551,1,0.18353409475283716,0.2799225766426594,0.11064187195741247,0.1299730539184891,0.506199096428154,100.10322146833343,4,1
track_001609,Song 1610,Artist F,13,287198,0,0.7606243739961622,0.6452135405703837,11,-14.890372884882897,1,0.1433542584579941,0.18330956887928485,0.057665931000810126,0.27193008166613464,0.6456174097156986,171.07384609823578,4,0
track_001610,Song 1611,Artist H,11,149350,0,0.9196225802839243,0.5010999870146519,5,-12.070636305113052,1,0.02595883200673329,0.24920944336269446,0.02655966735078898,0.14115548723918395,0.48413201108467163,166.25844536296665,4,0
track_001611,Song 1612,Artist G,10,150736,0,0.7797310185925688,0.779158998711278,3,-9.850217749544976,0,0.12895894794704393,0.6359930149215932,0.13992817936168014,0.07444073212823382,0.5902316592483146,168.21149919988505,5,0
track_001612,Song 1613,Artist C,45,258449,0,0.7002649213227735,0.5730522463972754,0,-4.670638067354391,1,0.04771110661266105,0.4433727978329653,0.06303826216209113,0.2413851720758122,0.6978122643069602,108.70746999175988,4,0
track_001613,Song 1614,Artist J,54,247870,0,0.62600129613645,0.9455452778666072,2,-4.382703036526388,0,0.15065458613188784,0.3230937280429358,0.3070831251328618,0.4531557848503328,0.4767858566198374,117.32303563113479,4,0
track_001614,Song 1615,Artist E,27,202246,0,0.8749158841722863,0.7763393536050227,3,-12.655806214893794,1,0.06213223336629431,0.32757742126461314,0.023878347693153865,0.05138110692760143,0.2699704871157948,193.29887520453278,4,0
track_001615,Song 1616,Artist G,85,279749,1,0.8202975155137077,0.7107870596491085,6,-3.286066175028896,1,0.004517906298444725,0.23703897341462846,0.27642765371026773,0.3323108384300251,0.42845298185250297,121.95756327125119,4,1
track_001616,Song 1617,Artist C,32,178812,0,0.4299007314017076,0.822800600116847,8,-10.339533137643574,1,0.20528889268678593,0.45789067761915353,0.05115325121084179,0.09250781816465982,0.38019628229611985,189.05605252952415,4,0
track_001617,Song 1618,Artist B,88,178418,0,0.7824019603904159,0.8205297711697845,9,-14.43060119350231,1,0.02759784789762984,0.33467850561358037,0.21563789912691114,0.36841482324816693,0.17018853491902375,88.59908476608356,4,1
track_001618,Song 1619,Artist F,33,275022,1,0.66359864421412,0.7899161562297662,1,-10.288949330358617,0,0.12876322806642437,0.43242202246830436,0.03934030697542781,0.18552511558301954,0.3740129612285349,122.46210367041388,4,0
track_001619,Song 1620,Artist H,87,282360,0,0.6865219637601361,0.507301298734222,0,-7.762123013845883,0,0.29762921774380724,0.08377690556070787,0.12498875364062785,0.30041231025253284,0.4501272438395387,145.89132391520616,4,1
track_001620,Song 1621,Artist C,23,285335,1,0.6946911623307165,0.6266380821054972,8,-4.655848129398702,1,0.24028151937651326,0.22465987896634704,0.07995518795826898,0.3785010244707069,0.3981475963184471,121.45845998534826,4,0
track_001621,Song 1622,Artist D,7,135161,1,0.6673067534384626,0.8361636506346599,8,-10.462817053082428,0,0.11729469805917055,0.15592040344912272,0.030078209202814232,0.20448161375744242,0.5608259032151572,91.11599694213066,4,0
track_001622,Song 1623,Artist D,13,283073,0,0.9233698236573237,0.8610201413915111,10,-8.62868112384805,0,0.03336137898620714,0.24319073221544965,0.12289199013624191,0.06355714408625855,0.5544836231737355,162.73939853595374,4,0
track_001623,Song 1624,Artist B,13,212635,0,0.9304153538809451,0.7127142311704662,7,-10.862811450241798,1,0.001054822885124488,0.11549809915885499,0.1528867139442571,0.1751409808882157,0.3120167343677283,190.70465186778745,4,0
track_001624,Song 1625,Artist A,10,278205,0,0.6704637357587676,0.5655024179313736,0,-12.720337362358427,1,0.07323867048910852,0.27339477798932765,0.15076364417996913,0.1646571223301075,0.3710905253346068,180.30925291840222,4,0
track_001625,Song 1626,Artist J,17,254400,0,0.2747123334185303,0.6249958220709149,10,-4.942462330536307,0,0.05448513375066016,0.4131729769957392,0.014512870448331413,0.24717852305263638,0.46373799490905454,83.7959070444018,5,0
track_001626,Song 1627,Artist G,21,236726,0,0.7575714226928424,0.6303183017055503,2,-10.028101968197525,0,0.11779410191510921,0.1431379192030603,0.06836036731408697,0.08799657587584835,0.5505981926029069,83.58891139713212,4,0
track_001627,Song 1628,Artist J,45,129533,0,0.6349607782204074,0.7475287274195941,5,-3.1778248992355085,0,0.1945234484078415,0.23094172941511568,0.017103990366442386,0.3825138632728347,0.4444301797040691,160.76016225432141,4,0
track_001628,Song 1629,Artist A,25,279397,0,0.7795480104169146,0.7467311848947792,3,-11.615625168875425,0,0.04715735266225102,0.22073481919673765,0.20557704613923714,0.1771073836515708,0.562710231514427,124.95653544797533,4,0
track_001629,Song 1630,Artist E,56,281250,1,0.4537987812217683,0.8761011357107523,1,-4.955586663193417,0,0.026361410027979752,0.2588115211120972,0.030191132759093582,0.07999860223199069,0.4001888809849765,137.37980469632623,4,0
track_001630,Song 1631,Artist B,29,128164,0,0.9471934563533155,0.8096628034100375,9,-3.2777144930005733,0,0.032459404693228965,0.10040472982999735,0.24398768404368315,0.08157963826616077,0.2721715412060495,187.77055529587753,4,0
track_001631,Song 1632,Artist A,39,209074,1,0.6928555648623085,0.6184177612207429,5,-3.5462266734215273,0,0.14920210054952843,0.217077178316111,0.33706644319978185,0.1038512838279151,0.4837303637231988,176.87156031025376,4,0
track_001632,Song 1633,Artist F,10,291811,0,0.8924946199150452,0.8276269697708069,8,-4.49426454929179,0,0.03764333852585063,0.4636746793958969,0.08693662589141599,0.2507250919493919,0.6340688812025065,164.13194933650192,4,0
track_001633,Song 1634,Artist A,28,181068,1,0.8203255003693131,0.5077481610980037,9,-10.42252740029976,0,0.003523942849215635,0.3726278145045721,0.024102296184502967,0.38537780360354884,0.6094722079273758,153.09910031151898,4,0
track_001634,Song 1635,Artist J,15,252706,0,0.4043509765585178,0.6669122254075359,2,-10.135754889855546,1,0.009450632767029727,0.028613289340198692,0.05961495007789696,0.11781445056394874,0.5837292494965101,149.51186305463736,4,0
track_001635,Song 1636,Artist E,5,136472,0,0.42217725882949336,0.5741849311311652,5,-14.62022769045821,0,0.13741817445495363,0.38851344047458813,0.4160123943588781,0.058406661627991435,0.7093966614788524,138.68529146143737,4,0
track_001636,Song 1637,Artist F,39,159103,0,0.4128912698634887,0.7505182594380528,5,-6.746426691398385,0,0.17621320622885267,0.36538659241938115,0.2336226009199374,0.10046293263284609,0.5397659622082629,106.45861490519948,4,0
track_001637,Song 1638,Artist E,52,178024,0,0.42111939901290724,0.7687272536110666,10,-9.985675817943802,1,0.031084493184120876,0.3111418013744887,0.004509580481577508,0.3833307288586171,0.5588488184948683,69.8955950577528,4,0
track_001638,Song 1639,Artist A,41,181262,0,0.5400817610652934,0.6223177544067794,5,-11.667542902446119,1,0.21883711532277553,0.48830455021074237,0.2165367400603851,0.35266560030613736,0.1077756376173761,61.93643138927265,4,0
track_001639,Song 1640,Artist B,14,228182,0,0.9893489853570907,0.7448017769419046,11,-3.043595051432664,1,0.004809130293067071,0.12869929406654343,0.1970345931368392,0.4622644820435138,0.5305570690208745,136.80672922733334,4,0
track_001640,Song 1641,Artist G,35,149968,0,0.34780099929329106,0.6376200693693076,7,-3.784538272464305,1,0.011726696173536992,0.35873844471528465,0.2616850059922022,0.20042848113935907,0.41526669513957626,184.92824894016107,4,0
track_001641,Song 1642,Artist H,13,249282,0,0.9408994811193213,0.8219081435290457,4,-7.657562411991131,0,0.2013012290279412,0.4720620353586874,0.3388511404415928,0.1231186319747257,0.3910970777915747,70.80401246563181,4,0
track_001642,Song 1643,Artist B,5,241854,0,0.5759818888506387,0.9236501573491999,1,-14.56975032220226,0,0.20581030856379903,0.36793852206847216,0.017661599942889652,0.17069204341236635,0.2726754933987623,96.84685629296519,4,0
track_001643,Song 1644,Artist G,19,188972,0,0.6155328780401988,0.6311908570884618,9,-9.88967550246236,1,0.10200520764034672,0.37352029616721905,0.0036611977855498207,0.044194102544400655,0.22708047815126356,114.92007674601527,4,0
track_001644,Song 1645,Artist F,90,294008,0,0.622105428469999,0.7126945893926783,5,-14.412032358637127,0,0.1371220493436052,0.2624507305336635,0.4590661502960839,0.12150512430233902,0.6701977067609631,174.87168987220292,4,1
track_001645,Song 1646,Artist D,9,146165,0,0.9113842624250174,0.4313395208485131,6,-9.39192534784485,0,0.0037476240962063426,0.40617346201737886,0.39445083344986603,0.32159491526654904,0.735922980475383,74.40730758588175,4,0
track_001646,Song 1647,Artist G,29,147559,0,0.4693692535891799,0.38775281052926275,8,-11.004814635460745,0,0.09319884560296211,0.30620140026407394,0.001686679278225098,0.22374551632453857,0.619575704053319,102.72845784728,4,0
track_001647,Song 1648,Artist J,83,144881,1,0.9323608297574372,0.8424189899222483,7,-13.95840676380718,1,0.017334739260322737,0.0951225786665446,0.10737672874290694,0.2369007055450729,0.8505549766631558,132.27240249471163,4,1
track_001648,Song 1649,Artist D,11,192031,0,0.7070450608146045,0.5693272194120853,10,-4.5940924062044655,0,0.21821770005550944,0.32098274360969337,0.1199594065967482,0.22897001293196156,0.49921579875517225,199.42743988142576,4,0
track_001649,Song 1650,Artist B,9,140428,0,0.8398675094371445,0.8381600267567397,0,-14.00448413961729,0,0.03018361726145615,0.14517433506582322,0.2598703883862481,0.25424517503693195,0.648865550875153,70.1199867790952,4,0
track_001650,Song 1651,Artist J,25,214764,1,0.7583665308741013,0.727261310317948,7,-3.67144080995833,0,0.08595621793597161,0.24080062984726838,0.08929987583210901,0.09332325253878598,0.5719595460764989,195.35800744147116,4,0
track_001651,Song 1652,Artist J,61,185573,1,0.9089319524821435,0.8861619556634025,6,-3.22086381316241,1,0.18716533250657352,0.3821935194391281,0.0019523137137707916,0.09935382082920545,0.6427937900132455,177.80853558538834,4,0
track_001652,Song 1653,Artist F,10,246283,0,0.8475538845402223,0.5095732444808797,4,-13.756948535636806,0,0.007740829738524407,0.12013854363847727,0.10577464976523215,0.4076251852764335,0.4241254132233878,197.52665731982736,4,0
track_001653,Song 1654,Artist G,96,241432,0,0.7771250498075496,0.8265537975432113,1,-7.3700329352093155,1,0.12453780201632837,0.278851488183028,0.16929371511769795,0.19240244730122405,0.5339827655229513,119.78473075016008,4,1
track_001654,Song 1655,Artist F,28,217858,1,0.9173860034122362,0.7047126666477461,11,-14.191963164711305,0,0.011747829932314798,0.07990357737105978,0.164361239937819,0.29505539934095476,0.5548454046546814,118.86368100032448,4,0
track_001655,Song 1656,Artist E,39,231201,0,0.7749706966995112,0.5337858961660047,9,-13.533334708457865,0,0.006811576591683705,0.16060114958894012,0.006904954717070337,0.11277753268948547,0.5683532826668632,197.69651627161156,4,0
track_001656,Song 1657,Artist F,91,207008,0,0.8377061151583121,0.772015076301729,11,-11.29212714013228,1,0.06938586896317617,0.29607608595347207,0.12368294088292804,0.18669233441420163,0.30909871882785583,193.9236467703049,4,1
track_001657,Song 1658,Artist J,27,244403,0,0.6132884751538419,0.9246250645574596,1,-10.831295788409975,1,0.13424866005943406,0.2945245121218003,0.2855292298392792,0.10704333330135088,0.4783763496374932,79.205184692194,4,0
track_001658,Song 1659,Artist F,4,294052,1,0.6782212803690519,0.4509919357402197,7,-11.956264833906928,1,0.25309289277817226,0.0735394232441716,0.00421153823357632,0.16538517964595217,0.5190817008358526,143.1933679842748,4,0
track_001659,Song 1660,Artist I,86,143138,0,0.7961498679752458,0.4089001894618665,2,-6.762929390226855,1,0.0009552106790019517,0.1084322023455055,0.47140925258716115,0.19471557114004995,0.40373996554567354,115.33970127007194,4,1
track_001660,Song 1661,Artist E,38,266504,0,0.8217184136808656,0.8569791572929832,9,-9.481517732674307,0,0.11108670763576983,0.5094304646433135,0.06111541490114485,0.48886412628593345,0.23278922537751756,167.75039371202894,4,0
track_001661,Song 1662,Artist A,20,145973,1,0.6345821480675526,0.764659683038832,8,-9.72389554173702,0,0.035794001114544526,0.4153878947902286,0.25802650873258465,0.4211209853453647,0.5271886857452123,182.36667625652092,5,0
track_001662,Song 1663,Artist D,22,169956,0,0.7368421321369802,0.5401944620153393,6,-7.761085689789203,1,0.2009290106010324,0.5833785687810662,0.2449457725242149,0.18545359496497169,0.5904191869533706,88.47235823142492,4,0
track_001663,Song 1664,Artist F,3,216185,0,0.9219562923435193,0.8370260264631441,3,-10.552608325075365,0,0.0003034088865013679,0.08365227268046012,0.010262379018527433,0.3185638332369603,0.419229123971063,133.04379015610346,4,0
track_001664,Song 1665,Artist E,14,266889,1,0.7592068759869616,0.8419828508434175,7,-13.054312511538587,0,0.010856069735385497,0.24977468879769119,0.021260953685922873,0.3395954927297911,0.4783957682935582,196.80335207157543,4,0
track_001665,Song 1666,Artist J,51,147728,0,0.8352258071003923,0.9841351435037327,9,-5.667329409202704,0,0.3916531916553065,0.09875781900105368,0.02836512373132673,0.08172235461307434,0.6273605912179175,67.22933743577678,4,0
track_001666,Song 1667,Artist A,41,280036,1,0.732663905857089,0.8233974822661505,2,-5.172842438116335,1,0.18623338992622518,0.16193608601480886,0.12280630279323015,0.15584166703177876,0.525873237781937,86.50264328445729,4,0
track_001667,Song 1668,Artist A,61,220282,1,0.7913555975381251,0.9273834523808022,7,-10.756483066314766,0,0.00949684085876226,0.309088219274662,0.00946057585886291,0.27270678466699816,0.45689604335782535,147.29833274649928,4,0
track_001668,Song 1669,Artist B,23,299508,1,0.8585539853175291,0.84400461224487,8,-9.851835207827616,1,0.031136413201503267,0.5035007012619189,0.03810577863885913,0.053009335230808315,0.6061539632069484,102.03238397279863,4,0
track_001669,Song 1670,Artist B,30,215131,0,0.8691364495191433,0.8687363327149753,7,-9.187754250232855,0,0.1572452016935984,0.517404631251991,0.09171702803391703,0.18405724509030133,0.5951603861359686,180.0312886947501,4,0
track_001670,Song 1671,Artist F,83,282008,0,0.6750718902543492,0.7163662003141669,6,-10.972166141231497,0,0.028647207770705174,0.5530950981364093,0.006115215702242005,0.18345757676896945,0.5471527225624221,74.56971614345339,3,1
track_001671,Song 1672,Artist A,35,271714,0,0.8186892400158269,0.7413260393145102,10,-11.629156801085962,0,0.001983551171682315,0.3899419035859963,0.19400146404460222,0.14524605499754228,0.5422083696388283,165.31406056403313,4,0
track_001672,Song 1673,Artist A,94,145035,0,0.8198567339541348,0.7517069537006575,3,-5.675934474048564,0,0.030548254451757625,0.34984509939022174,0.03472639552742176,0.4970508692158076,0.1922939894435745,120.47532513262794,4,1
track_001673,Song 1674,Artist E,1,142211,0,0.6830327860622457,0.772232387874852,0,-8.77692890945096,0,0.09834329194177223,0.35420636871442585,0.0038133028319133453,0.05783727844650191,0.21600239356718962,86.81924803150821,4,0
track_001674,Song 1675,Artist A,26,188737,0,0.5540422719630492,0.6780597250827874,3,-13.37011587687981,0,0.006694788943780977,0.053516006210545426,0.2960066245752689,0.12470275348494042,0.41329827787244017,162.85890904480186,4,0
track_001675,Song 1676,Artist D,19,296869,0,0.7770294337179021,0.7036715964931367,8,-14.47148476543304,0,0.1825924168308633,0.397479553827325,0.03420597324902829,0.1334313343144152,0.7295710712754577,93.76830833177672,4,0
track_001676,Song 1677,Artist B,8,299706,0,0.8548594528119444,0.8527220357701907,9,-12.749818981533302,1,0.142288721776052,0.23199831268586157,0.15044034746662607,0.10663207401346698,0.48949366745830636,69.31410054177297,4,0
track_001677,Song 1678,Artist J,55,205054,1,0.5777062715740204,0.7404760233937769,9,-11.660158350860321,1,0.11877593286805917,0.5717686847775244,0.05616107619190429,0.08857938891478055,0.7197479158732272,113.04707304985723,4,0
track_001678,Song 1679,Artist I,20,213531,0,0.7726715512360461,0.7499355322364908,0,-6.254063390440944,1,0.3145639261760897,0.10962836264458937,0.11250912568917194,0.18993812602255697,0.14436985804451347,101.63798826034653,4,0
track_001679,Song 1680,Artist E,7,279626,1,0.6516554950117639,0.9465309739439873,6,-10.440854136294938,1,0.05152289015428305,0.39318347795488623,0.17176615824986427,0.08876587882234295,0.4157438940980196,139.93303345586793,4,0
track_001680,Song 1681,Artist I,20,242475,0,0.8159782482554363,0.8268752374920199,6,-13.105617287835631,0,0.14713997262831646,0.3960985346008066,0.12400887179842066,0.19842675890412798,0.6907176876278677,168.592093798703,4,0
track_001681,Song 1682,Artist H,13,181599,0,0.9126298103392384,0.726788327513989,3,-10.835074339782789,0,0.19793580378836528,0.21873591038420911,0.13658084695617353,0.15952611249796303,0.4109869240978759,178.70516591688335,4,0
track_001682,Song 1683,Artist J,27,207057,0,0.864017126227187,0.695256097278084,1,-14.6849742166859,1,0.0023642623592920347,0.3815333903692637,0.061379392889798254,0.11882661970599039,0.42113499000882076,121.07363360562826,5,0
track_001683,Song 1684,Artist G,8,121573,1,0.8806112504273456,0.6902653410538705,10,-11.40069610414894,1,0.0006411411309690493,0.12177669946857535,0.0462106087859735,0.29067148036399965,0.41553324829417176,159.8333350626579,4,0
track_001684,Song 1685,Artist E,93,125217,0,0.7823521133355898,0.6958588090258776,11,-6.131765957354824,1,0.1736753133746652,0.22596752243875096,0.06081547124503585,0.0638135127084818,0.6187669516096436,165.29336844860012,3,1
track_001685,Song 1686,Artist A,92,229657,1,0.3747053979707634,0.8604962128993131,4,-3.6483499678520896,0,0.2573503457387844,0.3247458381677103,0.20921188823931136,0.1690595344038505,0.4504917599583926,106.66320462200014,4,1
track_001686,Song 1687,Artist D,4,260741,0,0.76758730725839,0.7260909293613369,3,-8.716581280860908,1,0.15373230444137573,0.48239415258731494,0.08336009686436413,0.21160096237359463,0.651363296569611,105.80550909403195,5,0
track_001687,Song 1688,Artist H,48,166007,0,0.6793698685561615,0.6807615262509321,6,-8.300964181589295,0,0.013367271493124808,0.22730401272433637,0.2068458553765418,0.29113630649908406,0.29456282862639904,163.67913186575714,4,0
track_001688,Song 1689,Artist I,32,200977,0,0.8357940249108451,0.5078647325707092,5,-4.334630397150573,1,0.009797972478623893,0.128855050521956,0.08222820118876849,0.1321463446681971,0.45921377137898084,96.79141268381531,4,0
track_001689,Song 1690,Artist F,16,227942,0,0.46073855393178403,0.5005156947818514,10,-14.056224174566985,0,0.11678417396422013,0.5207504043649714,0.031853854873259486,0.2809480225268359,0.38964884271501343,134.9583484518196,4,0
track_001690,Song 1691,Artist D,87,294304,0,0.7753639759829546,0.587998813419905,1,-12.665327097827735,1,0.35931413864825346,0.4779761210424049,0.22126579044268863,0.16879259216894157,0.6437974466682452,166.73391001349415,4,1
track_001691,Song 1692,Artist H,8,281108,1,0.6189615074759783,0.7327008025297117,11,-14.97517330278792,1,0.019424333437804562,0.5840610834467428,0.2095933663762793,0.07973396206651671,0.47116254335886026,181.49001438245912,4,0
track_001692,Song 1693,Artist C,27,159288,0,0.609099500350873,0.8251046189123372,9,-13.924702425695127,0,0.06346113130436754,0.12907079322039583,0.1724071047633972,0.26517709997972055,0.584242458044055,180.44018506795442,4,0
track_001693,Song 1694,Artist D,20,201658,0,0.8845385631587745,0.8025487788392099,10,-14.09035188600196,0,0.18996476398105486,0.3802355466924231,0.17134044264517798,0.39024849530680306,0.40359221617710067,168.3749025618786,4,0
track_001694,Song 1695,Artist F,94,231342,0,0.5184576013747146,0.6784668095333108,4,-5.383489398350051,1,0.04449684413449946,0.28681140669677574,0.07639466723712403,0.1590276259377843,0.47285608580082483,97.85029297595986,4,1
track_001695,Song 1696,Artist J,29,157375,0,0.6092350501214334,0.5020332280978177,3,-3.129159584108722,1,0.011893034876699338,0.4211732938459303,0.0471077209673931,0.00371702170866225,0.48296447064929104,114.53420264646567,4,0
track_001696,Song 1697,Artist I,23,248802,1,0.6122725282875972,0.8358463342690797,11,-7.150104838186971,0,0.040403175173195374,0.19217365848473902,0.09943654367715986,0.15456073546740498,0.3082675445307518,82.1672507755371,4,0
track_001697,Song 1698,Artist E,10,196493,0,0.6351834335757764,0.6699258669316729,2,-11.032290565131515,1,0.04524995020072142,0.24448874133360074,0.015310764983959816,0.23913893149672477,0.5504822375835028,87.00076166463408,4,0
track_001698,Song 1699,Artist C,87,201344,0,0.6224278142476954,0.8414034597045646,6,-11.703886849821256,0,0.001650730606683822,0.2914013551266558,0.10129413157674513,0.030007943897157198,0.3113715008337608,80.3936464529324,4,1
track_001699,Song 1700,Artist B,92,268768,0,0.6431716622260321,0.7549298452760052,5,-12.110502228790402,0,0.10992687503132414,0.3220115205950136,0.3236189302715321,0.048316258314719175,0.691588245999053,168.23214688185513,4,1
track_001700,Song 1701,Artist F,12,176632,0,0.7223426597680603,0.5704673475761292,8,-5.961262176547137,1,0.03328417419530058,0.2631951857726287,0.07179863483604795,0.13050492797821198,0.4816962767003725,164.6936446609817,4,0
track_001701,Song 1702,Artist H,56,177942,1,0.8124010583721596,0.6802876997068188,7,-8.060255006821766,1,0.05081376994548899,0.13193751915711766,0.052705013463385346,0.10349971990174306,0.7076214744626641,193.5241428686536,4,0
track_001702,Song 1703,Artist F,29,209086,0,0.3890319467904536,0.8850370485522872,7,-5.7196956367353025,1,0.21385032161469228,0.19230927119271193,0.025978731871564797,0.3228851426058026,0.5412380804215763,160.70218473823883,4,0
track_001703,Song 1704,Artist C,12,248684,1,0.7535834949973621,0.6795931505095198,1,-10.40496252968989,1,0.14921399779195327,0.27614861832415233,0.09585665512469656,0.06442784379316166,0.5414874707659709,115.77901341113468,4,0
track_001704,Song 1705,Artist J,4,198701,1,0.4825057099965011,0.7834686051921025,10,-5.087636942586872,1,0.031792402382561716,0.28825573472296645,0.026301261907989114,0.11667478403364166,0.5448672011900407,189.25504329725936,4,0
track_001705,Song 1706,Artist H,76,197355,0,0.7660582359137738,0.8149731687927838,1,-9.970752206798798,1,0.20479465138236083,0.3643889644693465,0.0020778737799515483,0.4568633652425221,0.5430574414749249,84.49001859397902,4,1
track_001706,Song 1707,Artist H,91,125391,1,0.8911244194138004,0.769238561950768,9,-9.71307833941465,1,0.045018799910332565,0.19333476579908698,0.03474320892250219,0.31413850251636777,0.31524709397176665,163.61976326408708,4,1
track_001707,Song 1708,Artist B,17,178353,0,0.7165132429306986,0.8002569143989687,1,-11.893951168920482,0,0.18125834757149395,0.37498108929256524,0.06149188624664139,0.1619337437624209,0.5044883406699061,100.50324363988338,5,0
track_001708,Song 1709,Artist A,34,146968,0,0.45173219946953935,0.6605334359879556,10,-13.005593191604307,1,0.030440906581970847,0.07252878744519291,0.40220137828854857,0.07195612327942123,0.8836667686390408,73.92486605149377,4,0
track_001709,Song 1710,Artist B,75,148285,0,0.8180204225210653,0.35713931072363275,4,-10.150411167387563,0,0.0572124914971634,0.4025386826534895,0.02388577577467113,0.37801721240077757,0.6587099515603221,171.24108956529506,3,1
track_001710,Song 1711,Artist J,19,270990,0,0.9153820095832222,0.8571785076481591,7,-6.5841269891246945,1,0.1292463877785435,0.36893904575383946,0.08619799102989996,0.08759337680940509,0.5857103714734543,175.87684342770066,4,0
track_001711,Song 1712,Artist E,78,175134,0,0.720734059513389,0.6067398242236626,7,-13.832767495048437,0,0.14170349678830266,0.10224529537193594,0.10912838134882769,0.20679263728391103,0.7665870212142699,172.33245760048874,4,1
track_001712,Song 1713,Artist A,89,187824,0,0.6976634852453522,0.8904721806580803,5,-14.046142439389232,0,0.03933617078345339,0.14254185361213156,0.028797099583519996,0.1633928345480753,0.6212608596303996,184.05314064777883,4,1
track_001713,Song 1714,Artist H,25,137878,0,0.8290036823043816,0.7332182294963119,0,-14.753718953173559,1,0.08751099101258768,0.08107875106261987,0.02724414800247729,0.20283581367100006,0.6668486612318859,74.01693756178035,4,0
track_001714,Song 1715,Artist I,45,228484,0,0.3455745077690425,0.5785099624942267,0,-3.0409942411336246,1,0.12555448316064088,0.2366442842570494,0.29393813757716164,0.13746994428904294,0.5500801401759824,153.58562740244943,4,0
track_001715,Song 1716,Artist F,29,182233,0,0.5027164269384642,0.7574633461631877,5,-7.523256754613542,0,0.021113309116307606,0.24461804726814415,0.020433559510702096,0.10035869496639153,0.4477446837076925,144.62847097570256,3,0
track_001716,Song 1717,Artist A,48,171588,0,0.688825532387884,0.831843823472394,7,-13.685817031924334,0,0.5173299050123695,0.18764142585000854,0.029055930063463555,0.31324872138039545,0.3634655789892337,67.87549169444381,4,0
track_001717,Song 1718,Artist B,95,213481,1,0.6889290696911673,0.6938351734051436,0,-4.481354144228467,1,0.20267663683925952,0.4849070495738727,0.004433862922488373,0.22624673801051928,0.5404130631218428,160.6789738214061,4,1
track_001718,Song 1719,Artist E,18,250241,0,0.7627053849124165,0.6585182333009479,3,-4.138606643272013,0,0.012685336043987382,0.36452671873629583,0.020574571938839,0.03248945774343585,0.5228562768067428,89.27498577883982,4,0
track_001719,Song 1720,Artist D,31,214672,0,0.4611234553364478,0.8240198331617403,5,-9.971127197394763,1,0.04313140288523726,0.4051677928917112,0.16220858528256887,0.22831221080149733,0.3048516307160189,66.74336755594564,4,0
track_001720,Song 1721,Artist H,43,270002,0,0.679564940222585,0.8070467139220013,11,-9.373537116280678,0,0.009218552262437741,0.3480000094804243,0.012835031354960015,0.031771626158265176,0.6391976761054013,182.61297843918777,4,0
track_001721,Song 1722,Artist I,85,228034,0,0.8518036572922402,0.41862600457148064,5,-13.739852753258457,0,0.21973564101388793,0.07367557940661673,0.38074974660489314,0.1610503706238356,0.3134808729138706,186.84812536878667,4,1
track_001722,Song 1723,Artist C,14,129495,0,0.7639731310030452,0.8533448588707185,0,-8.895343385163244,1,0.24073903441192296,0.21650399126740433,0.3663683200378351,0.3396936983779844,0.6272851776930207,123.10659223317879,4,0
track_001723,Song 1724,Artist D,1,281778,0,0.78647080428843,0.7107340775658515,3,-5.347992250194993,1,0.0164765081755271,0.5654655299600266,0.0060788117349114944,0.03695074587138106,0.6928506518247789,184.28227239246476,4,0
track_001724,Song 1725,Artist J,83,131465,0,0.7556040333776584,0.7019067114692705,0,-9.662778610932492,1,0.03626038431668331,0.2942960238829102,0.024732423273572033,0.11383197153467457,0.6388930460575412,120.02697235556201,4,1
track_001725,Song 1726,Artist J,81,126242,0,0.6880009355973603,0.8457882270997332,6,-12.974422445846287,1,0.015219908865793549,0.24439464693225763,0.023940486300878288,0.10987870466024346,0.39070831408112416,78.89893873818565,4,1
track_001726,Song 1727,Artist F,5,276723,1,0.6753696900431803,0.6847268849613152,4,-9.09923423256238,1,0.1207321889990685,0.30933275560704765,0.03693001742599343,0.04423741115443724,0.29483124091855534,146.3943096146982,4,0
track_001727,Song 1728,Artist I,96,154261,0,0.8233136015656299,0.7754812411567678,9,-9.569484830097775,0,0.0052684974638798655,0.2759046901432476,0.06100859761125049,0.023241074646429015,0.5521912435080806,113.24660375040453,4,1
track_001728,Song 1729,Artist J,9,224008,0,0.7748146101206332,0.6423516288081847,10,-9.282575941779909,0,0.15051141828130277,0.20720202813679756,0.11475374064912065,0.30130600582453065,0.602416197684892,82.30340063697945,4,0
track_001729,Song 1730,Artist J,29,238339,1,0.6284216943453216,0.5660792792467689,7,-9.804588696538223,1,0.05151466596339751,0.07087182535816108,0.0880466171656306,0.1674191567087974,0.3910085772824202,62.79069534911463,4,0
track_001730,Song 1731,Artist F,27,233570,0,0.694050370824443,0.8816160891676161,6,-14.275606343738769,0,0.15065466568521005,0.12683379200023068,0.16064796434052267,0.15318171880748532,0.6807022050549917,148.56825885493097,4,0
track_001731,Song 1732,Artist B,91,157880,0,0.9400455207549244,0.9047576253286351,4,-9.661415566703646,0,0.12044499358058686,0.08478319250629347,0.021774615636386385,0.05053640255602941,0.6775069147872901,91.70150778328309,4,1
track_001732,Song 1733,Artist G,88,167266,1,0.6978490177276746,0.5675571749562388,11,-10.10531688519349,0,0.04886187994795299,0.05463442516204594,0.12858703094369975,0.18019935723097125,0.26788062784352756,83.73369162641313,4,1
track_001733,Song 1734,Artist A,31,174104,0,0.6549420118633903,0.5485437047722563,10,-14.550999337149605,0,0.08717653243219062,0.11869269264041957,0.18765587099421308,0.19882124028761997,0.49895141031209334,179.22639335611655,4,0
track_001734,Song 1735,Artist F,14,269295,0,0.372211618661259,0.49134189473729445,1,-7.855392897002137,1,0.23655948070963748,0.15391855202154164,0.021579374450189467,0.25870262132226907,0.5025774981766161,183.2985952445319,3,0
track_001735,Song 1736,Artist F,8,121737,0,0.4903265043852328,0.7329188399717804,3,-10.566888188603958,1,0.09337098818211091,0.269385891882334,0.12363270241379518,0.09909811574584003,0.596088012588914,106.60786777928959,4,0
track_001736,Song 1737,Artist I,29,142635,0,0.7948646332364424,0.7126017297261327,11,-12.7526243010118,1,0.1751071904478323,0.017196236876649854,0.023222412436823152,0.06284195180254541,0.5597281104269914,158.65149778818346,4,0
track_001737,Song 1738,Artist J,27,279012,1,0.37754074279044036,0.4665159954414998,5,-14.899021245651209,1,0.11723087107425666,0.09226378963392154,0.0072849326496149764,0.1272126125773864,0.7354675784210334,157.36993943972385,4,0
track_001738,Song 1739,Artist I,1,181604,0,0.7928462801427528,0.22944972633892227,3,-3.8864259417773237,0,0.04181357417575374,0.3041593708720774,0.0054172501148900785,0.08496011704199453,0.6264774862186735,111.06004266505084,4,0
track_001739,Song 1740,Artist B,20,190793,0,0.45057854920055923,0.927506873301216,11,-7.285058011567487,0,0.09945029413459744,0.12232910920594332,0.022596094150574356,0.18194726272584635,0.8482389897506788,132.7048412825585,4,0
track_001740,Song 1741,Artist F,21,210404,0,0.7611913760042677,0.7944219245260552,3,-11.9481352173955,1,0.10809447247057921,0.1900073579903988,0.08984241725804372,0.36016178228604095,0.6095705871203144,80.95962177026297,4,0
track_001741,Song 1742,Artist B,26,132128,1,0.7157594356607437,0.5994293435563558,5,-7.805564101699593,0,0.13489632330725382,0.26294311077061755,0.01910232844187749,0.18373920728968404,0.4246177797838837,198.98350279713387,4,0
track_001742,Song 1743,Artist G,13,199258,0,0.8590763338666122,0.7557035227908802,4,-3.6720835422608875,0,0.27051172165080667,0.23039372654959986,0.08770211201874349,0.14980147826106213,0.4793694719535987,113.31535172676311,4,0
track_001743,Song 1744,Artist B,19,283616,1,0.5703198288538653,0.6486747404675325,3,-8.306314938971736,1,0.04165908329119134,0.30120036462340244,0.09496345143672538,0.2133305410590945,0.7319313740334521,163.35346495302807,4,0
track_001744,Song 1745,Artist F,18,299971,1,0.4604072666985585,0.5193342603937036,5,-11.303343853238868,0,0.0050334704927995945,0.2080414587555259,0.1281491231652956,0.2200235411892957,0.5059570037226281,124.45297477356604,4,0
track_001745,Song 1746,Artist C,37,121378,0,0.4965506064005648,0.46027524538387654,7,-5.348352748335211,0,0.009311058503346214,0.5614153913001956,0.3095500167177108,0.1299634929793718,0.3253544547240291,176.06091922871587,4,0
track_001746,Song 1747,Artist A,83,153617,0,0.8406364500257859,0.3528736053732315,5,-13.362874298139362,0,0.11058407387096757,0.40861198562855033,0.022415464718437025,0.19686974114432915,0.5760072387479848,130.17559421481224,5,1
track_001747,Song 1748,Artist A,10,254346,0,0.8888528753990422,0.4271946038626631,9,-12.160648066603539,0,0.02834278940832591,0.24195552640504966,0.07273630446429037,0.03317120413170652,0.7435889983390811,137.26889508549493,4,0
track_001748,Song 1749,Artist J,82,293808,0,0.8833901893402115,0.9060469723450791,6,-13.629537597322075,1,0.022274730404056496,0.33998750069925987,0.006035465495728134,0.2685267913551262,0.5801099176202608,116.54813038023903,4,1
track_001749,Song 1750,Artist E,28,190173,0,0.928088174461153,0.679701812403612,5,-10.611598630495314,1,0.13033749559692853,0.2886628995186971,0.12157143230680939,0.2858630458535207,0.25203111869261674,104.69320956052711,4,0
track_001750,Song 1751,Artist C,33,248928,0,0.8211931377061468,0.7054627430298192,9,-11.259251075962478,0,0.02438903402443392,0.6066350461280101,0.03679677419635192,0.19497482338943017,0.28500776107948966,101.97918957673298,4,0
track_001751,Song 1752,Artist B,37,121363,0,0.5764774473898736,0.8240773517104082,3,-9.704650911774353,0,0.09196486606519727,0.555828554511184,0.1413662684689577,0.13979201689028217,0.4155440876262755,71.76115288273849,4,0
track_001752,Song 1753,Artist A,9,263612,1,0.7804539057475716,0.6123444987212278,0,-7.847372517413487,0,0.42116250275675093,0.31504087237047934,0.046725691369671106,0.37668180249241195,0.47435677458258646,99.98175128664045,4,0
track_001753,Song 1754,Artist I,17,183177,0,0.6065053407962664,0.7518910454739616,6,-5.391310836765504,1,0.014789886307625946,0.07274516172639865,0.1514814379984246,0.37216598633277514,0.2975214088946034,107.00220100943127,4,0
track_001754,Song 1755,Artist F,90,166233,0,0.4352974807829983,0.6596740556931849,8,-5.191314429454861,1,0.4494062882192247,0.43534293228642346,0.13598062920177056,0.16173148077921556,0.1497827022235882,133.22218314268608,4,1
track_001755,Song 1756,Artist A,33,217972,0,0.7765905114372342,0.9145169784245547,5,-4.698376995680308,0,0.09028754471393784,0.23291246931994303,0.18119982489789993,0.31035588563454997,0.5486568585272861,173.78118074802194,4,0
track_001756,Song 1757,Artist J,81,243811,0,0.8662395641227733,0.8153898553216249,3,-3.0707908306760796,0,0.030696241725974054,0.26366194733629644,0.04364728443532625,0.28739782410166803,0.45301068253979854,81.47403321535204,4,1
track_001757,Song 1758,Artist H,44,189890,0,0.6498886457453956,0.38155145878466684,9,-8.500251325995404,0,0.08687165010761855,0.18941118261102852,0.33006612424660187,0.35769708708222725,0.4809918838716491,134.72708088710283,4,0
track_001758,Song 1759,Artist A,11,195692,1,0.6803210498801737,0.8300424339595717,1,-10.646437000675238,0,0.0047729794258626786,0.29774571617457407,0.006875718631181633,0.16585271921637948,0.36805827916479605,182.28068132181153,4,0
track_001759,Song 1760,Artist C,94,264797,0,0.8012697655689854,0.8038465174637914,10,-12.872376989855297,1,0.061359048745786876,0.5958881899976917,0.15537117092706504,0.1280734922266876,0.42918772801416416,131.36522183568104,5,1
track_001760,Song 1761,Artist D,32,214852,0,0.3414708906464248,0.7494337138283831,8,-14.654975715717564,1,0.11319677768136963,0.3710499941575478,0.2710007273054998,0.21540087896122848,0.5168484991579644,192.58373202925577,4,0
track_001761,Song 1762,Artist J,15,136705,0,0.9076411139746325,0.9073821094752326,2,-9.437020843737269,1,0.05066470503812091,0.4984203816331768,0.033780011628799955,0.4347237769977889,0.45014150347784454,185.08662579198742,4,0
track_001762,Song 1763,Artist J,19,274161,0,0.4557275355212344,0.7624126686130804,1,-6.061698336097102,1,0.141665987667457,0.47927170149685394,0.15372705410548645,0.10301310058889403,0.4682901261822473,80.06857878502781,4,0
track_001763,Song 1764,Artist E,29,123877,1,0.6593265559927565,0.605008470020303,7,-6.627067211895891,1,0.06139090973898774,0.31311272486228825,0.07167449129146784,0.12217907239930141,0.39473010800131875,89.7231588585004,4,0
track_001764,Song 1765,Artist A,24,299252,0,0.9119534804199281,0.8968650374676196,4,-12.086476444291609,0,0.03471044848835707,0.27548785709211177,0.018364411414823877,0.21527941908521425,0.48335755978318656,60.41368074658827,4,0
track_001765,Song 1766,Artist I,5,169421,0,0.7428741625431522,0.7641449349779852,6,-10.03597763173311,0,0.17381759532262975,0.41381677135611916,0.016369323400194227,0.03752693729518347,0.21493977401754127,172.2135996668159,4,0
track_001766,Song 1767,Artist H,29,203335,0,0.4197380460831787,0.9086937165277457,4,-13.118445413232228,0,0.0414287314886937,0.44410062121043725,0.11449966770412896,0.16276261535634856,0.6610457064752758,168.42179716530092,4,0
track_001767,Song 1768,Artist F,91,147488,1,0.6724446621901559,0.727307044935377,7,-3.6271088056998693,0,0.03681705541911382,0.3856643832251282,0.01361246368696889,0.2919664776338082,0.38100752623713385,100.90903347333517,4,1
track_001768,Song 1769,Artist A,14,186376,1,0.771009065754218,0.9134129447926268,6,-3.26604162744065,1,0.13218731148842636,0.8262326376470378,0.022822071211314066,0.14939058217169862,0.26117756379198975,165.03651930113585,4,0
track_001769,Song 1770,Artist A,15,266919,1,0.6937638111739041,0.6362270259332508,3,-4.334373533640177,0,0.001845012030848461,0.2977324748872078,0.14948625263285817,0.22720837331229812,0.5079637069800805,141.39930992288393,4,0
track_001770,Song 1771,Artist E,92,171661,0,0.7641731953473117,0.6265858185302288,6,-5.125871061033777,0,0.008362598268964886,0.45942933206060127,0.09409043403315188,0.15084280179561899,0.6962873318656226,180.8670752490987,4,1
track_001771,Song 1772,Artist A,82,192968,0,0.6465845290158073,0.8951600935966881,1,-4.248857459153548,1,0.02927784250901366,0.15377187392627217,0.1963887973436353,0.20178974315333553,0.6137685848603668,193.19464278102828,4,1
track_001772,Song 1773,Artist D,83,127404,0,0.520153377379965,0.7883961877377387,10,-3.940716080030626,1,0.015086859059641869,0.42842399079993987,0.049166224799075814,0.3246273564348586,0.5451894401719373,87.11765930225586,4,1
track_001773,Song 1774,Artist J,91,274642,0,0.6209331060541314,0.7408833637183174,11,-12.945150849973494,1,0.041437982141957555,0.33247250021183605,0.07645370221714679,0.4484038683509933,0.5075852073644347,115.62938425362398,4,1
track_001774,Song 1775,Artist E,89,125156,0,0.43696212436360665,0.6333719571575998,7,-11.642637659629612,1,0.013454273824764077,0.3428579653795187,0.2128355701157169,0.29871152206531576,0.4715154649324614,166.58008025472137,4,1
track_001775,Song 1776,Artist D,36,163408,0,0.7279871959676342,0.5931097796399607,4,-7.0225191013922,0,0.07123179311983423,0.8851039075093782,0.0035195553876723033,0.22388327205874348,0.5342031388857305,65.43660704518675,4,0
track_001776,Song 1777,Artist C,16,250865,0,0.6605249678484291,0.843599427930035,2,-14.168320241054179,0,0.051052407741042714,0.12734211109775606,0.050930623429920545,0.3310109355829403,0.3867333747626377,174.3018325365016,4,0
track_001777,Song 1778,Artist A,88,204784,0,0.7229565996991606,0.4404971886809681,7,-13.701731078921908,0,0.15120868290809963,0.5186117468614173,0.009762459940631785,0.26691818750685653,0.36094335820444307,113.55458065167223,4,1
track_001778,Song 1779,Artist E,34,128373,0,0.37355564595562785,0.9339093991892197,2,-3.1964291340886106,1,0.11388106021254724,0.19116609056988712,0.39207444716314244,0.2114176673318944,0.40513149692468453,89.94794287413295,4,0
track_001779,Song 1780,Artist D,89,203872,1,0.7711246546196588,0.8163417146724453,6,-6.214141416819999,0,0.047474058034319866,0.22187282796755103,0.07196945793230652,0.07859207811745211,0.3343284716079754,148.57015963902137,4,1
track_001780,Song 1781,Artist F,80,284500,0,0.6773300774727183,0.7188135096709506,10,-6.330826237291346,0,0.11250098274349801,0.5826994461504169,0.06102507383229272,0.3265043778787049,0.38665850513646005,106.87346703701614,4,1
track_001781,Song 1782,Artist C,8,171224,1,0.4981944469059627,0.7459849542499831,10,-12.11876911188959,0,0.18671287054800342,0.12123135757453249,0.13905484547138733,0.2628398997216507,0.64277480521803,111.43438364429913,4,0
track_001782,Song 1783,Artist B,12,153583,0,0.550838376579794,0.7251657239093201,10,-10.610092497626756,1,0.0805817525025627,0.07653179166827138,0.020324272810041785,0.14068107171740987,0.6934939932346954,125.60586342024297,4,0
track_001783,Song 1784,Artist B,38,190270,1,0.8797851573317614,0.5321257388711441,11,-8.832213982879109,1,0.05341454506006791,0.2165104430267665,0.20317284940186262,0.06946597505490398,0.42280501605690135,106.99026441206587,4,0
track_001784,Song 1785,Artist H,24,233209,1,0.6198796659219619,0.8925413895274791,7,-11.90036454283614,0,0.09027436401290857,0.008082340227863529,0.42034597836087406,0.0344709985210572,0.3703370468423699,126.6499288689816,4,0
track_001785,Song 1786,Artist J,11,270589,0,0.8455899627177342,0.7217096490987461,9,-9.605319102045888,0,0.0204391105267551,0.21288566269983714,0.11153806560461796,0.2155970605505696,0.5275898371371931,65.29518633681909,4,0
track_001786,Song 1787,Artist H,81,211908,0,0.5743510628619886,0.9812541674169986,4,-6.715254709086498,0,0.2707944145318532,0.5591950094693052,0.14817544963217377,0.2595840609524536,0.8248196637276222,115.08387663754927,4,1
track_001787,Song 1788,Artist A,13,196347,0,0.6080844995506766,0.6651176112340407,9,-8.010625364541712,1,0.07803892773743053,0.07059679477168605,0.04990771122319798,0.5331711461201942,0.4913163359635199,128.41137498299526,3,0
track_001788,Song 1789,Artist A,9,298114,1,0.24128496882540296,0.6757306498212681,7,-5.452807290039543,0,0.023673589010942478,0.4383248016290087,0.05680301222339032,0.34122885204842046,0.5219082971937938,144.13297318693435,4,0
track_001789,Song 1790,Artist G,38,196400,0,0.4081966799074566,0.8050043752973302,9,-11.717927168330545,1,0.009347704564893373,0.3279676002025213,0.0794310515676086,0.30224854876816765,0.38985316575203666,96.60127970269315,4,0
track_001790,Song 1791,Artist A,22,210470,0,0.8278292162058989,0.7711906493293401,2,-14.047636677130686,1,0.10280200428467783,0.054164464313616295,0.0057321297892439175,0.18105039802592857,0.4747893696013268,194.02117004465805,4,0
track_001791,Song 1792,Artist G,3,149018,0,0.7769028581250119,0.8084746935113432,3,-12.53237630481622,0,0.11824233417631481,0.4076287717011567,0.01219734765709447,0.1705840638675619,0.368969537696597,86.12246807890715,4,0
track_001792,Song 1793,Artist F,4,136719,1,0.42899108101329153,0.9475081693246742,10,-11.637252273351226,1,0.05227677069762329,0.23410982091547153,0.0062331372725646875,0.07014959801218218,0.6150240138972646,73.80904304259478,4,0
track_001793,Song 1794,Artist B,26,120721,0,0.5425390020466911,0.92957593791262,8,-6.848778690391104,0,0.12880991949439638,0.4045080476446499,0.10136190095856792,0.6540635602419355,0.7229784091147439,168.44732890412112,4,0
track_001794,Song 1795,Artist C,89,297628,1,0.7047101981986598,0.6617502446762533,0,-11.302147463128371,0,0.08425051444828983,0.09592740510692697,0.0313975763740418,0.02441392934925273,0.4444270122033103,136.7707274426108,3,1
track_001795,Song 1796,Artist D,79,271944,0,0.7568145463102525,0.503459558935536,1,-9.231743484408893,1,0.0501953669824546,0.14387588516758137,0.0004203101023604106,0.24765125342192074,0.5969671132964413,63.691245602279196,4,1
track_001796,Song 1797,Artist D,25,164537,0,0.7606565499906303,0.9546714281808992,11,-3.113521135889501,0,0.18195898103478478,0.07465398664150656,0.10092849158184346,0.38542469466135254,0.6989175330438853,147.77997118854387,4,0
track_001797,Song 1798,Artist H,31,293631,0,0.9053088199259537,0.5770677640585572,6,-5.321398849920341,1,0.5098760696745941,0.2512282068463684,0.08611760263055702,0.34685398208414164,0.4032013510370364,150.31575449642048,4,0
track_001798,Song 1799,Artist F,34,191473,0,0.8742594236633705,0.6275986187619855,1,-9.930421791962239,1,0.19021263804964733,0.5309767409182536,0.0192450686366938,0.13909078302689631,0.5271266922280923,155.64397680967994,4,0
track_001799,Song 1800,Artist C,11,264051,0,0.6895766314320283,0.5559232656808238,1,-5.029459738507963,0,0.056894698279616074,0.22054007925954455,0.02000450699271804,0.3755219022593071,0.6626157210763644,66.74172999504704,4,0
track_001800,Song 1801,Artist C,37,194217,0,0.7575487375447265,0.6387588535347657,4,-3.7466506937324464,0,0.05623387714703201,0.04558435988347484,0.09314687377185563,0.1473827778793689,0.7420198542348818,177.72000651002975,4,0
track_001801,Song 1802,Artist I,98,147785,1,0.7570329358516209,0.65885887614978,0,-6.137946092679966,1,0.038994658006702466,0.04281101400032305,0.0811400584822509,0.02717760518617969,0.6459930478897994,74.28626576113123,3,1
track_001802,Song 1803,Artist C,3,191997,1,0.7694147401084384,0.8372032382101725,2,-11.358777211547164,1,0.07561860929609095,0.24927384743594017,0.07932327246783519,0.09318876978833708,0.6261333634562888,72.39657707005809,4,0
track_001803,Song 1804,Artist E,79,169383,1,0.7249542830810529,0.819445554463335,1,-3.656694157727916,1,0.048116886204157834,0.4927566214673983,0.011193544892270185,0.14883802801905172,0.5747025369056531,173.27089316971103,4,1
track_001804,Song 1805,Artist A,16,134954,1,0.7412102469843768,0.6712592754905009,8,-12.342243446741108,0,0.3012952094798322,0.17055867190267884,0.015232997268400487,0.04695862953835793,0.6509459946374541,195.4614249635376,4,0
track_001805,Song 1806,Artist J,27,225622,0,0.960403508506974,0.6116487415513302,3,-13.354641867082362,1,0.08016329097103332,0.2561704124889883,0.02194577685114534,0.43411271294327297,0.4000164713072846,106.0532036747354,4,0
track_001806,Song 1807,Artist H,25,225806,0,0.8486389682502401,0.6230368530768206,3,-4.203598955453035,1,0.0455292634744868,0.38126664391664594,0.19276912474425165,0.07238589089985155,0.29447725875279396,195.6176738106087,4,0
track_001807,Song 1808,Artist F,91,263516,0,0.5559843355255476,0.7470847096049749,3,-11.035650739226469,0,0.1045024069161128,0.29409398803349135,0.0623550139799006,0.05220344260878662,0.6433287321553627,194.46001540479236,4,1
track_001808,Song 1809,Artist C,15,251067,0,0.5493271236485422,0.515277347810858,6,-13.581541631107573,1,0.1564779404082405,0.2179698132644266,0.3038399330398093,0.09776965677941479,0.47789791265952036,113.33456882428558,4,0
track_001809,Song 1810,Artist F,30,286561,0,0.836533072829892,0.7928673342853757,5,-10.265334897847712,1,0.007797337240467251,0.06351082090351576,0.24488348733129023,0.16072380079958226,0.5549072663985931,129.98799553776422,4,0
track_001810,Song 1811,Artist I,31,180405,0,0.4793930401361706,0.6727098248859437,6,-14.214274721332833,1,0.03719276910959235,0.48056573908816214,0.057996253120207994,0.3664133451346763,0.5906722534283737,74.95188929038763,4,0
track_001811,Song 1812,Artist E,5,217012,0,0.9576403491543489,0.8910984537334153,1,-5.250536806084519,0,0.015405445613557705,0.08293816727645371,0.09034364269559787,0.3551198959175146,0.461636362399713,91.62655460940528,4,0
track_001812,Song 1813,Artist G,37,289108,1,0.6017489436854286,0.6924734931525022,1,-3.5270242394433193,0,0.006988668973086046,0.36555035622283943,0.32005876798903604,0.06029264087771931,0.4865854709980184,166.19157492983885,4,0
track_001813,Song 1814,Artist I,19,166257,0,0.7934425672671601,0.7834618658943521,6,-7.6107973827568145,0,0.0043940417542822005,0.41118467871385733,0.1067365619171464,0.3736590858977934,0.6231715258732664,144.86198974300845,4,0
track_001814,Song 1815,Artist H,23,232695,1,0.7485455937438135,0.6511323278664958,6,-7.153834592388874,1,0.382774375908196,0.11098368219621459,0.17387768714853485,0.21808937504565154,0.5700673542031871,76.86875931417957,4,0
track_001815,Song 1816,Artist I,12,228400,1,0.9396557523798482,0.8166541413265284,7,-14.350107718054227,0,0.02598360259470905,0.5793859298494441,0.06072713355392943,0.1943317337893025,0.48821961845005185,108.86488584347065,4,0
track_001816,Song 1817,Artist G,2,217366,1,0.948876804763067,0.768676219064538,5,-13.13606903067895,0,0.1613728891561741,0.3396169829574141,0.041337053822210666,0.072320882826437,0.5834651993529781,195.15783479019836,4,0
track_001817,Song 1818,Artist J,10,276295,0,0.6073033150280348,0.7034740572966613,4,-6.110258818536812,1,0.11992030634308656,0.11672317538562592,0.06243581767100945,0.08518128795563235,0.5240310069462505,95.15668163203522,4,0
track_001818,Song 1819,Artist C,17,209037,0,0.8998889141429401,0.880675671532912,9,-5.679041913978885,1,0.12330051808569037,0.1230989992567912,0.05944644690139405,0.2810414026982423,0.5593524698695479,177.12559661252362,4,0
track_001819,Song 1820,Artist H,16,139374,0,0.7324200568219541,0.9044574645820713,9,-3.2501955209847058,1,0.07594696955973912,0.24051289672798276,0.14169341532462248,0.14581614470194448,0.6284604765450214,142.05803383845694,4,0
track_001820,Song 1821,Artist C,83,211551,0,0.5297803467240957,0.8267919890771245,11,-5.406675331359814,0,0.40630176502199655,0.17522638507061905,0.03687497454127984,0.05833775656539517,0.6797175306224499,127.97452445555625,4,1
track_001821,Song 1822,Artist F,8,204675,0,0.7128515196465887,0.6778218626633933,1,-14.387385601068418,1,0.10083032228517907,0.5705026653601273,0.030233699286266177,0.15955603240567082,0.5020463019775967,89.0648388534355,4,0
track_001822,Song 1823,Artist G,23,267162,1,0.6998113151311333,0.9181347664227041,2,-6.786546693984626,0,0.04003097642670066,0.07652588167324134,0.027154188708465164,0.0715754812696862,0.26088200010167545,85.38586124225598,4,0
track_001823,Song 1824,Artist A,95,209059,1,0.7760659651520541,0.8444463259955707,10,-6.063807554982683,1,0.12590141336259061,0.3674090772570197,0.407021393949956,0.37116298861856584,0.7775715968705239,176.5704584483932,3,1
track_001824,Song 1825,Artist I,3,150932,0,0.5232243004845327,0.7309540716768719,4,-13.233205181966023,0,0.004469670499684417,0.09750784001645292,0.04578604236443053,0.0951028631589556,0.22279965337260427,119.91126195099014,4,0
track_001825,Song 1826,Artist B,16,283266,0,0.7212705988157335,0.6775853933092382,9,-8.1459645543208,0,0.14877370898474443,0.3422962369314617,0.06132472815493631,0.08720983477205667,0.40106239186662734,150.94951684140983,4,0
track_001826,Song 1827,Artist D,14,253931,1,0.9586090048589463,0.619020035923754,4,-11.262595872448031,0,0.007097518443235728,0.46295368842024315,0.07272251631853126,0.15209592441229333,0.3297331543820011,87.8894523440411,4,0
track_001827,Song 1828,Artist F,87,221272,1,0.42212834370844066,0.7354647480898957,1,-4.346490249660505,0,0.01811944932638318,0.6162073070356631,0.1506016724634183,0.16209045928994747,0.5985371043799856,66.78003811864586,4,1
track_001828,Song 1829,Artist E,18,231561,1,0.8100825075113878,0.5773462081854702,7,-8.288304229594155,1,0.0737946513867838,0.3889066411704455,0.0810685465715739,0.0838282795098792,0.6813217435947717,160.73650610677663,4,0
track_001829,Song 1830,Artist A,53,139046,0,0.7287410521662658,0.659191349696605,10,-12.286575721155073,1,0.022453269111251804,0.34691364576189493,0.07695154056715788,0.14248041910034806,0.5475942784082732,60.0066554529241,4,0
track_001830,Song 1831,Artist I,96,181472,0,0.8991596168901868,0.6751882333561203,0,-8.415400560415298,0,0.29796748043857085,0.3357117886959789,0.07368336462567457,0.17371037616363563,0.6744708415282406,96.73536528158954,4,1
track_001831,Song 1832,Artist H,92,142487,1,0.5205829565123857,0.4100144520277135,11,-13.857660202427658,0,0.05840893544525858,0.3309654287046811,0.00619491502813017,0.3098198719024999,0.6210940078093659,147.8067948006469,4,1
track_001832,Song 1833,Artist I,27,215987,0,0.39437459547600134,0.3911940244237171,2,-13.909946923301918,1,0.05862495103436367,0.13495606881345468,0.010625592354878359,0.12459109490557134,0.1804396693079349,105.02784742717583,4,0
track_001833,Song 1834,Artist E,41,182496,1,0.6673147328599908,0.523285669401654,9,-10.781010595709578,0,0.0645340670748667,0.20905991956256686,0.04814073433712692,0.16577675595982605,0.5929190191916716,165.36372738543326,4,0
track_001834,Song 1835,Artist J,89,172164,0,0.7634317180433773,0.7149669618366732,9,-7.434075996140981,0,0.028022201334217588,0.12588273889434098,0.040130951034980294,0.25195674243620825,0.572895009028058,73.8781748536271,4,1
track_001835,Song 1836,Artist B,32,241867,0,0.9350121320351721,0.9076715247374006,10,-11.506219032208834,1,0.06541450082383314,0.2681184321108989,0.07284844372484542,0.25698849055169853,0.7469263257457226,130.33873483868274,4,0
track_001836,Song 1837,Artist I,96,224342,0,0.9397934338009473,0.6087231024784997,9,-7.408945210110192,1,0.038379261573321694,0.2331253854929423,0.03980504656578103,0.2614930248476861,0.5666299107250191,140.00481534196354,5,1
track_001837,Song 1838,Artist F,47,218600,0,0.9461442918757863,0.8460887533707062,1,-4.796199434818828,0,0.0752965312635313,0.4604095728321612,0.13319080712585885,0.32885040474571725,0.7131338406361065,189.2648005036978,4,0
track_001838,Song 1839,Artist C,17,276764,0,0.6880898660644755,0.9036947650456727,1,-10.775062392014096,1,0.0015735543161653257,0.06653703286052476,0.07975480239248882,0.1764069906386879,0.5426394709863419,159.14031433429898,4,0
track_001839,Song 1840,Artist E,79,257465,0,0.7096877261284135,0.5404717944442944,6,-14.884288852746021,1,0.10648736035407126,0.17785900057426474,0.2838768576796135,0.2881979247650701,0.3481430884661134,199.12890491929406,4,1
track_001840,Song 1841,Artist I,23,222330,1,0.6286432644899032,0.6225253136729674,1,-14.60797350960717,1,0.021011271725940178,0.2592953894553676,0.007747506748137728,0.3290639646865128,0.3807601024299195,64.43395844120462,4,0
track_001841,Song 1842,Artist J,92,181276,0,0.5099217627414357,0.7484482977552952,5,-4.82860212349221,0,0.018859739031427143,0.21632421051397785,0.02677482059858222,0.28416073120047236,0.544090189691518,102.87284063287062,4,1
track_001842,Song 1843,Artist G,21,266388,0,0.540882024499538,0.7207812156209369,11,-10.35675718737579,1,0.2869557714614928,0.2542898563403435,0.2154663165778039,0.17569438862921347,0.6767923304621126,121.56207924696551,4,0
track_001843,Song 1844,Artist D,35,169915,1,0.3443330153465127,0.4171766716121064,4,-7.656700216871666,0,0.07543484641344313,0.49316195138530133,0.20372409607581055,0.21731946995304904,0.5456072919579796,96.69564764081034,4,0
track_001844,Song 1845,Artist D,18,150741,0,0.5164373991551394,0.7968017709590323,3,-11.314096101003523,0,0.20198119666492384,0.13394865521192914,0.01940318667717042,0.07319974611436268,0.6491158370047946,123.18196441158335,4,0
track_001845,Song 1846,Artist H,10,233372,0,0.9577189323205555,0.8540506248303092,2,-13.472036345490313,1,0.028278253978343177,0.441232529063327,0.2615911078960257,0.17375733679400976,0.5964684077502345,91.02475033862724,4,0
track_001846,Song 1847,Artist H,21,176395,0,0.8093884875437127,0.916902580789889,3,-10.000156804362604,0,0.03417514496951984,0.4949191498431255,0.08515470840038881,0.14321739014011797,0.275700677842872,148.01226300479954,3,0
track_001847,Song 1848,Artist H,11,282666,0,0.42829142510305634,0.5608325385237626,5,-11.805872849002148,0,0.032930570459721316,0.19281456564245048,0.30199427621965164,0.26775820854475746,0.4220183828382198,182.75105598909778,3,0
track_001848,Song 1849,Artist D,97,219772,0,0.7046416619242667,0.8309255777295683,4,-4.402545329391096,0,0.3613539762458111,0.3679708052368217,0.14934069215814952,0.08350913558997704,0.781986759043223,143.5519987864447,3,1
track_001849,Song 1850,Artist G,14,277310,0,0.5570907289295258,0.8044326591330916,3,-6.118623100345474,0,0.05166300153149044,0.11919931654750583,0.03789828529298063,0.04351527277916891,0.7660457757312968,183.74990741225943,4,0
track_001850,Song 1851,Artist C,38,234183,0,0.7754420295786765,0.5649723903829684,5,-5.958894167541034,1,0.0018437636832094352,0.22017638122845054,0.011402433680845918,0.13657723582507272,0.4965667437600046,142.15865076743063,4,0
track_001851,Song 1852,Artist D,34,233585,0,0.4792028901634962,0.6967418444972687,0,-3.3090401385543906,1,0.012749530327960622,0.047724243112477256,0.018660664059223845,0.09623677146427059,0.555493911271723,145.50234965555447,4,0
track_001852,Song 1853,Artist E,20,271117,0,0.40893636819817014,0.8987256660519277,0,-14.560278472087242,1,0.05656599599423836,0.4597621540824977,0.012491269690777927,0.18114110247508328,0.44787999112950627,120.24724693134644,4,0
track_001853,Song 1854,Artist A,23,205184,0,0.5220764756821688,0.6656233285168174,6,-9.321753879091053,1,0.03588212824992591,0.5797490013220183,0.07060115012554012,0.4039297941996219,0.7122054722888905,118.29760637701673,3,0
track_001854,Song 1855,Artist C,10,298445,0,0.528246367803909,0.7779586081108978,3,-14.771642920867237,1,0.05342431243300748,0.15140645007175182,0.035309623411180685,0.11499412957395641,0.6652990053949336,197.02865741832554,4,0
track_001855,Song 1856,Artist D,19,172900,0,0.6838899068860264,0.6347474535592301,4,-7.736257228490819,0,0.12995459568260667,0.690455978533651,0.001295643058417085,0.2166648850028709,0.5791629746378018,195.6970024612579,4,0
track_001856,Song 1857,Artist A,2,187505,1,0.573228115964315,0.9023240798339606,0,-8.362091604131646,0,0.30521692406890333,0.18722669894339872,0.010893188312805183,0.018766272193095526,0.5092701236052292,172.37213416568852,4,0
track_001857,Song 1858,Artist D,11,252446,0,0.9505939631402,0.4647474046481846,0,-7.715983868894112,0,0.04600780435143999,0.17933678144867496,0.039654898806884185,0.10617898786376646,0.6372208823769949,115.21214677231453,4,0
track_001858,Song 1859,Artist D,10,184442,0,0.9383763118604103,0.4830492812620177,6,-11.993530714688179,0,0.07258079166865312,0.09218322293071234,0.29129450618323643,0.08629823236760797,0.6519082128700006,170.4840998351802,4,0
track_001859,Song 1860,Artist H,15,139887,1,0.6475605584501836,0.6878537192258178,5,-12.360594416459382,0,0.2300199236167541,0.3752347356569996,0.035364463387956846,0.3359903043286988,0.48821581019858606,126.87912313016794,5,0
track_001860,Song 1861,Artist I,14,271908,0,0.788389660695761,0.7110181993228972,6,-5.732684051497285,0,0.12446036589837466,0.18749000280334038,0.00536077790588562,0.2127547302381761,0.5608037417779952,85.42243429940419,3,0
track_001861,Song 1862,Artist H,53,131569,1,0.4827000262796761,0.6618500232077975,2,-12.939300149079276,1,0.09028818556103478,0.24775893003874797,0.09503937716915718,0.17803375257515025,0.5877624027519338,105.83698145711404,4,0
track_001862,Song 1863,Artist B,75,203731,0,0.9402325451895849,0.7068398501579077,7,-5.7205371252278265,0,0.04498440238440547,0.16532096748106753,0.09377988991320313,0.0958967785302819,0.42363466806483846,126.39162688521796,4,1
track_001863,Song 1864,Artist A,13,274898,1,0.8726698543208516,0.6895781860350356,3,-7.957100438908837,1,0.05217136134496085,0.16662953633624134,0.01721616857846812,0.1341535563746156,0.48475157047829026,91.17961185176841,4,0
track_001864,Song 1865,Artist B,22,161682,0,0.4396446375865328,0.5670220802729482,0,-13.337589205130282,1,0.09488404647563786,0.10718790983087402,0.06183768341569877,0.03994584355549017,0.696629400948236,191.90411883662958,4,0
track_001865,Song 1866,Artist B,92,278459,0,0.6442347308286953,0.3436887785588593,9,-6.529909337400671,0,0.12692933642053228,0.17464720959909727,0.12175004423704901,0.20139907887764164,0.7476853464004537,81.36306177474879,4,1
track_001866,Song 1867,Artist F,38,274142,0,0.911530831729919,0.6743129247717602,3,-9.799068913101609,0,0.09343620001645433,0.06950128947945856,0.35230605530555525,0.16943993191512113,0.5660823073037765,104.71581273526023,4,0
track_001867,Song 1868,Artist F,46,128360,1,0.5196905774900655,0.6456312097492403,2,-4.644464132359303,0,0.041914088607373126,0.059651492593812194,0.035802458391746304,0.12167575226704043,0.42046534365344745,96.92192639027374,4,0
track_001868,Song 1869,Artist G,34,131227,0,0.7584294727323733,0.672185288601799,3,-6.346299924765482,0,0.040763460784739414,0.2853820528761024,0.26182689307326634,0.18550402259435253,0.5702149161713521,92.83671896217348,5,0
track_001869,Song 1870,Artist D,90,171332,0,0.5308835559418768,0.687885461125369,6,-4.279811340451625,0,0.017535270992595595,0.3595500332504654,0.06279627238427299,0.25229006152883987,0.529150144389381,69.4769330476737,4,1
track_001870,Song 1871,Artist C,43,237230,1,0.6098465686819255,0.8146598761806872,5,-12.295733261005521,0,0.019835932139131447,0.2793888399710059,0.0017783767864974391,0.3018655677469584,0.7946435299968816,175.45476874956935,4,0
track_001871,Song 1872,Artist G,49,140264,0,0.7631085830112859,0.8484694757495864,10,-4.49219073244808,1,0.08193792860639483,0.2990825738743255,0.14037266340937457,0.2531868710826364,0.37849512509734595,74.7914738847116,4,0
track_001872,Song 1873,Artist H,38,293469,0,0.9135167178537152,0.6913964519431186,0,-13.51340175201271,1,0.2247501606261518,0.6544362470549739,0.08507451553470746,0.08475519232645105,0.6186251076159232,87.03580107973485,4,0
track_001873,Song 1874,Artist F,30,164867,0,0.7108387624359008,0.5279052114418185,9,-13.707090267770432,1,0.06654966126389687,0.06352594066438381,0.07796198822478197,0.27348913685624404,0.6320968739453522,196.9544052083621,4,0
track_001874,Song 1875,Artist I,26,249079,0,0.7745528585204107,0.5492594968203975,3,-8.197623624464043,1,0.2938127275377488,0.24702703547821486,0.059508304083734184,0.020435936431569483,0.5903008783394832,117.09895002049583,4,0
track_001875,Song 1876,Artist C,11,299869,0,0.8203124078557873,0.8053347346480774,6,-14.827512368535706,0,0.022441320502541898,0.24788245784549562,0.06773868717252085,0.2157709988930181,0.4464160275016512,173.4873615860875,4,0
track_001876,Song 1877,Artist G,12,247677,1,0.8161495282958189,0.5627822970838224,4,-8.753033854883194,1,0.010028995295350623,0.355939464988614,0.0422080374018399,0.032301303326055915,0.35859442589606966,132.30727127359603,3,0
track_001877,Song 1878,Artist A,31,224319,1,0.4487407034261512,0.6684315976871225,6,-13.718738071698102,1,0.003234732487708915,0.06358162231121564,0.2216278763071558,0.1787453423282327,0.5728232329097905,174.45013105828312,4,0
track_001878,Song 1879,Artist F,10,207189,0,0.47185563841710754,0.8632402211036089,9,-5.618350709919753,1,0.005298365223774096,0.022015073646058855,0.05226993211930047,0.0495493064968836,0.42665073271924314,87.16248012084225,4,0
track_001879,Song 1880,Artist E,28,284557,0,0.8761117180660262,0.8197641021438733,6,-8.045332593280447,0,0.1287799336497141,0.1461796117361636,0.27897346155745134,0.1969788548447497,0.5089406269171233,105.16350439331592,4,0
track_001880,Song 1881,Artist D,16,157964,0,0.8682272405606508,0.8217320344473005,4,-13.23603018821442,1,0.11291235941714965,0.4171006446715612,0.21426480285276098,0.4538802956797151,0.43698487457605284,77.04151989124537,4,0
track_001881,Song 1882,Artist H,22,205799,1,0.43321496123905656,0.7042480183312032,0,-5.81630939708756,1,0.07097824301277494,0.45882105631700626,0.33048756829211695,0.07018549827484205,0.4026111398063075,152.77674882342518,4,0
track_001882,Song 1883,Artist H,24,171965,0,0.9300393062034084,0.70036127493569,3,-5.767084037536453,1,0.20021921319465527,0.042437246198305335,0.11494870047059179,0.2404702086882311,0.3784607051436197,109.7300388132564,5,0
track_001883,Song 1884,Artist D,19,237775,0,0.4538738308093294,0.5486336707446262,4,-6.738563847537302,1,0.10037394266348515,0.6105450477172522,0.05140259324103207,0.07342309392083989,0.34404464541163904,180.4416720428601,4,0
track_001884,Song 1885,Artist A,29,216529,0,0.7121116559387796,0.7879735480650473,8,-4.704299674505117,0,0.46255469651847475,0.12881606924988684,0.06178715861864749,0.06971815039613036,0.49168046706178914,188.1701319677596,4,0
track_001885,Song 1886,Artist E,94,191296,1,0.6860555942286867,0.9426818218511522,3,-6.2180316397518425,0,0.16140470907694518,0.23537493641269436,0.03654630033285542,0.25650249256361674,0.5772997296185212,157.86869858091404,4,1
track_001886,Song 1887,Artist G,91,127076,0,0.9347556351865391,0.6650683625903823,9,-14.367866657763251,1,0.04298509271294617,0.19179765312597044,0.005080067330900166,0.15843919379793517,0.5575838011789154,196.1657667167275,4,1
track_001887,Song 1888,Artist A,24,237503,0,0.8096699194568622,0.44581437764038573,1,-3.2891913954887837,1,0.025038484512063523,0.5321852752062836,0.41825151229022367,0.30667075371608477,0.7513507053511104,147.6879435574944,5,0
track_001888,Song 1889,Artist G,28,123468,1,0.4857581989734255,0.864002019088391,0,-14.116122735624435,1,0.01638962263729195,0.14615925598373397,0.08899599130915702,0.07576899382531575,0.5744669833990939,140.70789705290326,4,0
track_001889,Song 1890,Artist J,18,186083,1,0.9290766393648657,0.7527040231151815,6,-13.306090722030257,0,0.12059854981897553,0.1657448413764161,0.029509381153020705,0.07010967618380094,0.4277749642772311,73.27618799410101,4,0
track_001890,Song 1891,Artist F,22,265508,0,0.3785490684416065,0.6478631396839617,2,-10.72797169010987,0,0.038255702192402014,0.20384804863198513,0.06570159470002157,0.38709589739830796,0.5160316082968712,128.2899255671687,4,0
track_001891,Song 1892,Artist I,21,142236,0,0.8490786495896337,0.8011357270045727,4,-10.773703591320372,1,0.01595972160725523,0.28036427558849025,0.022393704967231903,0.30864521174892157,0.473671287543375,188.74707473790068,4,0
track_001892,Song 1893,Artist E,39,187147,1,0.9054779111429831,0.6244036034809087,2,-6.3217763555822355,0,0.13850088418253012,0.19715855797486861,0.13997809620477542,0.12093217133639052,0.48914919267121554,120.77309502634287,4,0
track_001893,Song 1894,Artist J,53,165213,1,0.7640357517392667,0.8510104790025662,10,-8.722588427713887,0,0.005347541420793623,0.7056901056718146,0.06332602687800748,0.023728593195516835,0.572979344123151,152.29675732712576,4,0
track_001894,Song 1895,Artist F,11,262645,1,0.8039170604106886,0.526343687999565,10,-8.451544116204538,1,0.13505204803862342,0.1282616641575652,0.17621983403242053,0.308148857023412,0.5483779884642724,133.76533372920488,4,0
track_001895,Song 1896,Artist A,33,122482,0,0.6979711310810814,0.7774351935400418,0,-9.93917584929449,0,0.2490234408188867,0.8615569878015519,0.05453401789639825,0.1103672176374569,0.5927568862953388,96.76934406475075,4,0
track_001896,Song 1897,Artist E,38,228052,1,0.48024851236202193,0.821479511065461,2,-7.499857445858794,0,0.19157023404883156,0.5963485881643281,0.1206383927804672,0.04713248049567784,0.1285194173301949,165.46755374222556,4,0
track_001897,Song 1898,Artist G,28,154422,0,0.9331822403894974,0.7234549347455144,3,-12.167156312792446,0,0.28275361259531173,0.26082995797155994,0.04774606631917866,0.13699236996372766,0.6140600096705388,169.21143346144743,4,0
track_001898,Song 1899,Artist D,86,290651,0,0.663497178499642,0.5669742197593787,6,-5.37516801053928,0,0.21740233149629898,0.04770681323798748,0.013547099146641903,0.1622356108221365,0.5563751265490318,67.49109993717593,4,1
track_001899,Song 1900,Artist D,95,241227,1,0.486576938731823,0.8624186376975939,0,-8.913618018659951,1,0.07183450174399543,0.20722387037371204,0.03670919155504632,0.08160284999708313,0.48441489211062566,161.98759340286932,4,1
track_001900,Song 1901,Artist I,23,277726,1,0.7252667217620747,0.7812751705266234,1,-8.884584794245175,1,0.10649362029802842,0.6862228172000423,0.023482272453184714,0.0940048070020078,0.39871668656973813,64.2048293164402,4,0
track_001901,Song 1902,Artist A,14,155377,0,0.7018262275184968,0.7664959824189177,0,-12.332287671726887,0,0.1511232216710057,0.07262842069209079,0.25194300814924037,0.278438594412393,0.37041076804586737,149.36211979338697,4,0
track_001902,Song 1903,Artist G,34,279947,1,0.7081996933755712,0.6127434435896354,5,-8.589014744665576,1,0.11049627401280189,0.2895315558688947,0.10361029859519423,0.29543092752666056,0.36053879238585423,102.19365775800529,4,0
track_001903,Song 1904,Artist I,11,219291,1,0.8160672123336697,0.538095171659906,5,-3.5746262542397993,0,0.08629679307609336,0.09239768213704608,0.015810749075630095,0.1631624221354307,0.6764258299910875,99.02485148186253,4,0
track_001904,Song 1905,Artist B,36,179633,0,0.6066971136539319,0.34522076864409224,2,-9.685866937244604,0,0.03854219995333193,0.26738275629806374,0.028061016064386664,0.19313067169081796,0.6149481064527849,83.81256518761599,4,0
track_001905,Song 1906,Artist I,9,264836,0,0.4367468171926396,0.7699385496850346,6,-3.6103059096579635,0,0.149912491885072,0.18218965944969312,0.05250491964972468,0.2717940032463152,0.4148213167969048,197.3656042387903,4,0
track_001906,Song 1907,Artist H,94,223512,1,0.849868504413851,0.9027046384571802,3,-3.322836388518631,0,0.12039108420458283,0.45083625003532596,0.11878661497203376,0.06253405245415378,0.3647243617443556,138.36587157787548,5,1
track_001907,Song 1908,Artist H,40,262099,0,0.5859884482163956,0.8509010588421043,4,-6.781799896434482,1,0.16754122738417448,0.13185623363091378,0.07654529696510927,0.20562340807280202,0.494401698490718,144.85039707388512,4,0
track_001908,Song 1909,Artist B,24,274132,1,0.5863415038476129,0.7633757182807659,10,-8.695144587705022,0,0.09910333002332486,0.24427512924604597,0.08304989210336898,0.18241378540493583,0.5106344826277877,119.54346191187034,4,0
track_001909,Song 1910,Artist F,7,130485,1,0.7421000783711595,0.7009063784458812,9,-4.283503880101147,1,0.22300504296486526,0.2577986991940483,0.3407757309248747,0.21087165991081985,0.4631303299890682,89.5603159225542,4,0
track_001910,Song 1911,Artist I,84,153314,0,0.671378420915448,0.6388391815509832,11,-7.77300996229881,0,0.1396120547475535,0.5320429073807625,0.06262999627180518,0.28300444571224115,0.40892067413125566,136.73583804628447,4,1
track_001911,Song 1912,Artist G,12,211145,0,0.8803645354764594,0.9349469635932718,9,-11.079604330769076,1,0.0651804773945237,0.6433576693422939,0.14256089283752224,0.44917103695062066,0.21604820015155135,137.87255635774287,4,0
track_001912,Song 1913,Artist E,34,198253,0,0.6482658388050075,0.6450076300747564,11,-4.685309599107519,0,0.08893684890861324,0.19995996376734493,0.3755557608922761,0.2227528207719694,0.39736818608616603,62.191091312500056,5,0
track_001913,Song 1914,Artist C,25,184099,1,0.7680031703702153,0.9415959218919657,11,-13.433773710419093,1,0.004880273376547328,0.43209961826026255,0.08147849272012085,0.2746697713270247,0.6784088709868162,138.81789943890422,4,0
track_001914,Song 1915,Artist D,51,165309,0,0.685278467629,0.9125272964831337,7,-13.714658649258926,1,0.0903812320953887,0.26683171121495763,0.030262996634307832,0.08859937458128482,0.28194528825246706,185.92040805336597,4,0
track_001915,Song 1916,Artist H,19,284340,0,0.6987613059712405,0.8118571106279329,1,-9.154675984278565,0,0.00869646243647497,0.15595326660477135,0.06994828876248421,0.18308122393451512,0.5694798243074903,137.83811186531403,4,0
track_001916,Song 1917,Artist A,4,222267,1,0.6859824326093622,0.854075910065628,5,-10.17892338164986,1,0.006579665119727172,0.04871841527143419,0.02859937992703449,0.2105653015238271,0.47576771514321986,136.354741999826,4,0
track_001917,Song 1918,Artist I,30,240823,0,0.21896025398584226,0.8630778048701933,10,-3.8473035428631963,0,0.02869555593810918,0.40709188516938744,0.05633758059827798,0.16054024385435048,0.6562401976189771,188.1704205601939,4,0
track_001918,Song 1919,Artist F,49,180361,0,0.6560750736201967,0.27607667677928616,5,-10.991550664227827,0,0.04450177213894755,0.36696556033066585,0.09421203275519006,0.21796600325089177,0.6433695400104218,159.50681534109773,4,0
track_001919,Song 1920,Artist J,39,189833,0,0.7473146635429427,0.8258192054040268,5,-7.529741022813758,0,0.03658243223373947,0.07092732992899219,0.05429416854867412,0.30979185044633273,0.6367199026269922,131.69975087006554,3,0
track_001920,Song 1921,Artist G,51,266273,0,0.7501318276511384,0.8365527476474662,6,-7.370705362669749,1,0.0750531795255816,0.061706703682758726,0.08354184072996519,0.37914656597851354,0.33723215495756886,159.75042509943853,3,0
track_001921,Song 1922,Artist E,26,176625,1,0.6262718268119368,0.8313206029214372,5,-10.594196248096686,0,0.013521640025319122,0.18192940221989162,0.05154535389418013,0.15604371559529565,0.6199442700864366,137.93889165456767,4,0
track_001922,Song 1923,Artist H,93,190880,1,0.7639257956158556,0.46836094080061513,11,-14.512161658984343,0,0.20408469606119775,0.30909727862747893,0.06989468806999344,0.06269983987228801,0.405224583539654,163.7946880200235,4,1
track_001923,Song 1924,Artist J,36,245468,1,0.8354805463945337,0.7155293415386653,11,-6.371994053670122,1,0.034029368566139494,0.5617858838073093,0.22206311907697926,0.3457086572044178,0.17873645891631118,149.65089853452145,4,0
track_001924,Song 1925,Artist A,43,130711,0,0.7829301025493165,0.8614214762694584,1,-12.101967187757566,1,0.0422014409187247,0.29389451666324895,0.015751667708014557,0.12846783528231143,0.3374655760734743,138.10688908833345,4,0
track_001925,Song 1926,Artist B,92,253496,0,0.8668456523599114,0.7027618787092021,0,-4.0909785849205615,1,0.08705768422490996,0.5387367797778931,0.139011470919189,0.16794733942109158,0.3918052209191037,105.07689330458652,4,1
track_001926,Song 1927,Artist A,23,274103,0,0.7405904113427859,0.6926181381475078,9,-9.390994894773252,0,0.2686280080610184,0.6271177585104644,0.10190573787141828,0.28957739632002943,0.35789013940005526,119.06115387981063,4,0
track_001927,Song 1928,Artist G,83,198886,1,0.9499788386359462,0.5595790130800462,2,-5.478241554893533,0,0.07465336548765159,0.3017046489282577,0.1819197181217719,0.15142721211583213,0.31334962176467385,109.82246392123602,4,1
track_001928,Song 1929,Artist H,82,172047,0,0.7427243563512422,0.6350292456207005,10,-5.546272133205331,1,0.16051439329394188,0.5487892955129422,0.06234254508576413,0.40228914198871674,0.5123846252753341,170.7022022635315,4,1
track_001929,Song 1930,Artist H,12,135740,0,0.6720679496833537,0.8158655711128407,3,-5.215737689865213,0,0.029748172261521322,0.5299505287100124,0.16416906869854211,0.13680162462638415,0.5271964774846774,72.83641399862901,5,0
track_001930,Song 1931,Artist F,34,158682,1,0.8251168031372685,0.7776270433392264,10,-4.2367657868245665,0,0.05667078214380731,0.10819007983208896,0.08221942136906511,0.10201504571440798,0.6460282028387903,168.01841848568336,4,0
track_001931,Song 1932,Artist J,33,205061,0,0.786302771151544,0.422993470374285,10,-11.95871254840122,1,0.054689266243259524,0.20622820346300708,0.15364251664143933,0.16134116376718496,0.6983658872611198,127.16720415555727,4,0
track_001932,Song 1933,Artist I,86,234892,0,0.7394251554739606,0.7270908147028489,6,-14.534737932551554,1,0.09122249123397526,0.26739915779049706,0.054617707735188974,0.2808695634318581,0.5983554803175055,166.51896488288114,4,1
track_001933,Song 1934,Artist D,38,285392,1,0.5942229203068823,0.8743312036991764,11,-10.607307494265385,0,0.03734293615134056,0.2829594373579271,0.08284681397811411,0.16726163491962118,0.4883990550935493,72.54885674162479,4,0
track_001934,Song 1935,Artist I,81,242078,0,0.7911866143037123,0.8511287649597237,8,-9.025012451022212,0,0.01572500939728552,0.24559849029292002,0.059077545753325626,0.15327058267151922,0.6535511432258354,127.69889746141425,4,1
track_001935,Song 1936,Artist H,36,238371,0,0.6945748333747787,0.7053309027873369,8,-12.651416985287792,1,0.04367558406105204,0.34696965334860885,0.05065040607683359,0.048648743355392474,0.6142889867670699,141.25194439184395,4,0
track_001936,Song 1937,Artist I,14,229806,0,0.5797148653843414,0.6949973160209072,1,-11.530398265446626,0,0.19912972853122518,0.05422928333598561,0.2211222241399584,0.19952906302566872,0.6475580938385939,170.821633486312,4,0
track_001937,Song 1938,Artist E,11,252339,1,0.9492617390770521,0.8778829217362651,7,-10.920372988961933,1,0.08317566784880914,0.6386752833604635,0.18273682586749548,0.09688022980394306,0.48353574508358776,143.42085004710654,4,0
track_001938,Song 1939,Artist J,14,260921,0,0.5088456148380399,0.6992502322089437,1,-4.779175063127834,1,0.005294256084513113,0.33024485676215926,0.05388839691112716,0.294909324327397,0.6016699943533054,146.5894338885664,4,0
track_001939,Song 1940,Artist C,28,255460,0,0.5863670523471409,0.5438240524194897,6,-8.832823138134424,0,0.09552594850508798,0.1117958853036567,0.015684585362886905,0.12528280345096135,0.8100583977132615,143.4202061121807,4,0
track_001940,Song 1941,Artist A,81,192852,1,0.6394789531503982,0.39047501560713566,2,-3.7860026518617946,1,0.12103968733650125,0.08724187053282223,0.4328826138830233,0.17565488547797295,0.4873033442468139,123.67442280420558,4,1
track_001941,Song 1942,Artist C,90,171055,0,0.5975875354137057,0.769223239560056,9,-7.640152931246981,1,0.006952861406568655,0.6627037875045897,0.08456428941737706,0.19401409811559614,0.41007355959199154,113.38526527439757,4,1
track_001942,Song 1943,Artist J,29,286241,1,0.7115717113458657,0.7677996847225479,2,-5.46087723364599,1,0.08851934615235722,0.06509070229246397,0.012072384701847653,0.051044221473177324,0.5502115388432052,78.63359938136739,4,0
track_001943,Song 1944,Artist C,87,182415,1,0.6938383565427078,0.67082771539228,0,-4.844818538188303,1,0.015390750787233098,0.24098945218073767,0.04405679356837284,0.08255840091378028,0.42165951140867236,131.04911242045608,4,1
track_001944,Song 1945,Artist H,27,271650,0,0.5931688103679816,0.6868519409696234,1,-13.390146843004889,1,0.08839820971351063,0.1373827900398269,0.25517964216558114,0.3345191675048684,0.7795120709202191,62.76985235356356,4,0
track_001945,Song 1946,Artist D,76,258369,0,0.651866823572037,0.45163386694364,0,-10.604027126501391,1,0.16647331364559576,0.559228709249203,0.007935053075970967,0.33142817064139923,0.20907995462446954,191.99415688988108,4,1
track_001946,Song 1947,Artist D,5,221243,0,0.519930492343825,0.6142230080408827,8,-6.738234037134724,0,0.30956118260857984,0.25040367095782545,0.09228879113655222,0.09811031164673138,0.5725403007784255,70.54663729836368,4,0
track_001947,Song 1948,Artist E,21,176437,1,0.601110841204619,0.7612227982863329,0,-3.368036221783715,1,0.00813140536829512,0.5054783164237189,0.12246965894569146,0.035171763524366136,0.43414682100895324,93.64985106509317,4,0
track_001948,Song 1949,Artist A,8,245113,1,0.669735811758174,0.9169047181227851,9,-11.70765916233087,0,0.0649544207196063,0.3017035779313928,0.050247908764066145,0.29600778845224435,0.49836970240079076,118.21923553133976,5,0
track_001949,Song 1950,Artist C,24,211353,1,0.798547516811938,0.7652790233736179,6,-4.333301579874714,1,0.08768472413005422,0.6472335564729903,0.0012479140336635775,0.22423384091635534,0.5731116515618195,137.41588727877973,4,0
track_001950,Song 1951,Artist E,24,170929,0,0.5163504131628802,0.5238358394283501,5,-4.23809397125088,1,0.10019179128464313,0.036055478536066166,0.4574254521014585,0.17991248480227584,0.7547219340486127,167.2035411921197,4,0
track_001951,Song 1952,Artist D,24,193396,0,0.9275531621979863,0.8452426084943163,6,-6.631475352196938,0,0.05496077802277878,0.7595873369354732,0.07534661052662416,0.3511768323046272,0.5744451881132306,122.65457685144348,4,0
track_001952,Song 1953,Artist A,25,158865,0,0.7395343325496768,0.8271588053189227,5,-7.028984824743489,0,0.09539564970924576,0.28546276874995374,0.40132576638494827,0.2468535974297916,0.40497035389880237,155.56380811456862,4,0
track_001953,Song 1954,Artist G,26,192024,0,0.7000513987872489,0.8985015405543665,1,-8.975400084286914,0,0.016814429900724955,0.12203306660247754,0.02574321838575347,0.022811998334833255,0.6681686615845938,126.7453329228133,4,0
track_001954,Song 1955,Artist D,16,243978,0,0.6918552864795698,0.7088013097312185,7,-7.102898532885655,1,9.97565916784697e-05,0.1996729890565574,0.042845517541790966,0.28742952340463657,0.6237476669766726,130.0640078536129,4,0
track_001955,Song 1956,Artist E,93,222491,0,0.7420926059965195,0.2959712486148397,8,-12.598913872837993,1,0.09113447456193774,0.19381251111449052,0.027284232170248852,0.26636040099001135,0.4874035404317363,156.73078071742475,4,1
track_001956,Song 1957,Artist D,51,192836,0,0.400134899171487,0.7057702607148645,9,-3.5735601975775086,1,0.02588444684878225,0.48623293210861723,0.012931965154511322,0.22164847916913247,0.42276138304690397,128.93009810386184,4,0
track_001957,Song 1958,Artist E,11,211291,0,0.3562173748557508,0.8142806607396073,8,-8.55678910747714,1,0.18188159596441572,0.530114584986357,0.014625645073327859,0.3331735140309018,0.6155770591953771,173.50187645473684,4,0
track_001958,Song 1959,Artist E,44,124554,0,0.8365601275868677,0.6615614619526449,5,-11.58800420952696,1,0.04605913250452337,0.5170349634507402,0.1690441607240416,0.34198929137557177,0.6160762199288723,122.92213460920652,4,0
track_001959,Song 1960,Artist D,5,166059,0,0.7221260915476145,0.6692419612325865,10,-9.70043398980453,1,0.4054644964585214,0.5343114760465164,0.19823824329385423,0.1578649059502519,0.4253632980258806,105.13408997593812,4,0
track_001960,Song 1961,Artist C,24,278772,0,0.9045103123194066,0.5509359399121068,4,-14.403038131181411,1,0.10280530317186316,0.3402666692747219,0.10157321415918096,0.15505537588197973,0.1827030796507547,68.638235350688,4,0
track_001961,Song 1962,Artist I,60,146627,1,0.6540861620875398,0.9701408847115469,1,-11.208833172969575,0,0.08673259826728591,0.29386843945334296,0.33040844668473063,0.08082696954129334,0.6092455542429801,101.12845678559412,4,0
track_001962,Song 1963,Artist I,40,160785,0,0.6783945006503916,0.6669915178632803,0,-6.954731854432243,1,0.1752535515801048,0.2047146413002201,0.2756011022463712,0.20046914615035363,0.6453089223237073,181.55339628728854,4,0
track_001963,Song 1964,Artist I,37,136643,0,0.6531882902115419,0.8691868446887552,9,-10.937464964086756,0,0.16159918293953623,0.530942037147228,0.0644213911083584,0.165497953367215,0.5068271154157931,186.9881172230293,4,0
track_001964,Song 1965,Artist D,41,297507,0,0.5959172954204961,0.853848744707463,4,-14.260562284023862,0,0.08793240227071243,0.3423131492098793,0.06312694372119165,0.19419473724394595,0.4103731904744773,176.44087319862547,4,0
track_001965,Song 1966,Artist J,14,178132,0,0.907480076490543,0.9016698914044468,5,-3.91415586178616,0,0.017025474597631603,0.37199091004130413,0.1586056389698168,0.10195932483893433,0.6498684265764476,174.05945309859015,4,0
track_001966,Song 1967,Artist B,46,173164,1,0.9168424211689182,0.5423136500680825,2,-3.7287708930929995,1,0.20238095539905218,0.41192752083062195,0.2120243416426574,0.25829863997238667,0.5033123792016796,101.11710085054759,4,0
track_001967,Song 1968,Artist E,17,218591,0,0.89288003825595,0.8904341189635685,11,-4.028413222854734,0,0.10562469449888248,0.4872595810456173,0.015692320848305505,0.12967884130909751,0.6105896832578459,89.77398640424067,4,0
track_001968,Song 1969,Artist F,98,193673,0,0.7368751332851227,0.6131462065900096,8,-8.46373407927196,0,0.02427830463906098,0.21372711458042723,0.0337487201611019,0.205085150461374,0.5889647126702064,177.22432975852485,3,1
track_001969,Song 1970,Artist B,47,166875,1,0.5806649814431817,0.6514559533736035,8,-3.1968337745600692,1,0.12668769921924236,0.28739186320042076,0.04105063043320142,0.10365935910570226,0.3882868504100491,167.85046780981088,4,0
track_001970,Song 1971,Artist D,33,184102,0,0.6613467065538816,0.40400986044050907,0,-12.96557990719625,1,0.029817639221712218,0.02457201199099119,0.005586687654718868,0.14199992022526015,0.6363702470091063,129.23347857048554,4,0
track_001971,Song 1972,Artist A,22,179469,1,0.640855255009656,0.7114892065761058,7,-6.363163452047628,1,0.180719024458151,0.3658385432360634,0.10292665007834596,0.34288435160327346,0.6303273655876147,128.08975261844958,4,0
track_001972,Song 1973,Artist E,18,144592,0,0.8817435732757539,0.3752959470034143,10,-4.120320979265074,0,0.11626247269375187,0.09391631984089353,0.0719612152469236,0.20850915983565482,0.5954226187549286,152.22295404414461,4,0
track_001973,Song 1974,Artist D,40,197179,0,0.5221218803683266,0.4151302803256766,10,-6.960905527881955,1,0.008316231314465678,0.6149531327142758,0.17733558984351486,0.18804643276174732,0.6210533745871416,196.59661829792574,4,0
track_001974,Song 1975,Artist F,5,233607,1,0.652260603324515,0.4052516114390112,2,-13.997365521094325,0,0.2688615892221627,0.28938476577661476,0.0191049662104214,0.14886364420823753,0.280424897761772,173.33597197153864,4,0
track_001975,Song 1976,Artist A,31,207157,0,0.9264556463126844,0.4849672999717562,11,-9.76283048695626,0,0.15180066713278967,0.12443185762613303,0.052006741530002946,0.03670098417446326,0.5259942166056241,138.81169264190908,5,0
track_001976,Song 1977,Artist I,29,156843,0,0.6049062453916156,0.6146898912284975,6,-4.328646982463212,0,0.06523690147892308,0.7587062519404779,0.07711179428397368,0.20552774072419927,0.4646776061904109,132.91819634490076,4,0
track_001977,Song 1978,Artist A,35,178103,1,0.8495188037017358,0.6841715588893984,2,-8.506390648216662,1,0.12694307560728402,0.11996721011124599,0.02982885332578375,0.21249563473368702,0.693747994691103,131.65186847443064,4,0
track_001978,Song 1979,Artist F,14,264064,0,0.552516311286344,0.7477314771198055,6,-10.239918227396982,1,0.13293835920776687,0.1475205739072379,0.20146854365865918,0.36500173397855595,0.4913426968837162,170.90560438428957,4,0
track_001979,Song 1980,Artist D,26,258143,0,0.7390443298657716,0.3742583436188146,4,-8.773584742231533,1,0.05639710161809396,0.33018466474041647,0.1941320755993677,0.092703062749847,0.47151001872037435,75.1658328240431,3,0
track_001980,Song 1981,Artist H,11,139703,0,0.5410398516009797,0.8623406988167902,4,-12.782224739653074,0,0.10748655930712085,0.2448233551169024,0.2084942648437519,0.24096004236879465,0.5292733682673785,159.65157381338844,4,0
track_001981,Song 1982,Artist B,26,156656,0,0.28290437023015397,0.8804806766433434,9,-9.551108062803287,0,0.1899036804412468,0.13444707973206957,0.10363782408344177,0.1876585089685256,0.3864108158916634,150.48809662169938,4,0
track_001982,Song 1983,Artist G,15,250117,1,0.7033866822155517,0.9653171030991441,8,-12.139728566312884,0,0.06196003107202242,0.26973417318805915,0.058298098793377336,0.057861417045847324,0.3258310833674426,156.2703864639455,4,0
track_001983,Song 1984,Artist G,20,219970,0,0.8201702413615507,0.9474858650265995,7,-13.356253115101307,0,0.28514454878657647,0.1922636377197452,0.5146900881818793,0.3040465399518581,0.5348678103430894,117.80608529612928,4,0
track_001984,Song 1985,Artist C,92,147328,0,0.3407058281053529,0.9359454054403588,2,-10.476510457743645,1,0.15017023880282104,0.3343946328476307,0.10053614149064216,0.14507339373339614,0.36682578908007035,88.54864640367147,4,1
track_001985,Song 1986,Artist I,23,295966,1,0.5551411386161659,0.8433711488740984,10,-6.416380571044861,0,0.32638237951299587,0.18311514805631832,0.036030139241769586,0.14670173186904226,0.3698909802423471,151.2332503665703,5,0
track_001986,Song 1987,Artist G,88,185524,0,0.8809625691714276,0.6657550617392246,10,-7.292778936660492,1,0.00988370889559584,0.3678069752209174,0.19836463622462822,0.26193302170546795,0.545530651912157,90.52556729583517,4,1
track_001987,Song 1988,Artist D,41,246559,0,0.8310558488332473,0.7930615107955635,4,-14.922271925570678,1,0.2745680807630659,0.5128166029677668,0.2879062751251492,0.09717325671028133,0.45524879748954983,81.6490680475358,4,0
track_001988,Song 1989,Artist A,62,120599,0,0.8938105650011124,0.871306309592814,8,-8.133880517798492,0,0.0013765708056716825,0.8272271857995085,0.08432861642939225,0.13849208460380513,0.5854315550709397,150.10746550967434,4,0
track_001989,Song 1990,Artist E,32,278466,0,0.6841232032765314,0.802136717554583,0,-9.922331616985245,0,0.17205153260119527,0.22458862311553007,0.21583230787151778,0.35453157132157603,0.7980791540196549,129.6035130293567,4,0
track_001990,Song 1991,Artist B,13,226276,0,0.7999759197188248,0.9258595897407659,0,-6.867432546644201,1,0.1613000565640445,0.02574414593453369,0.5241077851637165,0.0856573802733544,0.42750868841409606,125.97124499908179,4,0
track_001991,Song 1992,Artist D,18,240788,1,0.80078813247067,0.8999860481039793,2,-11.376101356827018,0,0.2261016613271599,0.313820563297231,0.16356202421814353,0.028249595144883052,0.671673114204573,136.34022094900345,4,0
track_001992,Song 1993,Artist H,0,239271,0,0.21543785384410236,0.7833958313295758,1,-5.555730418791976,1,0.05779514404199139,0.24459722001239975,0.1167749390756489,0.5481157047899464,0.5126788802947064,60.37976986996376,4,0
track_001993,Song 1994,Artist E,19,121634,1,0.7540111092138435,0.8498010007535923,7,-11.564424739960884,1,0.11746648438753195,0.4808663892906886,0.04255578942048714,0.28407786982758465,0.4675938506911727,87.39079612929022,4,0
track_001994,Song 1995,Artist C,25,248798,0,0.593225765234648,0.8891768695599497,7,-7.017555581818511,0,0.09975628437321814,0.24806131380052576,0.014880263980765775,0.15333176513514485,0.6226637556849687,103.03885900823785,4,0
track_001995,Song 1996,Artist B,43,242315,1,0.8309061306383765,0.6614471523725064,7,-14.898380870389158,0,0.0037772440599409536,0.1148688541644523,0.10008589557149195,0.1117386637377279,0.6221714639537,167.39827335978222,4,0
track_001996,Song 1997,Artist G,93,261677,0,0.6743725063150011,0.6646913022986758,2,-14.907358064483718,0,0.04871213506571238,0.12381527887164889,0.0012503978496035044,0.15955448790890275,0.33512578413211475,134.39593952090664,4,1
track_001997,Song 1998,Artist A,94,253942,1,0.49993071913469966,0.8426091294569799,1,-11.898609253850275,0,0.26316747691641185,0.565000776734052,0.0012865938197223147,0.10699584717622587,0.18960237452346887,87.69826461065422,4,1
track_001998,Song 1999,Artist C,5,170250,1,0.8340895721526035,0.44773766199767995,7,-4.738591482159054,1,0.07255091692846724,0.2716505325660614,0.0539985759052018,0.4075418683489585,0.7675654507906456,117.96468672093707,5,0
track_001999,Song 2000,Artist E,53,157039,1,0.6789037802330642,0.843477009747639,2,-9.007578006959635,1,0.16999738572032658,0.09933518956320024,0.13154808885973238,0.31197745459465814,0.47443497757994746,74.02482651079384,4,0
track_002000,Song 2001,Artist F,48,160831,0,0.7529835845201942,0.8376572150033484,10,-13.227342975413743,1,0.0838588879678031,0.46277404691449975,0.2619233551984204,0.29824398655238726,0.3247216513532873,143.03392134804858,5,0
track_002001,Song 2002,Artist G,35,153208,0,0.398436588938016,0.6613900443440759,11,-3.8008049638538033,0,0.10562870414097819,0.10217666310069169,0.0031883343536347544,0.22736567117869655,0.3020917586290746,67.80146251488964,4,0
track_002002,Song 2003,Artist I,26,261319,1,0.7614383212334388,0.5747514024132625,5,-6.010923946413463,0,0.18472976685223416,0.11608290733681716,0.21809641077231756,0.3906185267438447,0.4505781153833015,177.13275809731226,4,0
track_002003,Song 2004,Artist G,59,278842,0,0.35203989009954817,0.2699773133752961,10,-9.675725208798562,1,0.04714009944850129,0.2959228119370697,0.05051163346288417,0.07832350350468001,0.5969323395247118,150.8323426809136,4,0
track_002004,Song 2005,Artist C,13,270636,0,0.38975497064973247,0.7972211409391206,9,-5.640738999465473,1,0.051267164427445056,0.1909456878045313,0.055111242070732015,0.3528485309448422,0.6179246941571759,110.12306850023583,4,0
track_002005,Song 2006,Artist J,50,182759,1,0.8572749020813366,0.8522384128153659,4,-9.523943751071485,1,0.045872126140606165,0.2844184204641833,0.046215037824902334,0.09619240521001778,0.44579536477329423,103.77753949090476,3,0
track_002006,Song 2007,Artist J,94,190499,0,0.5369277959057259,0.48381684959221427,0,-11.716149712933767,0,0.07430256434414868,0.2878339058180719,0.12472985358338552,0.08544290412747986,0.4140638177783061,182.75790010151604,4,1
track_002007,Song 2008,Artist C,90,238353,1,0.6267230006780288,0.8255246449645572,3,-8.05415602725463,1,0.04219416814025785,0.36798431014582306,0.10100362973289245,0.16500001202064948,0.6509212677890527,69.23069122065954,4,1
track_002008,Song 2009,Artist C,20,229660,1,0.5248026233770463,0.7062077572676819,10,-4.004931109833542,0,0.03222910103111165,0.4293135046677085,0.08020031513964583,0.13434857537033135,0.39622186841802176,155.51814994390188,4,0
track_002009,Song 2010,Artist D,23,150956,0,0.7869560671217869,0.656550028412478,4,-4.6070583214888075,0,0.021966979069592146,0.12394751514167089,0.03018840188141261,0.367918163833977,0.5869445190348804,174.886314166558,4,0
track_002010,Song 2011,Artist C,40,207389,0,0.8051242265590074,0.3598927747279889,4,-6.564482870707057,0,0.06864075484584982,0.36927808704489,0.05016026924548495,0.1377965373100007,0.5324623877256492,71.83151796934312,3,0
track_002011,Song 2012,Artist I,37,267712,0,0.7613323459852473,0.5755584253370953,0,-12.42340683004573,0,0.13368392937245865,0.1920826741293579,0.013050262995053305,0.22484607672445694,0.6616212040193024,149.24321567800834,4,0
track_002012,Song 2013,Artist C,92,149553,0,0.5834432815475128,0.7465876152140846,6,-10.386733923064583,1,0.09047678032053016,0.12354307767558463,0.009583066053516184,0.21278964506286563,0.4470903735660741,79.86273158756299,4,1
track_002013,Song 2014,Artist B,44,265227,0,0.6940415043285971,0.7710971401288854,5,-12.309214011177323,0,0.13740398641466225,0.7787754151061002,0.056270555306871195,0.07705069552926572,0.37585709904570136,80.51423073565859,4,0
track_002014,Song 2015,Artist F,46,298674,0,0.40932662985900964,0.5721739809766612,10,-4.596698087049859,1,0.322081506296288,0.5030662118482455,0.08988289577234614,0.23061880008654975,0.43261866307993746,95.56410860953957,4,0
track_002015,Song 2016,Artist G,93,222188,0,0.7760691821701339,0.7204960039996473,6,-13.78940355138367,1,0.16771836825421735,0.029842083730203767,0.09025953576173197,0.29589926102620456,0.23427830962543747,198.84993895000375,4,1
track_002016,Song 2017,Artist C,41,171318,1,0.7856356625477594,0.7780953680755708,0,-12.930987340155173,1,0.04438224501234439,0.29361200446729274,0.10935239737672357,0.2220041504074493,0.6329719143689552,198.0386700828874,4,0
track_002017,Song 2018,Artist E,36,165411,1,0.6808033143951211,0.7178827587667219,2,-9.024032550915166,0,0.15573601816583707,0.2569944292742263,0.042485052738577264,0.43041833806582264,0.37165331939142904,77.67917957068953,4,0
track_002018,Song 2019,Artist H,17,219890,0,0.8084128971610554,0.7598880018718646,11,-12.385796739360801,1,0.127548318508115,0.17661227598883567,0.057217873326282774,0.5106829084177609,0.5369341876523248,111.75681957184325,4,0
track_002019,Song 2020,Artist G,20,147774,0,0.5528383041980209,0.558529910330373,10,-11.364657543645079,1,0.04996713463550218,0.7393661921193977,0.04628901152470714,0.05131786283636755,0.8815428114803476,100.60504322297942,4,0
track_002020,Song 2021,Artist B,84,134864,0,0.8020559294575087,0.788923979852464,5,-3.5898781960228057,0,0.06582130079111927,0.29624331168564183,0.11854693028325679,0.12554348089272635,0.6129855006275021,104.27184049576256,4,1
track_002021,Song 2022,Artist E,94,137305,0,0.903812243670349,0.9735958923017743,8,-7.816025572207824,1,0.02346428073476927,0.26814784934946534,0.05851776879803456,0.04763779734682836,0.6150536409303636,161.64621081259986,4,1
track_002022,Song 2023,Artist I,42,288892,0,0.8528084248566559,0.4239105945077587,2,-4.393550448246787,0,0.2565617051263223,0.5204100554298619,0.07216793499721985,0.14769340089243715,0.7884881095791391,126.00238829126296,4,0
track_002023,Song 2024,Artist A,30,132850,0,0.60792258275982,0.6081738536203751,10,-12.843819625423556,0,0.03123470435788133,0.03540828450128376,0.059415850030267385,0.08968402080243976,0.5032185426347189,133.59684404065646,5,0
track_002024,Song 2025,Artist H,59,147428,1,0.7127892876074042,0.4358496488176668,1,-4.678495892445472,0,0.0013151223558183322,0.21138688359653823,0.011733294174583252,0.34669038251821865,0.27411948978886536,107.55416727291345,4,0
track_002025,Song 2026,Artist E,37,192822,1,0.7630456003961722,0.7790125749279886,11,-8.766687487931184,1,0.07122457392356438,0.17557590424419767,0.03938444900056175,0.4741195957927003,0.2956448099731282,69.7246835150006,4,0
track_002026,Song 2027,Artist G,29,164508,0,0.8379588262539533,0.7079319228341041,5,-7.534791344763098,1,0.1451091873311003,0.17239834996527992,0.08011118324653596,0.051845815175395396,0.46227553460856724,161.2142271606245,4,0
track_002027,Song 2028,Artist G,12,234541,0,0.7072445858246835,0.8052325774539537,6,-4.5864783062470575,1,0.17222254167313597,0.47627824224405835,0.009855763481159309,0.07883516203959903,0.2569523063816859,79.77821149678525,4,0
track_002028,Song 2029,Artist F,22,147048,1,0.8645531708178209,0.7693951699364246,5,-12.182220108736978,1,0.05464619292316239,0.05971540482811374,0.07013686145403425,0.1315654861623321,0.5579062430886029,141.37136585642253,4,0
track_002029,Song 2030,Artist G,17,265597,0,0.9400414167351209,0.9214900873506575,1,-11.97323094202083,1,0.12039798355485977,0.1444067994703513,0.0550155002564218,0.19393649558671142,0.5798899063401856,124.5325614612667,4,0
track_002030,Song 2031,Artist D,26,242416,0,0.6626056273507291,0.8748736549207297,0,-10.960056833213866,0,0.11130252258571445,0.13094713484741413,0.021634616662313012,0.1611882898742317,0.4824354789474614,117.51645426195185,4,0
track_002031,Song 2032,Artist F,96,134287,0,0.8683957954799162,0.6902834882658154,1,-14.457740567422546,1,0.20570084171159234,0.2588061984679473,0.11643738498643577,0.015643000982224025,0.6075159593367222,80.18429058656213,4,1
track_002032,Song 2033,Artist B,21,225251,0,0.6574803460089838,0.931147391461993,3,-4.128918575896357,1,0.14385043913636836,0.4472177332320649,0.22310223933422255,0.013307276782804935,0.5108643637679018,76.60144238228847,4,0
track_002033,Song 2034,Artist D,7,294811,1,0.7376469881191116,0.6198244129155716,6,-8.501644536797105,0,0.031226252329045887,0.3064125637121891,0.01218828470315892,0.1566282385737979,0.3802198432993063,163.63771130616996,4,0
track_002034,Song 2035,Artist E,9,238981,0,0.8884553809559657,0.9452780743735195,1,-7.410228406721215,1,0.08986608818337381,0.4672221652709314,0.05714309389347462,0.054762176720047,0.3998691655328046,139.39303204194908,4,0
track_002035,Song 2036,Artist A,23,134833,1,0.5357776554198271,0.9868904411386289,2,-13.808792911009055,0,0.003667199794284463,0.30536616708602865,0.03157610047518221,0.1615793995080476,0.6167376673360359,72.16915760781237,4,0
track_002036,Song 2037,Artist I,93,161253,0,0.5965128413465988,0.6858456603179605,2,-14.792716160256756,0,0.05904193076649169,0.3406749589395224,0.027628762466146154,0.38625458205899055,0.5341737186862694,182.00693201117298,4,1
track_002037,Song 2038,Artist I,28,207231,1,0.39049964944504706,0.822428753191171,10,-12.792429919073244,0,0.07779714745325146,0.4201262842573131,0.05525922931609785,0.2295418265424321,0.3886499930095941,78.47479377073742,4,0
track_002038,Song 2039,Artist B,15,148949,1,0.9194319615719426,0.5577867377004851,4,-10.836014040510555,0,0.006762459269337329,0.45212426659172356,0.0648504118230011,0.18243969767218265,0.37113285565629356,150.37268805939942,3,0
track_002039,Song 2040,Artist I,94,207941,0,0.8859514486443222,0.7644927533602962,5,-9.02155443750236,1,0.07562609976287443,0.2345838208554363,0.020580375538864305,0.40575508204301575,0.16646263401539904,171.7009239463091,4,1
track_002040,Song 2041,Artist A,32,168181,0,0.6955595787226863,0.8439346983411327,3,-12.84152038023747,0,0.05705286402716988,0.2763501210386859,0.10104969556389382,0.2236337036613362,0.2990861265439092,72.3966898212796,4,0
track_002041,Song 2042,Artist H,59,127322,0,0.5932646241722326,0.2977045252165675,2,-3.8384134920363273,0,0.022073205249118797,0.2936292686984961,0.023146984324127044,0.144049792232481,0.5838899753931751,128.79064321289007,4,0
track_002042,Song 2043,Artist G,27,272852,1,0.4218657678771264,0.9184408853594619,4,-7.706590283923057,1,0.009878701455476075,0.1304100504488014,0.09766412098487358,0.2121815193052548,0.48904979503221463,141.39727745170845,4,0
track_002043,Song 2044,Artist J,22,207983,0,0.8952470707432783,0.9166312594781476,5,-13.193979915507926,1,0.34322505265501835,0.1602317672343034,0.1968307018366283,0.3434385494038009,0.5004395581898354,86.21475436731109,4,0
track_002044,Song 2045,Artist C,22,197665,0,0.707967338175321,0.7040128029048729,5,-7.391249008366266,1,0.03699743690157376,0.15760227011571265,0.19300046753550473,0.3519443273091962,0.3808089439453357,91.63470759262364,4,0
track_002045,Song 2046,Artist H,18,122704,0,0.7649627321598943,0.8972918173645351,6,-7.502774387943985,1,0.2502770772446101,0.27609036121738373,0.01002910583541351,0.040389637763200606,0.6038617111890542,105.71011250743665,4,0
track_002046,Song 2047,Artist D,8,276295,1,0.6829792305520211,0.6156006581422644,4,-14.19776681393382,0,0.03789297025272551,0.008149391563782271,0.11872966620862677,0.05118385270717365,0.40315516005133795,137.92877016010894,4,0
track_002047,Song 2048,Artist B,51,150027,0,0.5102121658879077,0.5787095798613756,6,-14.0349207639666,0,0.06547438338131678,0.3395616878732344,0.10732742139603949,0.05909000853460937,0.608037880041088,130.0585280585275,4,0
track_002048,Song 2049,Artist J,26,272973,1,0.6282036777361993,0.663120354661331,4,-4.0024376453784,0,0.26532566511036554,0.1558945614059905,0.07030133991722803,0.26573895841872097,0.4674273915928239,127.96875940805143,4,0
track_002049,Song 2050,Artist G,12,136515,0,0.36488940789660396,0.36455691193175693,7,-9.384327441896641,1,0.06182111057087651,0.5196226504865357,0.02116848243104029,0.2593705410301723,0.607306132134068,156.49015523390455,4,0
track_002050,Song 2051,Artist F,89,225410,0,0.5603677488016442,0.8132138618840777,1,-11.919029220757666,0,0.0018157266640097616,0.2458046263567514,0.09838785784398932,0.4051568334333617,0.7048510568331752,61.12180058328411,3,1
track_002051,Song 2052,Artist E,5,125060,1,0.47893065153680914,0.7982475330145278,7,-5.669700589319952,1,0.033811399756548156,0.38872014965420526,0.039368641225813225,0.41778134579967363,0.4945020782206124,147.7099565321927,4,0
track_002052,Song 2053,Artist F,31,192168,0,0.8577914510355383,0.6223595978117484,11,-10.278676268333205,0,0.09990254548211547,0.1396697603380001,0.16894284920008062,0.354878446492224,0.719778341615178,99.2340750195032,4,0
track_002053,Song 2054,Artist I,88,139417,1,0.6814988784741318,0.5072931766076143,1,-8.117441655287719,1,0.10269317703896301,0.48744008541960027,0.15337574600332185,0.2512576271955153,0.7600759759101489,141.3593095130384,4,1
track_002054,Song 2055,Artist A,94,131891,0,0.6217705421138086,0.5757623138764644,4,-7.359350449392686,1,0.010486403757820567,0.44574226920418025,0.2643079740892017,0.0561567092061323,0.26644332904658036,157.73830718702257,3,1
track_002055,Song 2056,Artist I,23,231129,1,0.7208904731481818,0.6243302641426317,3,-11.622563611860226,0,0.3617626260168134,0.4443063053564478,0.08337928687920969,0.27122654087659354,0.40687772925014115,122.95294015504044,4,0
track_002056,Song 2057,Artist I,9,293933,1,0.554526932461159,0.9170467501727987,7,-11.593204961823142,0,0.05421589033707843,0.6203829818742854,0.20458873993452031,0.04414026145679025,0.3694376905193536,83.70383138814631,4,0
track_002057,Song 2058,Artist F,31,161472,1,0.8388277389729977,0.8852388614583777,2,-10.88429274999077,0,0.15749026057966273,0.39117350572766313,0.11579256349770976,0.12057365696779955,0.21119991126731394,196.91247987574752,3,0
track_002058,Song 2059,Artist J,83,190030,1,0.9225096486853026,0.6559131152479608,3,-4.217917699401621,1,0.17561596029655505,0.22435447723867422,0.12580579296223557,0.1376774977663246,0.6387527582926292,156.4341754312208,4,1
track_002059,Song 2060,Artist G,18,155980,0,0.6086174239049473,0.7288848423619293,6,-11.00564876323276,0,0.11934442212864249,0.14424765554958507,0.07973494132834767,0.28425618357268234,0.549804917559105,132.27696480468836,4,0
track_002060,Song 2061,Artist C,25,239947,0,0.9612876622493302,0.790381707747596,5,-9.261362600155552,0,0.09209932320149262,0.2320236224147269,0.020571810379430046,0.21967477522892723,0.36180007842436085,143.2306396575466,4,0
track_002061,Song 2062,Artist H,93,186250,0,0.7082247742758584,0.9268408280522141,7,-6.665473840575814,0,0.18043488307153763,0.7044197696679839,0.05023649591350132,0.09724679937593317,0.6088015306853897,103.74480096650926,4,1
track_002062,Song 2063,Artist A,94,205898,1,0.7176532050899745,0.23638509591812681,1,-4.523833235421751,1,0.08167988454446348,0.38540972144643393,0.06207822042592996,0.09480034216911429,0.6687952465166158,83.45166704841267,4,1
track_002063,Song 2064,Artist D,30,130273,0,0.7003276586368321,0.882809190304233,6,-9.615095727248022,1,0.18145765074005246,0.3567691183245397,0.05181286757618042,0.10640490323406832,0.38987753590388324,151.63218794478712,4,0
track_002064,Song 2065,Artist E,12,196939,0,0.5825577898181553,0.6705738586074381,6,-12.694727619564876,0,0.1295020383963662,0.2958547373592592,0.05848379379990866,0.1812514893083664,0.5980752232642748,176.11704286682271,4,0
track_002065,Song 2066,Artist I,6,159215,0,0.6423165170338092,0.6921463519912212,4,-8.307453520607677,1,0.11833406926310373,0.08084308640304555,0.10708689199142081,0.333120635902471,0.5553432466521755,136.15527288809844,4,0
track_002066,Song 2067,Artist H,6,260586,1,0.9779489490920312,0.8003136571210098,7,-6.49931402644582,1,0.0875817826349141,0.06839864257792128,0.10023732136391487,0.4618326022747858,0.5467359918235859,157.05910657962488,4,0
track_002067,Song 2068,Artist F,10,144225,1,0.9668151514909967,0.8719880800086226,9,-9.420993286783018,1,0.16074432593669968,0.27600141128185934,0.0064071982947243545,0.14635169180021246,0.262780703706002,83.04712236410992,4,0
track_002068,Song 2069,Artist C,92,244387,0,0.6313675651611872,0.5632482827766656,7,-4.16396829423477,1,0.06727156827089303,0.5076346016195091,0.24537319439437202,0.04656496647945733,0.6878708399180035,194.8600225906534,4,1
track_002069,Song 2070,Artist B,28,161999,0,0.8149050451349936,0.8019115747671687,6,-10.99687157160062,0,0.040883617635410645,0.37554356241279674,0.10890515346675651,0.00237698097404008,0.5405830086597254,128.6171558917412,4,0
track_002070,Song 2071,Artist G,28,182678,0,0.8826049096471461,0.7630196585028131,7,-4.242898445865883,0,0.26234273826443444,0.44404606322652684,0.1901729661412998,0.1968237154746479,0.40112347026574363,171.86192272550005,4,0
track_002071,Song 2072,Artist G,80,133133,0,0.6569965195611469,0.6819401859499827,10,-6.2577833563219905,0,0.05116323564042632,0.3809199350277491,0.24245422393034177,0.13257404292549066,0.4222388032158157,152.3030890538857,4,1
track_002072,Song 2073,Artist I,19,194681,0,0.7359700993763505,0.8057981182343134,0,-13.914056949867899,0,0.1373948637753019,0.4661611608485055,0.1290566411499367,0.2317406095406718,0.4309902386611103,113.9586576778901,4,0
track_002073,Song 2074,Artist I,16,132521,0,0.5626368676022907,0.8478343532844179,0,-7.164075842768144,1,0.017701667726544423,0.7568927025800261,0.11466243680761717,0.06523391756477832,0.4589483622646838,154.56167703214265,4,0
track_002074,Song 2075,Artist B,4,127202,0,0.5676663683495687,0.8082556701844181,2,-13.819052489110518,0,0.09845635585730204,0.5005009565758367,0.12664840423450435,0.03915904438538635,0.527721511293586,66.91284019029855,4,0
track_002075,Song 2076,Artist C,83,165692,0,0.9624440061452842,0.44870741558529476,0,-6.144913289326926,1,0.0724997112474765,0.1858416391234351,0.31406652607377317,0.20269609724707766,0.5494872700409891,177.7577346071979,4,1
track_002076,Song 2077,Artist I,82,151001,0,0.6201401726473784,0.7802080332776032,1,-3.948977995397355,0,0.18948449486688299,0.144448612192747,0.026990367002644292,0.09572339826826601,0.5809892484081204,82.90550986481205,4,1
track_002077,Song 2078,Artist F,7,176492,0,0.9097995599532047,0.5793884830743462,0,-7.900591545125934,1,0.08665780556293545,0.6634470805666185,0.0018626585912904846,0.15400502521795045,0.7814800200765178,194.18452074913117,4,0
track_002078,Song 2079,Artist A,86,132170,0,0.7043068657800987,0.4212022818182485,6,-3.307286459968102,1,0.2782291444144698,0.554165444192519,0.26186938133095217,0.3112481442585579,0.4882012263635292,125.52679700800692,4,1
track_002079,Song 2080,Artist J,94,260978,0,0.8573615821898334,0.6760139872250763,6,-6.332595128548165,0,0.1691354473759734,0.3319199141325157,0.18864438386324958,0.08930125126664516,0.6132363661212453,81.41000396098839,4,1
track_002080,Song 2081,Artist H,10,221101,0,0.6609530093882535,0.9108317257571301,11,-7.930268509824605,1,0.23949943258586934,0.25275130337402446,0.018444738835115448,0.32519779191746445,0.6444600801127628,98.99137747818806,4,0
track_002081,Song 2082,Artist G,12,214426,0,0.854474055173327,0.8597099822938707,7,-14.421912270919936,1,0.24018778893316323,0.1671984028706633,0.016159966025134892,0.12190178464486556,0.5358212472010411,181.80699934678665,4,0
track_002082,Song 2083,Artist J,12,192928,0,0.22023721835383625,0.7907459128633472,3,-4.5049036739163935,1,0.0059891627600303894,0.16046663519262458,0.009784297249532989,0.08958452516457864,0.24598545353599008,60.32860937912912,4,0
track_002083,Song 2084,Artist I,94,263004,0,0.5734203267600811,0.6920188795115844,7,-8.91110631637012,0,0.08683944537761448,0.42046220417977154,0.10508710881396831,0.3887291679652558,0.5414524915575298,105.5181750430734,4,1
track_002084,Song 2085,Artist B,29,192944,0,0.8337043882120405,0.7981008268124669,2,-14.782433449643829,0,0.12784209005524463,0.24759255506127495,0.23182615527917233,0.3375608021381806,0.2780537868980257,84.40238728681607,4,0
track_002085,Song 2086,Artist B,23,256850,1,0.8299447160230359,0.9008509973341255,7,-14.751919813500843,1,0.11226599979339878,0.10743588083319634,0.10335050660209733,0.11180897837986621,0.23045109729240076,141.05508297263296,4,0
track_002086,Song 2087,Artist F,12,163352,0,0.5700108036532743,0.832715431069831,3,-14.283345574135634,1,0.08027243737472395,0.25378934498003136,0.0977893481268831,0.10856648685587028,0.31020623472893827,123.14556668631195,4,0
track_002087,Song 2088,Artist F,24,211931,0,0.5029384816511494,0.8929160282692219,0,-8.733831480239626,0,0.16189706829803902,0.17677402304517661,0.06965456622253832,0.37850139198145555,0.6867710580671567,79.98702986440281,4,0
track_002088,Song 2089,Artist G,85,252714,0,0.5615920890949225,0.5407656382794046,2,-8.218704356553435,1,0.21847950805704686,0.42554517447888707,0.17846203896754606,0.2971368290573948,0.5426320630811271,166.46011037214976,4,1
track_002089,Song 2090,Artist J,9,170375,1,0.4647023410072148,0.8505011654926024,3,-12.3361588728174,0,0.03146610144260013,0.10960018825226572,0.03365892482014088,0.5084118631386466,0.5748592517868173,187.41659420616833,4,0
track_002090,Song 2091,Artist F,40,262305,0,0.6481823192592193,0.8094105151348367,7,-14.157854695842591,0,0.16475193266487537,0.3833996430998975,0.019890015502178414,0.4995056386245968,0.38101292360320216,135.0361021565125,4,0
track_002091,Song 2092,Artist J,21,139465,0,0.7552486755297322,0.6871661616977162,6,-10.33908361002231,0,0.01755667920808108,0.618825943972376,0.09492452278199712,0.003072630550782824,0.38260252221418456,91.17990851323711,4,0
track_002092,Song 2093,Artist H,14,141310,0,0.8194318024705383,0.5801562412750719,0,-4.855824209187103,0,0.01725089971162954,0.12766487269717153,0.13303570195924397,0.315485118639026,0.6727006913305129,150.015631770916,3,0
track_002093,Song 2094,Artist E,7,263914,0,0.5093179221548897,0.9502226998650252,8,-11.611221962968276,0,0.07176165813566472,0.10422958511210445,0.16737016014561504,0.057227749721776085,0.45368825876637914,193.26492310944818,4,0
track_002094,Song 2095,Artist A,80,258498,0,0.7172013620340933,0.7087903558951817,3,-14.534720606887422,1,0.16944168971452642,0.7891932458711803,0.11751437591929627,0.24588898019551367,0.23977362791621049,167.61031921650803,4,1
track_002095,Song 2096,Artist C,8,142623,0,0.8140277456064469,0.874642730249372,4,-13.58201496033769,0,0.2579551600580561,0.033625866541257626,0.01193314683211072,0.09839025816683743,0.43381013181962647,144.04559811346996,4,0
track_002096,Song 2097,Artist C,94,297011,1,0.46321494359704396,0.5526918796628864,8,-14.026368084952658,0,0.02315182908232121,0.24540523686753954,0.05752211603415412,0.026149275146800842,0.6635366907455041,118.80683686465918,3,1
track_002097,Song 2098,Artist G,31,262081,0,0.7857238191878888,0.829558797484251,2,-10.327124240245606,0,0.1885779816830225,0.5073729577728717,0.05439706774954576,0.39667839236144875,0.3681271941220678,122.7401706638594,4,0
track_002098,Song 2099,Artist I,16,160225,0,0.736449348602229,0.7398517851780747,11,-7.727742341426458,0,0.11554390689593237,0.29378207576943494,0.006563637653020245,0.20904969582767913,0.4850357183089438,156.255861281618,4,0
track_002099,Song 2100,Artist A,30,146823,1,0.8937222556371929,0.7021845722585796,9,-11.344199062575015,0,0.02095260051003188,0.1777979869959715,0.11283208181402839,0.47068882831183656,0.5120720629560416,152.32240313622225,4,0
